Nr,Company,Location_HQ,Region,USState,Country,Continent,Laid_Off,Date_layoffs,Percentage,Company_Size_before_Layoffs,Company_Size_after_layoffs,Industry,Stage,Money_Raised_in__mil,Year,latitude,longitude
1,Tamara Mellon,Los Angeles,other,California,USA,North America,20.0,2020-03-12,40.0,50.0,30.0,Retail,Series C,90.0,2020,34.0536909,-118.242766
2,HopSkipDrive,Los Angeles,other,California,USA,North America,8.0,2020-03-13,10.0,80.0,72.0,Transportation,Unknown,45.0,2020,34.0536909,-118.242766
3,Panda Squad,San Francisco,San Francisco Bay Area,California,USA,North America,6.0,2020-03-13,75.0,8.0,2.0,Consumer,Seed,1.0,2020,37.7792588,-122.4193286
4,Help.com,Austin,other,Texas,USA,North America,16.0,2020-03-16,100.0,16.0,0.0,Support,Seed,6.0,2020,30.2711286,-97.7436995
5,Inspirato,Denver,other,Colorado,USA,North America,130.0,2020-03-16,22.0,591.0,461.0,Travel,Series C,79.0,2020,39.7392364,-104.984862
6,Flytedesk,Boulder,other,Colorado,USA,North America,4.0,2020-03-18,20.0,20.0,16.0,Marketing,Seed,4.0,2020,40.0149856,-105.270545
7,Remote Year,Chicago,other,Illinois,USA,North America,50.0,2020-03-19,50.0,100.0,50.0,Travel,Series B,17.0,2020,41.8755616,-87.6244212
8,Flywheel Sports,New York City,other,New York,USA,North America,784.0,2020-03-20,98.0,800.0,16.0,Fitness,Acquired,120.0,2020,40.7127281,-74.0060152
9,CTO.ai,Vancouver,Cascadia,British Columbia,Canada,North America,30.0,2020-03-20,50.0,60.0,30.0,Infrastructure,Seed,7.0,2020,49.2608724,-123.113952
10,Triplebyte,San Francisco,San Francisco Bay Area,California,USA,North America,15.0,2020-03-23,17.0,88.0,73.0,HR,Series B,48.0,2020,37.7792588,-122.4193286
11,Compass,New York City,other,New York,USA,North America,375.0,2020-03-23,15.0,2500.0,2125.0,Real Estate,Series G,1600.0,2020,40.7127281,-74.0060152
12,Convene,New York City,other,New York,USA,North America,150.0,2020-03-23,18.0,833.0,683.0,Real Estate,Series D,280.0,2020,40.7127281,-74.0060152
13,GrayMeta,Los Angeles,other,California,USA,North America,20.0,2020-03-23,40.0,50.0,30.0,Data,Unknown,7.0,2020,34.0536909,-118.242766
14,Ladder Life,Palo Alto,San Francisco Bay Area,California,USA,North America,13.0,2020-03-23,25.0,52.0,39.0,Finance,Series C,94.0,2020,37.4443293,-122.1598465
15,Leafly,Seattle,Cascadia,Washington,USA,North America,91.0,2020-03-23,50.0,182.0,91.0,Retail,Acquired,2.0,2020,47.6038321,-122.330062
16,The Guild,Austin,other,Texas,USA,North America,38.0,2020-03-23,22.0,173.0,135.0,Travel,Series B,36.0,2020,30.2711286,-97.7436995
17,Zeus Living,San Francisco,San Francisco Bay Area,California,USA,North America,80.0,2020-03-24,30.0,267.0,187.0,Real Estate,Series B,79.0,2020,37.7792588,-122.4193286
18,Sonder,San Francisco,San Francisco Bay Area,California,USA,North America,400.0,2020-03-24,33.0,1212.0,812.0,Travel,Series D,359.0,2020,37.7792588,-122.4193286
19,Foodsby,Minneapolis,other,Minnesota,USA,North America,87.0,2020-03-24,67.0,130.0,43.0,Food,Series B,20.0,2020,44.9772995,-93.2654692
20,Jama,Portland,Cascadia,Oregon,USA,North America,12.0,2020-03-25,5.0,240.0,228.0,Product,Unknown,233.0,2020,45.5202471,-122.674194
21,OutboundEngine,Austin,other,Texas,USA,North America,52.0,2020-03-25,28.0,186.0,134.0,Marketing,Series C,48.0,2020,30.2711286,-97.7436995
22,Overtime,New York City,other,New York,USA,North America,30.0,2020-03-25,23.0,130.0,100.0,Media,Series B,35.0,2020,40.7127281,-74.0060152
23,TripActions,Palo Alto,San Francisco Bay Area,California,USA,North America,300.0,2020-03-25,25.0,1200.0,900.0,Travel,Series D,,2020,37.4443293,-122.1598465
24,WanderJaunt,San Francisco,San Francisco Bay Area,California,USA,North America,56.0,2020-03-25,23.0,243.0,187.0,Travel,Series B,26.0,2020,37.7792588,-122.4193286
25,Wonderschool,San Francisco,San Francisco Bay Area,California,USA,North America,50.0,2020-03-25,75.0,67.0,17.0,Education,Series A,24.0,2020,37.7792588,-122.4193286
26,Puppet,Portland,Cascadia,Oregon,USA,North America,50.0,2020-03-26,10.0,500.0,450.0,Infrastructure,Series F,149.0,2020,45.5202471,-122.674194
27,Peerspace,San Francisco,San Francisco Bay Area,California,USA,North America,41.0,2020-03-26,75.0,55.0,14.0,Real Estate,Series B,34.0,2020,37.7792588,-122.4193286
28,GoSpotCheck,Denver,other,Colorado,USA,North America,23.0,2020-03-26,20.0,115.0,92.0,Retail,Series B,47.0,2020,39.7392364,-104.984862
29,Consider.co,Mountain View,San Francisco Bay Area,California,USA,North America,13.0,2020-03-26,100.0,13.0,0.0,Other,Seed,5.0,2020,37.3893889,-122.0832101
30,B8ta,San Francisco,San Francisco Bay Area,California,USA,North America,250.0,2020-03-26,50.0,500.0,250.0,Retail,Series C,88.0,2020,37.7792588,-122.4193286
31,Ecobee,Toronto,other,Ontario,Canada,North America,47.0,2020-03-26,10.0,470.0,423.0,Energy,Series C,149.0,2020,43.6534817,-79.3839347
32,Knotel,New York City,other,New York,USA,North America,127.0,2020-03-27,30.0,423.0,296.0,Real Estate,Series C,560.0,2020,40.7127281,-74.0060152
33,Zipcar,Boston,other,Massachusetts,USA,North America,100.0,2020-03-27,20.0,500.0,400.0,Transportation,Acquired,107.0,2020,42.3554334,-71.060511
34,Textio,Seattle,Cascadia,Washington,USA,North America,30.0,2020-03-27,20.0,150.0,120.0,HR,Unknown,41.0,2020,47.6038321,-122.330062
35,OneWeb,London,other,England,UK,Europe,451.0,2020-03-27,85.0,531.0,80.0,Aerospace,Unknown,,2020,51.4893335,-0.144055085
36,HOOQ,Singapore,other,non,Singapore,Asia,250.0,2020-03-27,100.0,250.0,0.0,Consumer,Unknown,95.0,2020,1.2899175,103.8519072
37,Mogo,Vancouver,Cascadia,British Columbia,Canada,North America,78.0,2020-03-27,30.0,260.0,182.0,Finance,Post-IPO,201.0,2020,49.2608724,-123.113952
38,DataRobot,Boston,other,Massachusetts,USA,North America,200.0,2020-03-27,16.7,1200.0,1000.0,Data,Series E,430.0,2020,42.3554334,-71.060511
39,Bench,Vancouver,Cascadia,British Columbia,Canada,North America,47.0,2020-03-27,10.0,470.0,423.0,Finance,Series B,49.0,2020,49.2608724,-123.113952
40,Bevi,Boston,other,Massachusetts,USA,North America,30.0,2020-03-27,20.0,150.0,120.0,Food,Series C,60.0,2020,42.3554334,-71.060511
41,Getaround,San Francisco,San Francisco Bay Area,California,USA,North America,100.0,2020-03-27,25.0,400.0,300.0,Transportation,Series D,403.0,2020,37.7792588,-122.4193286
42,Blueground,New York City,other,New York,USA,North America,130.0,2020-03-27,25.0,520.0,390.0,Real Estate,Series B,77.0,2020,40.7127281,-74.0060152
43,Bird,Los Angeles,other,California,USA,North America,406.0,2020-03-27,30.0,1353.0,947.0,Transportation,Series D,623.0,2020,34.0536909,-118.242766
44,TravelTriangle,Gurugram,other,Haryana,India,Asia,250.0,2020-03-28,50.0,500.0,250.0,Travel,Series D,47.0,2020,28.4646148,77.0299194
45,Amplero,Seattle,Cascadia,Washington,USA,North America,17.0,2020-03-29,100.0,17.0,0.0,Marketing,Series B,25.0,2020,47.6038321,-122.330062
46,ZipRecruiter,Los Angeles,other,California,USA,North America,400.0,2020-03-29,39.0,1026.0,626.0,HR,Series B,219.0,2020,34.0536909,-118.242766
47,Hibob,Tel Aviv,other,non,Israel,Asia,70.0,2020-03-30,30.0,233.0,163.0,HR,Series A,45.0,2020,32.0852997,34.7818064
48,Iris Nova,New York City,other,New York,USA,North America,9.0,2020-03-30,50.0,18.0,9.0,Food,Seed,15.0,2020,40.7127281,-74.0060152
49,Loftsmart,New York City,other,New York,USA,North America,25.0,2020-03-30,75.0,33.0,8.0,Real Estate,Series A,18.0,2020,40.7127281,-74.0060152
50,Maven,Seattle,Cascadia,Washington,USA,North America,31.0,2020-03-30,9.0,344.0,313.0,Media,Post-IPO,77.0,2020,47.6038321,-122.330062
51,PeerStreet,Los Angeles,other,California,USA,North America,51.0,2020-03-30,30.0,170.0,119.0,Finance,Series C,110.0,2020,34.0536909,-118.242766
52,RigUp,Austin,other,Texas,USA,North America,120.0,2020-03-30,25.0,480.0,360.0,Energy,Series D,423.0,2020,30.2711286,-97.7436995
53,Thumbtack,San Francisco,San Francisco Bay Area,California,USA,North America,250.0,2020-03-30,30.0,833.0,583.0,Consumer,Series F,423.0,2020,37.7792588,-122.4193286
54,FabHotels,New Delhi,other,Delhi,India,Asia,80.0,2020-03-30,20.0,400.0,320.0,Travel,Series B,48.0,2020,28.6138954,77.2090057
55,Zenoti,Seattle,Cascadia,Washington,USA,North America,17.0,2020-03-31,4.0,425.0,408.0,Fitness,Series C,91.0,2020,47.6038321,-122.330062
56,Turo,San Francisco,San Francisco Bay Area,California,USA,North America,108.0,2020-03-31,30.0,360.0,252.0,Transportation,Series E,467.0,2020,37.7792588,-122.4193286
57,uShip,Austin,other,Texas,USA,North America,65.0,2020-03-31,37.0,176.0,111.0,Logistics,Series D,69.0,2020,30.2711286,-97.7436995
58,Rover,Seattle,Cascadia,Washington,USA,North America,194.0,2020-03-31,41.0,473.0,279.0,Consumer,Series G,310.0,2020,47.6038321,-122.330062
59,DialSource,Sacramento,other,California,USA,North America,5.0,2020-03-31,14.0,36.0,31.0,Marketing,Series B,26.0,2020,38.5810606,-121.493895
60,AdRoll,Salt Lake City,other,Utah,USA,North America,210.0,2020-03-31,30.0,700.0,490.0,Marketing,Series C,89.0,2020,40.7596198,-111.886797
61,KeepTruckin,San Francisco,San Francisco Bay Area,California,USA,North America,349.0,2020-03-31,18.0,1939.0,1590.0,Logistics,Series D,227.0,2020,37.7792588,-122.4193286
62,Wonolo,San Francisco,San Francisco Bay Area,California,USA,North America,46.0,2020-04-01,13.0,354.0,308.0,HR,Series C,52.0,2020,37.7792588,-122.4193286
63,Usermind,Seattle,Cascadia,Washington,USA,North America,15.0,2020-04-01,25.0,60.0,45.0,Marketing,Series C,46.0,2020,47.6038321,-122.330062
64,Showpad,Chicago,other,Illinois,USA,North America,52.0,2020-04-01,12.0,433.0,381.0,Marketing,Series D,159.0,2020,41.8755616,-87.6244212
65,PatientPop,Los Angeles,other,California,USA,North America,100.0,2020-04-01,20.0,500.0,400.0,Healthcare,Series B,75.0,2020,34.0536909,-118.242766
66,Incredible Health,San Francisco,San Francisco Bay Area,California,USA,North America,9.0,2020-04-01,40.0,23.0,14.0,Healthcare,Series A,15.0,2020,37.7792588,-122.4193286
67,Sensibill,Toronto,other,Ontario,Canada,North America,17.0,2020-04-01,20.0,85.0,68.0,Finance,Series B,50.0,2020,43.6534817,-79.3839347
68,Earnin,Palo Alto,San Francisco Bay Area,California,USA,North America,50.0,2020-04-01,20.0,250.0,200.0,Finance,Series C,190.0,2020,37.4443293,-122.1598465
69,Crayon,Boston,other,Massachusetts,USA,North America,20.0,2020-04-01,20.0,100.0,80.0,Marketing,Series A,16.0,2020,42.3554334,-71.060511
70,Aqua Security,Tel Aviv,other,non,Israel,Asia,24.0,2020-04-01,9.0,267.0,243.0,Security,Series C,100.0,2020,32.0852997,34.7818064
71,Acko,Mumbai,other,Maharashtra,India,Asia,45.0,2020-04-01,9.0,500.0,455.0,Finance,Unknown,143.0,2024,19.0785451,72.878176
72,Highsnobiety,Berlin,other,Berlin,Germany,Europe,51.0,2020-04-01,25.0,204.0,153.0,Media,Series A,9.0,2020,52.5170365,13.3888599
73,MindBody,San Luis Obispo,other,California,USA,North America,700.0,2020-04-02,35.0,2000.0,1300.0,Fitness,Post-IPO,114.0,2020,35.3540209,-120.375716
74,TripleLift,New York City,other,New York,USA,North America,23.0,2020-04-02,7.0,329.0,306.0,Marketing,Series B,16.0,2020,40.7127281,-74.0060152
75,ThirdLove,San Francisco,San Francisco Bay Area,California,USA,North America,65.0,2020-04-02,30.0,217.0,152.0,Retail,Series B,68.0,2020,37.7792588,-122.4193286
76,The Predictive Investment,Boston,other,Massachusetts,USA,North America,59.0,2020-04-02,25.0,236.0,177.0,HR,Acquired,65.0,2020,42.3554334,-71.060511
77,Synergysuite,Salt Lake City,other,Utah,USA,North America,5.0,2020-04-02,7.0,71.0,66.0,Food,Series A,6.0,2020,40.7596198,-111.886797
78,Sauce Labs,San Francisco,San Francisco Bay Area,California,USA,North America,30.0,2020-04-02,15.0,200.0,170.0,Infrastructure,Unknown,151.0,2020,37.7792588,-122.4193286
79,Katerra,Menlo Park,San Francisco Bay Area,California,USA,North America,240.0,2020-04-02,3.0,8000.0,7760.0,Construction,Series D,1200.0,2020,37.4519671,-122.177992
80,Ritual,Toronto,other,Ontario,Canada,North America,196.0,2020-04-02,54.0,363.0,167.0,Food,Series C,112.0,2020,43.6534817,-79.3839347
81,Instamojo,Bengaluru,other,Karnataka,India,Asia,6.0,2020-04-02,6.0,100.0,94.0,Finance,Unknown,8.0,2020,12.98815675,77.62260004
82,1stdibs,New York City,other,New York,USA,North America,70.0,2020-04-02,17.0,412.0,342.0,Retail,Series D,253.0,2020,40.7127281,-74.0060152
83,ClassPass,New York City,other,New York,USA,North America,154.0,2020-04-02,22.0,700.0,546.0,Fitness,Series E,549.0,2020,40.7127281,-74.0060152
84,Coding Dojo,Seattle,Cascadia,Washington,USA,North America,7.0,2020-04-02,7.0,100.0,93.0,Education,Unknown,2.0,2020,47.6038321,-122.330062
85,Jobcase,Boston,other,Massachusetts,USA,North America,39.0,2020-04-02,20.0,195.0,156.0,HR,Private Equity,118.0,2020,42.3554334,-71.060511
86,eGym,Munich,other,Bayern,Germany,Europe,100.0,2020-04-02,25.0,400.0,300.0,Fitness,Series D,109.0,2020,48.1371079,11.5753822
87,Industrious,New York City,other,New York,USA,North America,90.0,2020-04-02,20.0,450.0,360.0,Real Estate,Series D,222.0,2020,40.7127281,-74.0060152
88,Dynamic Signal,San Bruno,San Francisco Bay Area,California,USA,North America,35.0,2020-04-02,19.0,184.0,149.0,HR,Series E,114.0,2020,37.6248536,-122.4145986
89,Arrive Logistics,Austin,other,Texas,USA,North America,75.0,2020-04-03,7.0,1071.0,996.0,Logistics,Series B,35.0,2020,30.2711286,-97.7436995
90,Bustle Digital Group,New York City,other,New York,USA,North America,24.0,2020-04-03,8.0,300.0,276.0,Media,Series E,80.0,2020,40.7127281,-74.0060152
91,D2iQ,San Francisco,San Francisco Bay Area,California,USA,North America,34.0,2020-04-03,13.0,262.0,228.0,Infrastructure,Series D,247.0,2020,37.7792588,-122.4193286
92,Gympass,Sao Paulo,other,State of São Paulo,Brazil,South America,467.0,2020-04-03,33.0,1415.0,948.0,Fitness,Series D,300.0,2020,-23.5506507,-46.6333824
93,Jetty,New York City,other,New York,USA,North America,35.0,2020-04-03,40.0,88.0,53.0,Finance,Series B,40.0,2020,40.7127281,-74.0060152
94,Opencare,Toronto,other,Ontario,Canada,North America,18.0,2020-04-03,25.0,72.0,54.0,Healthcare,Series A,24.0,2020,43.6534817,-79.3839347
95,Salsify,Boston,other,Massachusetts,USA,North America,60.0,2020-04-03,13.0,462.0,402.0,Retail,Series D,97.0,2020,42.3554334,-71.060511
96,Sojern,San Francisco,San Francisco Bay Area,California,USA,North America,300.0,2020-04-03,50.0,600.0,300.0,Marketing,Series D,162.0,2020,37.7792588,-122.4193286
97,Minted,San Francisco,San Francisco Bay Area,California,USA,North America,147.0,2020-04-03,37.0,397.0,250.0,Retail,Series E,297.0,2020,37.7792588,-122.4193286
98,Iflix,Kuala Lumpur,other,non,Malaysia,Asia,50.0,2020-04-04,12.0,417.0,367.0,Consumer,Unknown,348.0,2020,3.1516964,101.6942371
99,Astra,Alameda,San Francisco Bay Area,California,USA,North America,40.0,2020-04-05,25.0,160.0,120.0,Aerospace,Unknown,100.0,2020,37.6090291,-121.899142
100,PerkSpot,Chicago,other,Illinois,USA,North America,10.0,2020-04-06,10.0,100.0,90.0,HR,Private Equity,50.0,2020,41.8755616,-87.6244212
101,Rock Content,Belo Horizonte,other,State of Minas Gerais,Brazil,South America,100.0,2020-04-06,20.0,500.0,400.0,Marketing,Series A,1.0,2020,-19.9227318,-43.9450948
102,Wordstream,Boston,other,Massachusetts,USA,North America,26.0,2020-04-06,10.0,260.0,234.0,Marketing,Acquired,28.0,2020,42.3554334,-71.060511
103,Metromile,San Francisco,San Francisco Bay Area,California,USA,North America,100.0,2020-04-06,33.0,303.0,203.0,Finance,Series E,293.0,2020,37.7792588,-122.4193286
104,BusBud,Montreal,other,Quebec,Canada,North America,23.0,2020-04-06,32.0,72.0,49.0,Transportation,Series B,21.0,2020,45.5031824,-73.5698065
105,Cogito,Boston,other,Massachusetts,USA,North America,24.0,2020-04-06,14.0,171.0,147.0,Support,Series C,92.0,2020,42.3554334,-71.060511
106,BounceX,New York City,other,New York,USA,North America,77.0,2020-04-06,20.0,385.0,308.0,Marketing,Series B,75.0,2020,40.7127281,-74.0060152
107,Borrowell,Toronto,other,Ontario,Canada,North America,15.0,2020-04-06,20.0,75.0,60.0,Finance,Series B,72.0,2020,43.6534817,-79.3839347
108,Away,New York City,other,New York,USA,North America,60.0,2020-04-07,10.0,600.0,540.0,Retail,Series D,181.0,2020,40.7127281,-74.0060152
109,Branch Metrics,Palo Alto,San Francisco Bay Area,California,USA,North America,100.0,2020-04-07,20.0,500.0,400.0,Marketing,Series E,367.0,2020,37.4443293,-122.1598465
110,ezCater,Boston,other,Massachusetts,USA,North America,400.0,2020-04-07,44.0,909.0,509.0,Food,Series D,319.0,2020,42.3554334,-71.060511
111,Group Nine Media,New York City,other,New York,USA,North America,50.0,2020-04-07,7.0,714.0,664.0,Media,Unknown,190.0,2020,40.7127281,-74.0060152
112,Ibotta,Denver,other,Colorado,USA,North America,87.0,2020-04-07,15.0,580.0,493.0,Retail,Series D,85.0,2020,39.7392364,-104.984862
113,Redfin,Seattle,Cascadia,Washington,USA,North America,236.0,2020-04-07,7.0,3371.0,3135.0,Real Estate,Post-IPO,319.0,2020,47.6038321,-122.330062
114,Sage Therapeutics,Boston,other,Massachusetts,USA,North America,340.0,2020-04-07,53.0,642.0,302.0,Healthcare,Post-IPO,438.0,2020,42.3554334,-71.060511
115,Toast,Boston,other,Massachusetts,USA,North America,1300.0,2020-04-07,50.0,2600.0,1300.0,Food,Series F,902.0,2020,42.3554334,-71.060511
116,MediaMath,New York City,other,New York,USA,North America,53.0,2020-04-07,8.0,663.0,610.0,Marketing,Private Equity,607.0,2020,40.7127281,-74.0060152
117,VideoAmp,Los Angeles,other,California,USA,North America,21.0,2020-04-08,10.0,210.0,189.0,Marketing,Series C,106.0,2020,34.0536909,-118.242766
118,Quantcast,San Francisco,San Francisco Bay Area,California,USA,North America,30.0,2020-04-08,5.0,600.0,570.0,Marketing,Series C,65.0,2020,37.7792588,-122.4193286
119,Unison,San Francisco,San Francisco Bay Area,California,USA,North America,89.0,2020-04-08,45.0,198.0,109.0,Finance,Series B,40.0,2020,37.7792588,-122.4193286
120,Unbabel,Lisbon,other,non,Portugal,Europe,80.0,2020-04-08,35.0,229.0,149.0,Support,Series C,91.0,2020,38.7077507,-9.1365919
121,Spyce,Boston,other,Massachusetts,USA,North America,4.0,2020-04-08,12.0,33.0,29.0,Food,Series A,26.0,2020,42.3554334,-71.060511
122,Scoop,San Francisco,San Francisco Bay Area,California,USA,North America,92.0,2020-04-08,33.0,279.0,187.0,Transportation,Series C,95.0,2020,37.7792588,-122.4193286
123,Meesho,Bengaluru,other,Karnataka,India,Asia,200.0,2020-04-08,28.0,714.0,514.0,Retail,Series D,215.0,2020,12.98815675,77.62260004
124,Kenoby,Sao Paulo,other,State of São Paulo,Brazil,South America,18.0,2020-04-08,16.0,113.0,95.0,HR,Unknown,23.0,2020,-23.5506507,-46.6333824
125,Button,New York City,other,New York,USA,North America,48.0,2020-04-08,35.0,137.0,89.0,Marketing,Series C,64.0,2020,40.7127281,-74.0060152
126,Eden / Managed …,New York City,other,New York,USA,North America,40.0,2020-04-08,40.0,100.0,60.0,Real Estate,Series B,40.0,2020,40.7127281,-74.0060152
127,Lever,San Francisco,San Francisco Bay Area,California,USA,North America,86.0,2020-04-08,40.0,215.0,129.0,HR,Series C,72.0,2020,37.7792588,-122.4193286
128,GetNinjas,Sao Paulo,other,State of São Paulo,Brazil,South America,11.0,2020-04-08,10.0,110.0,99.0,Consumer,Series B,16.0,2020,-23.5506507,-46.6333824
129,Eventbrite,San Francisco,San Francisco Bay Area,California,USA,North America,500.0,2020-04-08,45.0,1111.0,611.0,Consumer,Post-IPO,332.0,2020,37.7792588,-122.4193286
130,Yelp,San Francisco,San Francisco Bay Area,California,USA,North America,1000.0,2020-04-09,17.0,5882.0,4882.0,Consumer,Post-IPO,56.0,2020,37.7792588,-122.4193286
131,OneTrust,Atlanta,other,Georgia,USA,North America,150.0,2020-04-09,10.0,1500.0,1350.0,Legal,Series B,410.0,2020,33.7489924,-84.3902644
132,Mejuri,Toronto,other,Ontario,Canada,North America,36.0,2020-04-09,15.0,240.0,204.0,Retail,Series B,28.0,2020,43.6534817,-79.3839347
133,Omie,Sao Paulo,other,State of São Paulo,Brazil,South America,136.0,2020-04-09,31.0,439.0,303.0,Finance,Series B,26.0,2020,-23.5506507,-46.6333824
134,Domo,Salt Lake City,other,Utah,USA,North America,90.0,2020-04-09,10.0,900.0,810.0,Data,Post-IPO,689.0,2020,40.7596198,-111.886797
135,Code42,Minneapolis,other,Minnesota,USA,North America,25.0,2020-04-09,5.0,500.0,475.0,Data,Series B,138.0,2020,44.9772995,-93.2654692
136,Clinc,Ann Arbor,other,Michigan,USA,North America,40.0,2020-04-09,32.0,125.0,85.0,Support,Series B,59.0,2020,42.2813722,-83.7484616
137,LoopMe,London,other,England,UK,Europe,8.0,2020-04-09,4.0,200.0,192.0,Marketing,Unknown,32.0,2020,51.4893335,-0.144055085
138,Matterport,Sunnyvale,San Francisco Bay Area,California,USA,North America,90.0,2020-04-09,34.0,265.0,175.0,Data,Series D,114.0,2020,37.3688301,-122.036349
139,Atsu,Seattle,Cascadia,Washington,USA,North America,6.0,2020-04-10,100.0,6.0,0.0,Infrastructure,Unknown,1.0,2020,47.6038321,-122.330062
140,Frontdesk,Milwaukee,other,Wisconsin,USA,North America,35.0,2020-04-10,16.0,219.0,184.0,Travel,Unknown,3.0,2020,43.0386475,-87.9090751
141,NuoDB,Boston,other,Massachusetts,USA,North America,20.0,2020-04-10,29.0,69.0,49.0,Data,Unknown,85.0,2020,42.3554334,-71.060511
142,Rhumbix,San Francisco,San Francisco Bay Area,California,USA,North America,16.0,2020-04-10,27.0,59.0,43.0,Construction,Series B,35.0,2020,37.7792588,-122.4193286
143,Neon,Sao Paulo,other,State of São Paulo,Brazil,South America,70.0,2020-04-13,10.0,700.0,630.0,Finance,Series B,120.0,2020,-23.5506507,-46.6333824
144,Zoox,Forster City,San Francisco Bay Area,California,USA,North America,100.0,2020-04-13,10.0,1000.0,900.0,Transportation,Series B,955.0,2020,37.5585465,-122.2710788
145,EasyPost,San Francisco,San Francisco Bay Area,California,USA,North America,50.0,2020-04-13,25.0,200.0,150.0,Logistics,Series A,12.0,2020,37.7792588,-122.4193286
146,Clearbanc,Toronto,other,Ontario,Canada,North America,17.0,2020-04-13,8.0,213.0,196.0,Finance,Series B,119.0,2020,43.6534817,-79.3839347
147,Groupon,Chicago,other,Illinois,USA,North America,2800.0,2020-04-13,44.0,6364.0,3564.0,Retail,Post-IPO,,2020,41.8755616,-87.6244212
148,Envoy,San Francisco,San Francisco Bay Area,California,USA,North America,58.0,2020-04-14,30.0,193.0,135.0,HR,Series B,59.0,2020,37.7792588,-122.4193286
149,The RealReal,San Francisco,San Francisco Bay Area,California,USA,North America,235.0,2020-04-14,10.0,2350.0,2115.0,Retail,Post-IPO,358.0,2020,37.7792588,-122.4193286
150,TouchBistro,Toronto,other,Ontario,Canada,North America,131.0,2020-04-14,23.0,570.0,439.0,Food,Series E,224.0,2020,43.6534817,-79.3839347
151,VSCO,Oakland,San Francisco Bay Area,California,USA,North America,45.0,2020-04-14,35.0,129.0,84.0,Consumer,Series B,90.0,2020,37.8044557,-122.271356
152,Zume,Camarillo,other,California,USA,North America,200.0,2020-04-15,67.0,299.0,99.0,Food,Unknown,423.0,2020,34.2176371,-119.0383541
153,Shop101,Mumbai,other,Maharashtra,India,Asia,200.0,2020-04-15,40.0,500.0,300.0,Retail,Series C,19.0,2020,19.0785451,72.878176
154,Parsable,San Francisco,San Francisco Bay Area,California,USA,North America,40.0,2020-04-15,25.0,160.0,120.0,HR,Series C,72.0,2020,37.7792588,-122.4193286
155,Opendoor,San Francisco,San Francisco Bay Area,California,USA,North America,600.0,2020-04-15,35.0,1714.0,1114.0,Real Estate,Series E,1500.0,2020,37.7792588,-122.4193286
156,GoPro,San Mateo,San Francisco Bay Area,California,USA,North America,200.0,2020-04-15,20.0,1000.0,800.0,Consumer,Post-IPO,288.0,2020,37.496904,-122.3330573
157,Carta,San Francisco,San Francisco Bay Area,California,USA,North America,161.0,2020-04-15,16.0,1006.0,845.0,Finance,Series E,447.0,2020,37.7792588,-122.4193286
158,Kodiak Robotics,Mountain View,San Francisco Bay Area,California,USA,North America,15.0,2020-04-15,20.0,75.0,60.0,Transportation,Series A,40.0,2020,37.3893889,-122.0832101
159,CarGurus,Boston,other,Massachusetts,USA,North America,130.0,2020-04-16,13.0,1000.0,870.0,Transportation,Post-IPO,1.0,2020,42.3554334,-71.060511
160,CleverTap,Mumbai,other,Maharashtra,India,Asia,60.0,2020-04-16,20.0,300.0,240.0,Marketing,Series C,76.0,2020,19.0785451,72.878176
161,Funding Societies,Singapore,other,non,Singapore,Asia,65.0,2020-04-16,18.0,361.0,296.0,Finance,Series B,42.0,2020,1.2899175,103.8519072
162,Sweetgreen,Los Angeles,other,California,USA,North America,35.0,2020-04-17,10.0,350.0,315.0,Food,Series I,478.0,2020,34.0536909,-118.242766
163,Zilingo,Singapore,other,non,Singapore,Asia,44.0,2020-04-17,5.0,880.0,836.0,Retail,Series D,307.0,2020,1.2899175,103.8519072
164,Tor,Boston,other,Massachusetts,USA,North America,13.0,2020-04-17,37.0,35.0,22.0,Security,Unknown,1.0,2020,42.3554334,-71.060511
165,QuintoAndar,Sao Paulo,other,State of São Paulo,Brazil,South America,88.0,2020-04-17,8.0,1100.0,1012.0,Real Estate,Series D,335.0,2020,-23.5506507,-46.6333824
166,ContaAzul,Joinville,other,State of Santa Catarina,Brazil,South America,140.0,2020-04-17,35.0,400.0,260.0,Education,Series D,37.0,2020,-26.3044898,-48.8486726
167,Loft,Sao Paulo,other,State of São Paulo,Brazil,South America,47.0,2020-04-17,10.0,470.0,423.0,Real Estate,Series C,263.0,2020,-23.5506507,-46.6333824
168,People.ai,San Francisco,San Francisco Bay Area,California,USA,North America,30.0,2020-04-17,18.0,167.0,137.0,Marketing,Series C,100.0,2020,37.7792588,-122.4193286
169,Greenhouse,New York City,other,New York,USA,North America,120.0,2020-04-17,28.0,429.0,309.0,HR,Series D,110.0,2020,40.7127281,-74.0060152
170,ConsenSys,New York City,other,New York,USA,North America,91.0,2020-04-20,14.0,650.0,559.0,Crypto,Unknown,10.0,2020,40.7127281,-74.0060152
171,Forward,San Francisco,San Francisco Bay Area,California,USA,North America,10.0,2020-04-20,3.0,333.0,323.0,Healthcare,Series C,100.0,2020,37.7792588,-122.4193286
172,GumGum,Los Angeles,other,California,USA,North America,90.0,2020-04-20,25.0,360.0,270.0,Marketing,Series D,58.0,2020,34.0536909,-118.242766
173,Klook,Hong Kong,other,non,Hong Kong,Asia,300.0,2020-04-20,15.0,2000.0,1700.0,Travel,Series D,521.0,2020,22.2793278,114.1628131
174,Komodo Health,San Francisco,San Francisco Bay Area,California,USA,North America,23.0,2020-04-20,9.0,256.0,233.0,Healthcare,Series C,50.0,2020,37.7792588,-122.4193286
175,Kueski,Guadalajara,other,Jalisco,Mexico,North America,90.0,2020-04-20,30.0,300.0,210.0,Finance,Series B,38.0,2020,20.6720375,-103.338396
176,Movidesk,Blumenau,other,State of Santa Catarina,Brazil,South America,33.0,2020-04-20,25.0,132.0,99.0,Support,Seed,1.0,2020,-26.9195567,-49.0658025
177,RealSelf,Seattle,Cascadia,Washington,USA,North America,40.0,2020-04-21,13.0,308.0,268.0,Healthcare,Series B,42.0,2020,47.6038321,-122.330062
178,Patreon,San Francisco,San Francisco Bay Area,California,USA,North America,30.0,2020-04-21,13.0,231.0,201.0,Media,Series D,165.0,2020,37.7792588,-122.4193286
179,Lending Club,San Francisco,San Francisco Bay Area,California,USA,North America,460.0,2020-04-21,30.0,1533.0,1073.0,Finance,Post-IPO,392.0,2020,37.7792588,-122.4193286
180,Bringg,Tel Aviv,other,non,Israel,Asia,10.0,2020-04-21,10.0,100.0,90.0,Logistics,Series D,84.0,2020,32.0852997,34.7818064
181,Freshbooks,Toronto,other,Ontario,Canada,North America,38.0,2020-04-21,9.0,422.0,384.0,Finance,Series B,75.0,2020,43.6534817,-79.3839347
182,Casper,New York City,other,New York,USA,North America,78.0,2020-04-21,21.0,371.0,293.0,Retail,Post-IPO,339.0,2020,40.7127281,-74.0060152
183,Swiggy,Bengaluru,other,Karnataka,India,Asia,800.0,2020-04-21,9.2,8657.0,7857.0,Food,Series I,1600.0,2020,12.98815675,77.62260004
184,Houzz,Palo Alto,San Francisco Bay Area,California,USA,North America,155.0,2020-04-21,10.0,1550.0,1395.0,Consumer,Series E,613.0,2020,37.4443293,-122.1598465
185,When I Work,Minneapolis,other,Minnesota,USA,North America,55.0,2020-04-22,35.0,157.0,102.0,HR,Series B,24.0,2020,44.9772995,-93.2654692
186,Magic Leap,Miami,other,Florida,USA,North America,1000.0,2020-04-22,50.0,2000.0,1000.0,Consumer,Series E,2600.0,2020,25.7741728,-80.19362
187,Ike,San Francisco,San Francisco Bay Area,California,USA,North America,10.0,2020-04-22,14.0,71.0,61.0,Transportation,Series A,52.0,2020,37.7792588,-122.4193286
188,Oscar Health,New York City,other,New York,USA,North America,70.0,2020-04-23,5.0,1400.0,1330.0,Healthcare,Unknown,,2020,40.7127281,-74.0060152
189,Sisense,New York City,other,New York,USA,North America,80.0,2020-04-23,9.0,889.0,809.0,Data,Series F,274.0,2020,40.7127281,-74.0060152
190,StockX,Detroit,other,Michigan,USA,North America,100.0,2020-04-23,12.0,833.0,733.0,Retail,Series C,160.0,2020,42.3315509,-83.0466403
191,Zenefits,San Francisco,San Francisco Bay Area,California,USA,North America,87.0,2020-04-23,15.0,580.0,493.0,HR,Series C,583.0,2020,37.7792588,-122.4193286
192,Welkin Health,San Francisco,San Francisco Bay Area,California,USA,North America,10.0,2020-04-24,33.0,30.0,20.0,Healthcare,Series B,29.0,2020,37.7792588,-122.4193286
193,UPshow,Chicago,other,Illinois,USA,North America,19.0,2020-04-24,30.0,63.0,44.0,Marketing,Series A,7.0,2020,41.8755616,-87.6244212
194,TutorMundi,Sao Paulo,other,State of São Paulo,Brazil,South America,4.0,2020-04-24,100.0,4.0,0.0,Education,Series A,2.0,2020,-23.5506507,-46.6333824
195,Lighter Capital,Seattle,Cascadia,Washington,USA,North America,18.0,2020-04-24,22.0,82.0,64.0,Finance,Series B,15.0,2020,47.6038321,-122.330062
196,Jiobit,Chicago,other,Illinois,USA,North America,6.0,2020-04-24,21.0,29.0,23.0,Consumer,Unknown,12.0,2020,41.8755616,-87.6244212
197,Horizn Studios,Berlin,other,Berlin,Germany,Europe,15.0,2020-04-24,25.0,60.0,45.0,Travel,Series B,30.0,2020,52.5170365,13.3888599
198,Divergent 3D,Los Angeles,other,California,USA,North America,57.0,2020-04-24,36.0,158.0,101.0,Transportation,Series B,88.0,2020,34.0536909,-118.242766
199,Ada Support,Toronto,other,Ontario,Canada,North America,36.0,2020-04-24,23.0,157.0,121.0,Support,Series B,60.0,2024,43.6534817,-79.3839347
200,Submittable,Missoula,other,Montana,USA,North America,30.0,2020-04-25,20.0,150.0,120.0,Other,Series B,17.0,2020,46.8701049,-113.995267
201,Automation Anything,San Jose,San Francisco Bay Area,California,USA,North America,260.0,2020-04-27,10.0,2600.0,2340.0,Other,Series B,840.0,2020,37.3361663,-121.890591
202,JetClosing,Seattle,Cascadia,Washington,USA,North America,20.0,2020-04-27,20.0,100.0,80.0,Real Estate,Series A,24.0,2020,47.6038321,-122.330062
203,TripAdvisor,Boston,other,Massachusetts,USA,North America,900.0,2020-04-28,25.0,3600.0,2700.0,Travel,Post-IPO,3.0,2020,42.3554334,-71.060511
204,Shipsi,Los Angeles,other,California,USA,North America,20.0,2020-04-28,50.0,40.0,20.0,Retail,Seed,2.0,2020,34.0536909,-118.242766
205,PayJoy,San Francisco,San Francisco Bay Area,California,USA,North America,27.0,2020-04-28,25.0,108.0,81.0,Finance,Series B,71.0,2020,37.7792588,-122.4193286
206,Deliveroo,London,other,England,UK,Europe,367.0,2020-04-28,15.0,2447.0,2080.0,Food,Series G,1500.0,2020,51.4893335,-0.144055085
207,App Annie,San Francisco,San Francisco Bay Area,California,USA,North America,80.0,2020-04-28,18.0,444.0,364.0,Data,Unknown,156.0,2020,37.7792588,-122.4193286
208,OpenX,Los Angeles,other,California,USA,North America,35.0,2020-04-28,15.0,233.0,198.0,Marketing,Unknown,70.0,2020,34.0536909,-118.242766
209,Kayak / OpenTable,Stamford,other,Connecticut,USA,North America,160.0,2020-04-29,8.0,2000.0,1840.0,Travel,Acquired,229.0,2020,41.0534302,-73.5387341
210,Lime,San Francisco,San Francisco Bay Area,California,USA,North America,80.0,2020-04-29,13.0,615.0,535.0,Transportation,Series D,765.0,2020,37.7792588,-122.4193286
211,Lyft,San Francisco,San Francisco Bay Area,California,USA,North America,982.0,2020-04-29,17.0,5776.0,4794.0,Transportation,Post-IPO,4900.0,2020,37.7792588,-122.4193286
212,TranSan Francisco Bay Areaix,New York City,other,New York,USA,North America,24.0,2020-04-29,10.0,240.0,216.0,Logistics,Series D,128.0,2020,40.7127281,-74.0060152
213,TheSkimm,New York City,other,New York,USA,North America,26.0,2020-05-01,20.0,130.0,104.0,Media,Series C,28.0,2020,40.7127281,-74.0060152
214,Culture Trip,London,other,England,UK,Europe,95.0,2020-05-01,32.0,297.0,202.0,Media,Series B,102.0,2020,51.4893335,-0.144055085
215,Namely,New York City,other,New York,USA,North America,110.0,2020-05-01,40.0,275.0,165.0,HR,Series E,217.0,2020,40.7127281,-74.0060152
216,Sandbox VR,San Francisco,San Francisco Bay Area,California,USA,North America,80.0,2020-05-01,80.0,100.0,20.0,Consumer,Series A,82.0,2020,37.7792588,-122.4193286
217,Trax,Tel Aviv,other,non,Israel,Asia,120.0,2020-05-03,10.0,1200.0,1080.0,Retail,Series D,386.0,2020,32.0852997,34.7818064
218,Veriff,Tallinn,other,non,Estonia,Europe,63.0,2020-05-04,21.0,300.0,237.0,Security,Series A,7.0,2020,59.4372155,24.7453688
219,Loopio,Toronto,other,Ontario,Canada,North America,11.0,2020-05-04,8.0,138.0,127.0,Sales,Series A,11.0,2020,43.6534817,-79.3839347
220,Element AI,Montreal,other,Quebec,Canada,North America,62.0,2020-05-04,15.0,413.0,351.0,Other,Series B,257.0,2020,45.5031824,-73.5698065
221,Oriente,Hong Kong,other,non,Hong Kong,Asia,400.0,2020-05-04,20.0,2000.0,1600.0,Finance,Series B,175.0,2020,22.2793278,114.1628131
222,CureFit,Bengaluru,other,Karnataka,India,Asia,800.0,2020-05-04,16.0,5000.0,4200.0,Fitness,Series D,404.0,2020,12.98815675,77.62260004
223,Careem,Dubai,other,non,United Arabian Emirates,Asia,536.0,2020-05-04,31.0,1729.0,1193.0,Transportation,Acquired,771.0,2020,25.276987,55.296249
224,Deputy,Sydney,other,New South Wales,Australia,Oceana,60.0,2020-05-04,30.0,200.0,140.0,HR,Series B,106.0,2020,-33.8698439,151.2082848
225,Workable,Boston,other,Massachusetts,USA,North America,25.0,2020-05-05,10.0,250.0,225.0,HR,Series C,84.0,2020,42.3554334,-71.060511
226,Stack Overflow,New York City,other,New York,USA,North America,40.0,2020-05-05,15.0,267.0,227.0,HR,Series D,68.0,2020,40.7127281,-74.0060152
227,Airbnb,San Francisco,San Francisco Bay Area,California,USA,North America,1900.0,2020-05-05,25.0,7600.0,5700.0,Travel,Private Equity,5400.0,2020,37.7792588,-122.4193286
228,Andela,New York City,other,New York,USA,North America,135.0,2020-05-05,10.0,1350.0,1215.0,HR,Series D,181.0,2020,40.7127281,-74.0060152
229,Juul,San Francisco,San Francisco Bay Area,California,USA,North America,900.0,2020-05-05,30.0,3000.0,2100.0,Consumer,Unknown,1500.0,2020,37.7792588,-122.4193286
230,Rubicon Project,Los Angeles,other,California,USA,North America,50.0,2020-05-06,8.0,625.0,575.0,Marketing,Post-IPO,60.0,2020,34.0536909,-118.242766
231,Segment,San Francisco,San Francisco Bay Area,California,USA,North America,50.0,2020-05-06,10.0,500.0,450.0,Data,Series D,283.0,2020,37.7792588,-122.4193286
232,Uber,San Francisco,San Francisco Bay Area,California,USA,North America,3700.0,2020-05-06,14.0,26429.0,22729.0,Transportation,Post-IPO,24700.0,2020,37.7792588,-122.4193286
233,Flywire,Boston,other,Massachusetts,USA,North America,60.0,2020-05-07,12.0,500.0,440.0,Finance,Series E,263.0,2020,42.3554334,-71.060511
234,Glassdoor,San Francisco,San Francisco Bay Area,California,USA,North America,300.0,2020-05-07,30.0,1000.0,700.0,HR,Acquired,204.0,2020,37.7792588,-122.4193286
235,Jump,New York City,other,New York,USA,North America,500.0,2020-05-07,100.0,500.0,0.0,Transportation,Acquired,11.0,2020,40.7127281,-74.0060152
236,Numbrs,Zurich,other,non,Switzerland,Europe,62.0,2020-05-07,50.0,124.0,62.0,Finance,Series B,78.0,2020,47.3744489,8.5410422
237,Tally,San Francisco,San Francisco Bay Area,California,USA,North America,28.0,2020-05-07,23.0,122.0,94.0,Finance,Series C,92.0,2020,37.7792588,-122.4193286
238,N26,New York City,other,New York,USA,North America,9.0,2020-05-08,1.0,900.0,891.0,Finance,Series D,782.0,2020,40.7127281,-74.0060152
239,Revolut,London,other,England,UK,Europe,60.0,2020-05-11,3.0,2000.0,1940.0,Finance,Series D,837.0,2020,51.4893335,-0.144055085
240,Cadre,New York City,other,New York,USA,North America,28.0,2020-05-11,25.0,112.0,84.0,Real Estate,Series C,133.0,2020,40.7127281,-74.0060152
241,Top Hat,Toronto,other,Ontario,Canada,North America,16.0,2020-05-12,3.0,533.0,517.0,Education,Series D,104.0,2020,43.6534817,-79.3839347
242,Zeus Living,San Francisco,San Francisco Bay Area,California,USA,North America,73.0,2020-05-12,50.0,146.0,73.0,Real Estate,Series B,79.0,2020,37.7792588,-122.4193286
243,Hireology,Chicago,other,Illinois,USA,North America,36.0,2020-05-12,17.0,212.0,176.0,HR,Series D,52.0,2020,41.8755616,-87.6244212
244,Mixpanel,San Francisco,San Francisco Bay Area,California,USA,North America,65.0,2020-05-12,19.0,342.0,277.0,Data,Series B,77.0,2020,37.7792588,-122.4193286
245,Mercos,Joinville,other,State of Santa Catarina,Brazil,South America,51.0,2020-05-13,40.0,128.0,77.0,Sales,Unknown,2.0,2020,-26.3044898,-48.8486726
246,Deliv,Menlo Park,San Francisco Bay Area,California,USA,North America,669.0,2020-05-13,100.0,669.0,0.0,Retail,Series C,80.0,2020,37.4519671,-122.177992
247,Kickstarter,New York City,other,New York,USA,North America,25.0,2020-05-13,18.0,139.0,114.0,Finance,Unknown,10.0,2020,40.7127281,-74.0060152
248,Cruise,San Francisco,San Francisco Bay Area,California,USA,North America,150.0,2020-05-14,8.0,1875.0,1725.0,Transportation,Acquired,5300.0,2020,37.7792588,-122.4193286
249,Integral Ad Science,New York City,other,New York,USA,North America,70.0,2020-05-14,10.0,700.0,630.0,Marketing,Acquired,116.0,2020,40.7127281,-74.0060152
250,Ridecell,San Francisco,San Francisco Bay Area,California,USA,North America,35.0,2020-05-14,15.0,233.0,198.0,Transportation,Series B,73.0,2020,37.7792588,-122.4193286
251,Lattice,San Francisco,San Francisco Bay Area,California,USA,North America,16.0,2020-05-15,10.0,160.0,144.0,HR,Series C,49.0,2020,37.7792588,-122.4193286
252,Lendingkart,Ahmedabad,other,Gujarat,India,Asia,500.0,2020-05-15,50.0,1000.0,500.0,Finance,Unknown,200.0,2020,23.0216238,72.5797068
253,Zomato,Gurugram,other,Haryana,India,Asia,520.0,2020-05-15,13.0,4000.0,3480.0,Food,Series J,914.0,2020,28.4646148,77.0299194
254,Uber,San Francisco,San Francisco Bay Area,California,USA,North America,3000.0,2020-05-18,13.0,23077.0,20077.0,Transportation,Post-IPO,24700.0,2020,37.7792588,-122.4193286
255,WeWork,New Delhi,other,Delhi,India,Asia,100.0,2020-05-18,20.0,500.0,400.0,Real Estate,Series H,19500.0,2020,28.6138954,77.2090057
256,Swiggy,Bengaluru,other,Karnataka,India,Asia,1100.0,2020-05-18,14.0,7857.0,6757.0,Food,Series I,1600.0,2020,12.98815675,77.62260004
257,Livspace,Bengaluru,other,Karnataka,India,Asia,450.0,2020-05-19,15.0,3000.0,2550.0,Retail,Series D,157.0,2020,12.98815675,77.62260004
258,Pollen,London,other,England,UK,Europe,69.0,2020-05-19,31.0,223.0,154.0,Travel,Series B,88.0,2020,51.4893335,-0.144055085
259,Stay Alfred,Spokane,other,Washington,USA,North America,221.0,2020-05-20,100.0,221.0,0.0,Travel,Series B,62.0,2020,47.6571934,-117.42351
260,Intercom,San Francisco,San Francisco Bay Area,California,USA,North America,39.0,2020-05-20,6.0,650.0,611.0,Support,Series D,240.0,2020,37.7792588,-122.4193286
261,Ola,Bengaluru,other,Karnataka,India,Asia,1400.0,2020-05-20,35.0,4000.0,2600.0,Transportation,Series J,3800.0,2020,12.98815675,77.62260004
262,Samsara,San Francisco,San Francisco Bay Area,California,USA,North America,300.0,2020-05-20,18.0,1667.0,1367.0,Logistics,Series F,530.0,2020,37.7792588,-122.4193286
263,ShareChat,Bengaluru,other,Karnataka,India,Asia,101.0,2020-05-20,25.0,404.0,303.0,Marketing,Series D,222.0,2020,12.98815675,77.62260004
264,SoFi,San Francisco,San Francisco Bay Area,California,USA,North America,112.0,2020-05-20,7.0,1600.0,1488.0,Finance,Private Equity,2500.0,2020,37.7792588,-122.4193286
265,PickYourTrail,Chennai,other,Tamil Nadu,India,Asia,70.0,2020-05-21,35.0,200.0,130.0,Travel,Series A,3.0,2020,13.0836939,80.270186
266,Cvent,Washington DC,other,District of Columbia,USA,North America,400.0,2020-05-21,10.0,4000.0,3600.0,Marketing,Acquired,146.0,2020,38.8950368,-77.0365427
267,Glitch,New York City,other,New York,USA,North America,18.0,2020-05-21,36.0,50.0,32.0,Product,Series A,30.0,2020,40.7127281,-74.0060152
268,Bluprint,Denver,other,Colorado,USA,North America,137.0,2020-05-26,100.0,137.0,0.0,Education,Acquired,108.0,2020,39.7392364,-104.984862
269,Uber,Bengaluru,other,Karnataka,India,Asia,600.0,2020-05-26,23.0,2609.0,2009.0,Transportation,Post-IPO,24700.0,2020,12.98815675,77.62260004
270,Ebanx,Curitiba,other,State of Paraná,Brazil,South America,62.0,2020-05-27,8.0,775.0,713.0,Finance,Unknown,30.0,2020,-25.4295963,-49.2712724
271,Instructure,Salt Lake City,other,Utah,USA,North America,150.0,2020-05-27,12.0,1250.0,1100.0,Education,Acquired,89.0,2020,40.7596198,-111.886797
272,TrueCar,Los Angeles,other,California,USA,North America,219.0,2020-05-28,30.0,730.0,511.0,Transportation,Post-IPO,340.0,2020,34.0536909,-118.242766
273,BookMyShow,Mumbai,other,Maharashtra,India,Asia,270.0,2020-05-28,18.0,1500.0,1230.0,Consumer,Unknown,224.0,2020,19.0785451,72.878176
274,Culture Amp,Melbourne,other,Victoria,Australia,Oceana,36.0,2020-05-28,8.0,450.0,414.0,HR,Series E,157.0,2020,-37.8142454,144.9631732
275,The Sill,New York City,other,New York,USA,North America,20.0,2020-05-28,25.0,80.0,60.0,Retail,Series A,7.0,2020,40.7127281,-74.0060152
276,Brex,San Francisco,San Francisco Bay Area,California,USA,North America,62.0,2020-05-29,15.0,413.0,351.0,Finance,Series C,732.0,2020,37.7792588,-122.4193286
277,Loftium,Seattle,Cascadia,Washington,USA,North America,32.0,2020-05-29,60.0,53.0,21.0,Real Estate,Series A,17.0,2020,47.6038321,-122.330062
278,CrowdStreet,Portland,Cascadia,Oregon,USA,North America,24.0,2020-06-01,22.0,109.0,85.0,Real Estate,Series C,24.0,2020,45.5202471,-122.674194
279,Stitch Fix,San Francisco,San Francisco Bay Area,California,USA,North America,1400.0,2020-06-01,18.0,7778.0,6378.0,Retail,Post-IPO,79.0,2020,37.7792588,-122.4193286
280,Fundbox,San Francisco,San Francisco Bay Area,California,USA,North America,14.0,2020-06-02,15.0,93.0,79.0,Finance,Series C,453.0,2020,37.7792588,-122.4193286
281,Rivian,Detroit,other,Michigan,USA,North America,40.0,2020-06-02,2.0,2000.0,1960.0,Transportation,Post-IPO,10700.0,2020,42.3315509,-83.0466403
282,Descartes Labs,Santa Fe,other,New Mexico,USA,North America,12.0,2020-06-02,16.0,75.0,63.0,Data,Series B,58.0,2020,35.6876096,-105.938456
283,SpotHero,Chicago,other,Illinois,USA,North America,40.0,2020-06-03,21.0,190.0,150.0,Transportation,Series D,117.0,2020,41.8755616,-87.6244212
284,Monzo,London,other,England,UK,Europe,120.0,2020-06-03,8.0,1500.0,1380.0,Finance,Series F,324.0,2020,51.4893335,-0.144055085
285,Credit Sesame,Mountain View,San Francisco Bay Area,California,USA,North America,22.0,2020-06-03,14.0,157.0,135.0,Finance,Series F,120.0,2020,37.3893889,-122.0832101
286,Builder,Los Angeles,other,California,USA,North America,39.0,2020-06-04,14.0,279.0,240.0,Product,Series A,29.0,2020,34.0536909,-118.242766
287,Lastline,Redwood City,San Francisco Bay Area,California,USA,North America,50.0,2020-06-04,40.0,125.0,75.0,Security,Series C,52.0,2020,37.4863239,-122.232523
288,Ethos Life,San Francisco,San Francisco Bay Area,California,USA,North America,18.0,2020-06-05,14.0,129.0,111.0,Finance,Series C,106.0,2020,37.7792588,-122.4193286
289,The Athletic,San Francisco,San Francisco Bay Area,California,USA,North America,46.0,2020-06-05,8.0,575.0,529.0,Media,Series D,139.0,2020,37.7792588,-122.4193286
290,Branch,New York City,other,New York,USA,North America,3.0,2020-06-11,27.0,11.0,8.0,Retail,Seed,2.0,2020,40.7127281,-74.0060152
291,SynapseFI,San Francisco,San Francisco Bay Area,California,USA,North America,63.0,2020-06-12,48.0,131.0,68.0,Finance,Series B,50.0,2020,37.7792588,-122.4193286
292,Uber,Amsterdam,other,non,Netherlands,Europe,225.0,2020-06-12,25.0,900.0,675.0,Transportation,Post-IPO,,2020,52.3730796,4.8924534
293,Splunk,San Jose,San Francisco Bay Area,California,USA,North America,70.0,2020-06-16,1.0,7000.0,6930.0,Data,Post-IPO,40.0,2020,37.3361663,-121.890591
294,Redox,Madison,other,Wisconsin,USA,North America,44.0,2020-06-16,25.0,176.0,132.0,Healthcare,Series C,50.0,2020,43.074761,-89.3837613
295,PaisaBazaar,Gurugram,other,Haryana,India,Asia,1500.0,2020-06-16,50.0,3000.0,1500.0,Finance,Series G,496.0,2020,28.4646148,77.0299194
296,Grab,Singapore,other,non,Singapore,Asia,360.0,2020-06-16,5.0,7200.0,6840.0,Transportation,Series I,,2020,1.2899175,103.8519072
297,Navi,Bengaluru,other,Karnataka,India,Asia,40.0,2020-06-17,25.0,160.0,120.0,Finance,Private Equity,582.0,2020,12.98815675,77.62260004
298,Intuit,Mountain View,San Francisco Bay Area,California,USA,North America,715.0,2020-06-22,7.0,10214.0,9499.0,Finance,Post-IPO,18.0,2020,37.3893889,-122.0832101
299,Dark,San Francisco,San Francisco Bay Area,California,USA,North America,6.0,2020-06-23,100.0,6.0,0.0,Product,Seed,3.0,2020,37.7792588,-122.4193286
300,Gojek,Jakarta,other,non,Indonesia,Asia,430.0,2020-06-23,9.0,4778.0,4348.0,Transportation,Series F,4800.0,2020,-6.175247,106.8270488
301,ScaleFactor,Austin,other,Texas,USA,North America,90.0,2020-06-23,90.0,100.0,10.0,Finance,Series C,103.0,2020,30.2711286,-97.7436995
302,Sonos,New York City,other,New York,USA,North America,174.0,2020-06-24,12.0,1450.0,1276.0,Consumer,Post-IPO,455.0,2020,40.7127281,-74.0060152
303,Katerra,Menlo Park,San Francisco Bay Area,California,USA,North America,400.0,2020-06-29,7.0,5714.0,5314.0,Construction,Series E,1300.0,2020,37.4519671,-122.177992
304,Bounce,Bengaluru,other,Karnataka,India,Asia,130.0,2020-06-29,22.0,591.0,461.0,Transportation,Series D,214.0,2020,12.98815675,77.62260004
305,G2,Chicago,other,Illinois,USA,North America,17.0,2020-06-30,5.0,340.0,323.0,Marketing,Series C,101.0,2020,41.8755616,-87.6244212
306,Zilingo,Singapore,other,non,Singapore,Asia,100.0,2020-07-09,12.0,833.0,733.0,Retail,Series D,307.0,2020,1.2899175,103.8519072
307,Skyscanner,Edinburgh,other,Scotland,UK,Europe,300.0,2020-07-14,20.0,1500.0,1200.0,Travel,Acquired,197.0,2020,55.9533456,-3.1883749
308,Optimizely,San Francisco,San Francisco Bay Area,California,USA,North America,60.0,2020-07-15,15.0,400.0,340.0,Marketing,Series D,251.0,2020,37.7792588,-122.4193286
309,Lighter Capital,Seattle,Cascadia,Washington,USA,North America,22.0,2020-07-20,49.0,45.0,23.0,Finance,Series B,15.0,2020,47.6038321,-122.330062
310,LinkedIn,Sunnyvale,San Francisco Bay Area,California,USA,North America,960.0,2020-07-21,6.0,16000.0,15040.0,HR,Acquired,154.0,2020,37.3688301,-122.036349
311,Checkr,San Francisco,San Francisco Bay Area,California,USA,North America,64.0,2020-07-23,12.0,533.0,469.0,HR,Series D,309.0,2020,37.7792588,-122.4193286
312,Zeitgold,Berlin,other,Berlin,Germany,Europe,75.0,2020-07-27,72.0,104.0,29.0,Finance,Series B,60.0,2020,52.5170365,13.3888599
313,Swiggy,Bengaluru,other,Karnataka,India,Asia,350.0,2020-07-27,5.0,7000.0,6650.0,Food,Series I,1600.0,2020,12.98815675,77.62260004
314,Procore,Los Angeles,other,California,USA,North America,180.0,2020-07-28,9.0,2000.0,1820.0,Construction,Unknown,649.0,2020,34.0536909,-118.242766
315,Buy.com,San Mateo,San Francisco Bay Area,California,USA,North America,87.0,2020-07-30,100.0,87.0,0.0,Retail,Acquired,42.0,2020,37.496904,-122.3330573
316,Thriver,Toronto,other,Ontario,Canada,North America,75.0,2020-08-06,50.0,150.0,75.0,Food,Series B,53.0,2020,43.6534817,-79.3839347
317,Glossier,New York City,other,New York,USA,North America,150.0,2020-08-07,38.0,395.0,245.0,Retail,Series D,186.0,2020,40.7127281,-74.0060152
318,Eatsy,Singapore,other,non,Singapore,Asia,20.0,2020-08-08,100.0,20.0,0.0,Food,Seed,1.0,2020,1.2899175,103.8519072
319,Mozilla,San Francisco,San Francisco Bay Area,California,USA,North America,250.0,2020-08-11,25.0,1000.0,750.0,Consumer,Unknown,2.0,2020,37.7792588,-122.4193286
320,Docly,London,other,England,UK,Europe,8.0,2020-08-19,80.0,10.0,2.0,Healthcare,Seed,16.0,2020,51.4893335,-0.144055085
321,SaleSan Francisco Bay Areaorce,San Francisco,San Francisco Bay Area,California,USA,North America,1000.0,2020-08-26,2.0,50000.0,49000.0,Sales,Post-IPO,65.0,2020,37.7792588,-122.4193286
322,MakeMyTrip,New Delhi,other,Delhi,India,Asia,350.0,2020-08-31,10.0,3500.0,3150.0,Travel,Post-IPO,548.0,2020,28.6138954,77.2090057
323,GoBear,Singapore,other,non,Singapore,Asia,22.0,2020-09-01,11.0,200.0,178.0,Finance,Unknown,97.0,2020,1.2899175,103.8519072
324,Waze,Palo Alto,San Francisco Bay Area,California,USA,North America,30.0,2020-09-09,5.0,600.0,570.0,Transportation,Acquired,67.0,2020,37.4443293,-122.1598465
325,NS8,Las Vegas,other,Nevada,USA,North America,240.0,2020-09-11,95.0,253.0,13.0,Data,Series A,158.0,2020,36.1672559,-115.148516
326,Alto Pharmacy,San Francisco,San Francisco Bay Area,California,USA,North America,47.0,2020-09-29,6.0,783.0,736.0,Healthcare,Series D,356.0,2020,37.7792588,-122.4193286
327,GetYourGuide,Berlin,other,Berlin,Germany,Europe,90.0,2020-10-14,17.0,529.0,439.0,Travel,Series E,656.0,2020,52.5170365,13.3888599
328,Knotel,New York City,other,New York,USA,North America,20.0,2020-10-29,8.0,250.0,230.0,Real Estate,Series C,560.0,2020,40.7127281,-74.0060152
329,Worksmith,Austin,other,Texas,USA,North America,30.0,2020-11-09,50.0,60.0,30.0,Retail,Unknown,4.0,2020,30.2711286,-97.7436995
330,Bridge Connector,Nashville,other,Tennessee,USA,North America,154.0,2020-11-17,100.0,154.0,0.0,Healthcare,Series B,45.0,2020,36.1622767,-86.7742984
331,Aya,Toronto,other,Ontario,Canada,North America,5.0,2020-11-19,25.0,20.0,15.0,Finance,Seed,3.0,2020,43.6534817,-79.3839347
332,Breather,Montreal,other,Quebec,Canada,North America,120.0,2020-12-16,80.0,150.0,30.0,Real Estate,Series D,131.0,2020,45.5031824,-73.5698065
333,Dropbox,San Francisco,San Francisco Bay Area,California,USA,North America,315.0,2021-01-13,15.0,2100.0,1785.0,Other,Post-IPO,1700.0,2021,37.7792588,-122.4193286
334,Pocketmath,Singapore,other,non,Singapore,Asia,21.0,2021-01-20,100.0,21.0,0.0,Marketing,Unknown,20.0,2021,1.2899175,103.8519072
335,Postmates,San Francisco,San Francisco Bay Area,California,USA,North America,180.0,2021-01-23,15.0,1200.0,1020.0,Food,Acquired,763.0,2021,37.7792588,-122.4193286
336,Hubba,Toronto,other,Ontario,Canada,North America,45.0,2021-02-01,100.0,45.0,0.0,Retail,Series B,61.0,2021,43.6534817,-79.3839347
337,Quandoo,Berlin,other,Berlin,Germany,Europe,87.0,2021-02-03,20.0,435.0,348.0,Food,Acquired,39.0,2021,52.5170365,13.3888599
338,Bounce,Bengaluru,other,Karnataka,India,Asia,200.0,2021-02-22,40.0,500.0,300.0,Transportation,Series D,214.0,2021,12.98815675,77.62260004
339,New Relic,San Francisco,San Francisco Bay Area,California,USA,North America,160.0,2021-04-06,7.0,2286.0,2126.0,Infrastructure,Post-IPO,215.0,2021,37.7792588,-122.4193286
340,Katerra,Menlo Park,San Francisco Bay Area,California,USA,North America,2434.0,2021-06-01,100.0,2434.0,0.0,Construction,Unknown,1600.0,2021,37.4519671,-122.177992
341,Flockjay,San Francisco,San Francisco Bay Area,California,USA,North America,37.0,2021-08-24,50.0,74.0,37.0,Education,Series A,14.0,2021,37.7792588,-122.4193286
342,Treehouse,Portland,Cascadia,Oregon,USA,North America,41.0,2021-09-14,90.0,46.0,5.0,Education,Series B,12.0,2021,45.5202471,-122.674194
343,Zillow,Seattle,Cascadia,Washington,USA,North America,2000.0,2021-11-02,25.0,8000.0,6000.0,Real Estate,Post-IPO,97.0,2021,47.6038321,-122.330062
344,BitTitan,Seattle,Cascadia,Washington,USA,North America,70.0,2021-11-18,27.0,259.0,189.0,Data,Acquired,46.0,2021,47.6038321,-122.330062
345,Better.com,New York City,other,New York,USA,North America,900.0,2021-12-01,9.0,10000.0,9100.0,Real Estate,Unknown,905.0,2021,40.7127281,-74.0060152
346,Delivery Hero,Berlin,other,Berlin,Germany,Europe,300.0,2021-12-22,7.0,4300.0,4000.0,Food,Post-IPO,,2021,52.5170365,13.3888599
347,Glossier,New York City,other,New York,USA,North America,80.0,2022-01-26,33.0,242.0,162.0,Consumer,Series E,266.0,2022,40.7127281,-74.0060152
348,Gopuff,Philadelphia,other,Pennsylvania,USA,North America,100.0,2022-01-26,0.7,15100.0,15000.0,Food,Series H,3400.0,2022,39.9527237,-75.1635262
349,Rhino,New York City,other,New York,USA,North America,57.0,2022-02-03,20.0,285.0,228.0,Real Estate,Unknown,133.0,2022,40.7127281,-74.0060152
350,Peloton,New York City,other,New York,USA,North America,2800.0,2022-02-08,20.0,14000.0,11200.0,Fitness,Post-IPO,1900.0,2022,40.7127281,-74.0060152
351,Daily Harvest,New York City,other,New York,USA,North America,60.0,2022-02-10,20.0,300.0,240.0,Food,Series D,120.0,2022,40.7127281,-74.0060152
352,Hopin,London,other,England,UK,Europe,138.0,2022-02-10,12.0,1150.0,1012.0,Other,Series D,1000.0,2022,51.4893335,-0.144055085
353,Homie,Salt Lake City,other,Utah,USA,North America,119.0,2022-02-14,29.0,410.0,291.0,Real Estate,Series B,35.0,2022,40.7596198,-111.886797
354,Liv Up,Sao Paulo,other,State of São Paulo,Brazil,South America,100.0,2022-02-16,15.0,667.0,567.0,Food,Series D,118.0,2022,-23.5506507,-46.6333824
355,Virgin Hyperloop,Los Angeles,other,California,USA,North America,111.0,2022-02-21,50.0,222.0,111.0,Transportation,Unknown,368.0,2022,34.0536909,-118.242766
356,Wish,San Francisco,San Francisco Bay Area,California,USA,North America,190.0,2022-03-01,15.0,1267.0,1077.0,Retail,Post-IPO,1600.0,2022,37.7792588,-122.4193286
357,Hyperscience,New York City,other,New York,USA,North America,100.0,2022-03-03,25.0,400.0,300.0,Data,Series E,289.0,2022,40.7127281,-74.0060152
358,Adaptive Biotechnology,Seattle,Cascadia,Washington,USA,North America,100.0,2022-03-08,12.0,833.0,733.0,Healthcare,Post-IPO,406.0,2022,47.6038321,-122.330062
359,Better.com,New York City,other,New York,USA,North America,3000.0,2022-03-08,33.0,9091.0,6091.0,Real Estate,Unknown,905.0,2022,40.7127281,-74.0060152
360,Knock,New York City,other,New York,USA,North America,115.0,2022-03-15,46.0,250.0,135.0,Real Estate,Unknown,654.0,2022,40.7127281,-74.0060152
361,Trell,Bengaluru,other,Karnataka,India,Asia,300.0,2022-03-15,50.0,600.0,300.0,Retail,Series B,62.0,2022,12.98815675,77.62260004
362,Storytel,Stockholm,other,non,Sweden,Europe,100.0,2022-03-17,10.0,1000.0,900.0,Media,Post-IPO,275.0,2022,59.3251172,18.0710935
363,Gopuff,Philadelphia,other,Pennsylvania,USA,North America,450.0,2022-03-29,3.0,15000.0,14550.0,Food,Series H,3400.0,2022,39.9527237,-75.1635262
364,Thinkific,Vancouver,Cascadia,British Columbia,Canada,North America,100.0,2022-03-29,20.0,500.0,400.0,Education,Post-IPO,22.0,2022,49.2608724,-123.113952
365,Rasa,Berlin,other,Berlin,Germany,Europe,59.0,2022-03-30,40.0,148.0,89.0,Data,Series B,40.0,2022,52.5170365,13.3888599
366,Legible,Vancouver,Cascadia,British Columbia,Canada,North America,23.0,2022-04-04,38.0,61.0,38.0,Media,Post-IPO,3.0,2022,49.2608724,-123.113952
367,Unacademy,Bengaluru,other,Karnataka,India,Asia,1000.0,2022-04-07,17.0,5882.0,4882.0,Education,Series H,838.0,2022,12.98815675,77.62260004
368,Food52,New York City,other,New York,USA,North America,20.0,2022-04-08,10.0,200.0,180.0,Food,Acquired,176.0,2022,40.7127281,-74.0060152
369,Rad Power Bikes,Seattle,Cascadia,Washington,USA,North America,100.0,2022-04-12,14.0,714.0,614.0,Transportation,Series D,329.0,2022,47.6038321,-122.330062
370,Ahead,San Francisco,San Francisco Bay Area,California,USA,North America,44.0,2022-04-14,100.0,44.0,0.0,Healthcare,Unknown,9.0,2022,37.7792588,-122.4193286
371,Blend,San Francisco,San Francisco Bay Area,California,USA,North America,200.0,2022-04-19,10.0,2000.0,1800.0,Finance,Post-IPO,665.0,2022,37.7792588,-122.4193286
372,QuintoAndar,Sao Paulo,other,State of São Paulo,Brazil,South America,160.0,2022-04-19,4.0,4000.0,3840.0,Real Estate,Series E,755.0,2022,-23.5506507,-46.6333824
373,Facily,Sao Paulo,other,State of São Paulo,Brazil,South America,260.0,2022-04-20,30.0,867.0,607.0,Retail,Series D,502.0,2022,-23.5506507,-46.6333824
374,Xiaohongshu,Shanghai,other,non,China,Asia,180.0,2022-04-21,9.0,2000.0,1820.0,Consumer,Series E,917.0,2022,31.2312707,121.4700152
375,Robinhood,Menlo Park,San Francisco Bay Area,California,USA,North America,340.0,2022-04-26,9.0,3778.0,3438.0,Finance,Post-IPO,5600.0,2022,37.4519671,-122.177992
376,Bonsai,Toronto,other,Ontario,Canada,North America,29.0,2022-04-26,34.0,85.0,56.0,Retail,Series A,27.0,2022,43.6534817,-79.3839347
377,Domestika,Berkeley,San Francisco Bay Area,California,USA,North America,150.0,2022-04-28,19.0,789.0,639.0,Education,Series D,130.0,2022,37.8708393,-122.272863
378,Avo,Tel Aviv,other,non,Israel,Asia,500.0,2022-05-01,67.0,746.0,246.0,Food,Series B,45.0,2022,32.0852997,34.7818064
379,Cameo,Chicago,other,Illinois,USA,North America,87.0,2022-05-04,25.0,348.0,261.0,Consumer,Unknown,165.0,2022,41.8755616,-87.6244212
380,Mainstreet,San Francisco,San Francisco Bay Area,California,USA,North America,45.0,2022-05-04,30.0,150.0,105.0,Finance,Series A,64.0,2022,37.7792588,-122.4193286
381,SEND,Sydney,other,New South Wales,Australia,Oceana,300.0,2022-05-04,100.0,300.0,0.0,Food,Seed,3.0,2022,-33.8698439,151.2082848
382,Mural,San Francisco,San Francisco Bay Area,California,USA,North America,90.0,2022-05-05,10.0,900.0,810.0,Product,Series C,192.0,2022,37.7792588,-122.4193286
383,On Deck,San Francisco,San Francisco Bay Area,California,USA,North America,72.0,2022-05-05,25.0,288.0,216.0,Education,Series A,20.0,2022,37.7792588,-122.4193286
384,Vedantu,Bengaluru,other,Karnataka,India,Asia,200.0,2022-05-05,3.0,6667.0,6467.0,Education,Series E,292.0,2022,12.98815675,77.62260004
385,Reef,Miami,other,Florida,USA,North America,750.0,2022-05-06,5.0,15000.0,14250.0,Transportation,Unknown,,2022,25.7741728,-80.19362
386,Meero,Paris,other,non,France,Europe,350.0,2022-05-09,50.0,700.0,350.0,Other,Series C,293.0,2022,48.8588897,2.320041022
387,Vroom,New York City,other,New York,USA,North America,270.0,2022-05-09,14.0,1929.0,1659.0,Transportation,Post-IPO,,2022,40.7127281,-74.0060152
388,Carvana,Phoenix,other,Arizona,USA,North America,2500.0,2022-05-10,12.0,20833.0,18333.0,Transportation,Post-IPO,,2022,33.4484367,-112.074141
389,Doma,Huntington Beach,other,California,USA,North America,310.0,2022-05-10,15.0,2067.0,1757.0,Finance,Post-IPO,679.0,2022,33.6783336,-118.000016
390,Latch,New York City,other,New York,USA,North America,30.0,2022-05-10,6.0,500.0,470.0,Security,Post-IPO,342.0,2022,40.7127281,-74.0060152
391,Pollen,London,other,England,UK,Europe,200.0,2022-05-10,33.0,606.0,406.0,Travel,Series C,238.0,2022,51.4893335,-0.144055085
392,DataRobot,Boston,other,Massachusetts,USA,North America,70.0,2022-05-11,7.0,1000.0,930.0,Data,Series G,1000.0,2022,42.3554334,-71.060511
393,AliExpress Russia,Moscow,other,non,Russia,Europe,400.0,2022-05-14,40.0,1000.0,600.0,Retail,Acquired,60.0,2022,55.7505412,37.6174782
394,Zak,Sao Paulo,other,State of São Paulo,Brazil,South America,100.0,2022-05-16,40.0,250.0,150.0,Food,Series A,29.0,2022,-23.5506507,-46.6333824
395,Picsart,Miami,other,Florida,USA,North America,90.0,2022-05-17,8.0,1125.0,1035.0,Consumer,Series C,195.0,2022,25.7741728,-80.19362
396,Kry,Stockholm,other,non,Sweden,Europe,100.0,2022-05-17,10.0,1000.0,900.0,Healthcare,Series D,568.0,2022,59.3251172,18.0710935
397,Netflix,Los Gatos,San Francisco Bay Area,California,USA,North America,150.0,2022-05-17,1.0,15000.0,14850.0,Media,Post-IPO,121900.0,2022,37.226611,-121.9746797
398,Vedantu,Bengaluru,other,Karnataka,India,Asia,424.0,2022-05-18,7.0,6057.0,5633.0,Education,Series E,292.0,2022,12.98815675,77.62260004
399,Cars24,Gurugram,other,Haryana,India,Asia,600.0,2022-05-19,6.0,10000.0,9400.0,Transportation,Series G,1300.0,2022,28.4646148,77.0299194
400,Latch,New York City,other,New York,USA,North America,130.0,2022-05-20,28.0,464.0,334.0,Security,Post-IPO,342.0,2022,40.7127281,-74.0060152
401,Outside,Boulder,other,Colorado,USA,North America,87.0,2022-05-20,15.0,580.0,493.0,Media,Series B,174.0,2022,40.0149856,-105.270545
402,Skillz,San Francisco,San Francisco Bay Area,California,USA,North America,70.0,2022-05-20,10.0,700.0,630.0,Consumer,Post-IPO,287.0,2022,37.7792588,-122.4193286
403,MFine,Bengaluru,other,Karnataka,India,Asia,600.0,2022-05-21,75.0,800.0,200.0,Healthcare,Series C,97.0,2022,12.98815675,77.62260004
404,Klarna,Stockholm,other,non,Sweden,Europe,700.0,2022-05-23,10.0,7000.0,6300.0,Finance,Unknown,3700.0,2022,59.3251172,18.0710935
405,ClickUp,San Diego,other,California,USA,North America,60.0,2022-05-23,7.0,857.0,797.0,Other,Series C,537.0,2022,32.7174202,-117.162772
406,Airtime,New York City,other,New York,USA,North America,30.0,2022-05-23,20.0,150.0,120.0,Consumer,Series B,33.0,2022,40.7127281,-74.0060152
407,BeyondMinds,Tel Aviv,other,non,Israel,Asia,65.0,2022-05-23,100.0,65.0,0.0,Data,Series A,16.0,2022,32.0852997,34.7818064
408,Buenbit,Buenos Aires,other,non,Argentina,South America,80.0,2022-05-23,45.0,178.0,98.0,Crypto,Series A,11.0,2022,-34.6037181,-58.38153
409,Gorillas,Berlin,other,Berlin,Germany,Europe,300.0,2022-05-24,50.0,600.0,300.0,Food,Series C,1300.0,2022,52.5170365,13.3888599
410,Bolt,San Francisco,San Francisco Bay Area,California,USA,North America,240.0,2022-05-25,27.0,889.0,649.0,Finance,Series E,1300.0,2022,37.7792588,-122.4193286
411,Coterie Insurance,Cincinnati,other,Ohio,USA,North America,30.0,2022-05-25,20.0,150.0,120.0,Finance,Series B,70.0,2022,39.1014537,-84.5124602
412,Kontist,Berlin,other,Berlin,Germany,Europe,50.0,2022-05-25,25.0,200.0,150.0,Finance,Series B,53.0,2022,52.5170365,13.3888599
413,Lacework,Mountain View,San Francisco Bay Area,California,USA,North America,300.0,2022-05-25,20.0,1500.0,1200.0,Security,Series D,1900.0,2022,37.3893889,-122.0832101
414,Nuri,Berlin,other,Berlin,Germany,Europe,45.0,2022-05-25,20.0,225.0,180.0,Finance,Series B,42.0,2022,52.5170365,13.3888599
415,VTEX,Sao Paulo,other,State of São Paulo,Brazil,South America,200.0,2022-05-26,13.0,1538.0,1338.0,Retail,Post-IPO,365.0,2022,-23.5506507,-46.6333824
416,Bitso,Mexico City,other,non,Mexico,North America,80.0,2022-05-26,11.0,727.0,647.0,Crypto,Series C,378.0,2022,19.4326296,-99.1331785
417,FrontRow,Bengaluru,other,Karnataka,India,Asia,145.0,2022-05-27,30.0,483.0,338.0,Education,Series A,17.0,2022,12.98815675,77.62260004
418,Uncapped,London,other,England,UK,Europe,29.0,2022-05-27,26.0,112.0,83.0,Finance,Unknown,118.0,2022,51.4893335,-0.144055085
419,Mobile Premier League,Bengaluru,other,Karnataka,India,Asia,100.0,2022-05-30,10.0,1000.0,900.0,Consumer,Series E,375.0,2022,12.98815675,77.62260004
420,SumUp,Sao Paulo,other,State of São Paulo,Brazil,South America,100.0,2022-05-30,3.0,3333.0,3233.0,Finance,Unknown,50.0,2022,-23.5506507,-46.6333824
421,SWVL,Dubai,other,non,United Arabian Emirates,Asia,400.0,2022-05-30,32.0,1250.0,850.0,Transportation,Post-IPO,132.0,2022,25.276987,55.296249
422,BookClub,Salt Lake City,other,Utah,USA,North America,12.0,2022-05-31,25.0,48.0,36.0,Education,Series A,26.0,2022,40.7596198,-111.886797
423,Tomo,Stamford,other,Connecticut,USA,North America,44.0,2022-05-31,33.0,133.0,89.0,Finance,Series A,110.0,2022,41.0534302,-73.5387341
424,Loom,San Francisco,San Francisco Bay Area,California,USA,North America,34.0,2022-06-01,14.0,243.0,209.0,Product,Series C,203.0,2022,37.7792588,-122.4193286
425,Udayy,Gurugram,other,Haryana,India,Asia,100.0,2022-06-01,100.0,100.0,0.0,Education,Seed,2.0,2022,28.4646148,77.0299194
426,Impala,London,other,England,UK,Europe,30.0,2022-06-01,35.0,86.0,56.0,Travel,Series B,32.0,2022,51.4893335,-0.144055085
427,Curve,London,other,England,UK,Europe,65.0,2022-06-01,10.0,650.0,585.0,Finance,Series C,182.0,2022,51.4893335,-0.144055085
428,2TM,Sao Paulo,other,State of São Paulo,Brazil,South America,90.0,2022-06-01,12.0,750.0,660.0,Crypto,Unknown,250.0,2022,-23.5506507,-46.6333824
429,Cybereason,Boston,other,Massachusetts,USA,North America,100.0,2022-06-01,6.0,1667.0,1567.0,Security,Series F,750.0,2022,42.3554334,-71.060511
430,Carbon Health,San Francisco,San Francisco Bay Area,California,USA,North America,250.0,2022-06-02,8.0,3125.0,2875.0,Healthcare,Series D,522.0,2022,37.7792588,-122.4193286
431,Gather,Palo Alto,San Francisco Bay Area,California,USA,North America,30.0,2022-06-02,33.0,91.0,61.0,Consumer,Series B,76.0,2022,37.4443293,-122.1598465
432,Gemini,New York City,other,New York,USA,North America,100.0,2022-06-02,10.0,1000.0,900.0,Crypto,Unknown,423.0,2022,40.7127281,-74.0060152
433,IRL,Berkeley,San Francisco Bay Area,California,USA,North America,25.0,2022-06-02,25.0,100.0,75.0,Consumer,Series C,197.0,2022,37.8708393,-122.272863
434,PolicyGenius,New York City,other,New York,USA,North America,170.0,2022-06-02,25.0,680.0,510.0,Finance,Series E,286.0,2022,40.7127281,-74.0060152
435,Stord,Atlanta,other,Georgia,USA,North America,59.0,2022-06-02,8.0,738.0,679.0,Logistics,Series D,325.0,2022,33.7489924,-84.3902644
436,Yojak,Gurugram,other,Haryana,India,Asia,140.0,2022-06-02,50.0,280.0,140.0,Construction,Seed,3.0,2022,28.4646148,77.0299194
437,Food52,New York City,other,New York,USA,North America,21.0,2022-06-03,15.0,140.0,119.0,Food,Acquired,176.0,2022,40.7127281,-74.0060152
438,Superhuman,San Francisco,San Francisco Bay Area,California,USA,North America,23.0,2022-06-03,22.0,105.0,82.0,Consumer,Series C,108.0,2022,37.7792588,-122.4193286
439,Dutchie,Bend,other,Oregon,USA,North America,50.0,2022-06-06,7.0,714.0,664.0,Other,Series D,603.0,2022,44.0581728,-121.3153096
440,Rupeek,Bengaluru,other,Karnataka,India,Asia,180.0,2022-06-07,15.0,1200.0,1020.0,Finance,Unknown,172.0,2022,12.98815675,77.62260004
441,Bird,Los Angeles,other,California,USA,North America,138.0,2022-06-07,23.0,600.0,462.0,Transportation,Post-IPO,783.0,2022,34.0536909,-118.242766
442,Cazoo,London,other,England,UK,Europe,750.0,2022-06-07,15.0,5000.0,4250.0,Transportation,Post-IPO,2000.0,2022,51.4893335,-0.144055085
443,Sonder,San Francisco,San Francisco Bay Area,California,USA,North America,250.0,2022-06-08,21.0,1190.0,940.0,Travel,Post-IPO,839.0,2022,37.7792588,-122.4193286
444,Truepill,Hayward,San Francisco Bay Area,California,USA,North America,150.0,2022-06-08,15.0,1000.0,850.0,Healthcare,Series D,255.0,2022,37.6688205,-122.080796
445,iPrice Group,Kuala Lumpur,other,non,Malaysia,Asia,50.0,2022-06-08,20.0,250.0,200.0,Retail,Unknown,26.0,2022,3.1516964,101.6942371
446,The Grommet,Boston,other,Massachusetts,USA,North America,40.0,2022-06-09,100.0,40.0,0.0,Retail,Acquired,5.0,2022,42.3554334,-71.060511
447,Boozt,Malmö,other,non,Sweden,Europe,70.0,2022-06-09,5.0,1400.0,1330.0,Retail,Post-IPO,56.0,2022,55.6052931,13.0001566
448,Convoy,Seattle,Cascadia,Washington,USA,North America,90.0,2022-06-09,7.0,1286.0,1196.0,Logistics,Series E,1100.0,2022,47.6038321,-122.330062
449,Hologram,Chicago,other,Illinois,USA,North America,80.0,2022-06-09,40.0,200.0,120.0,Infrastructure,Series B,82.0,2022,41.8755616,-87.6244212
450,OneTrust,Atlanta,other,Georgia,USA,North America,950.0,2022-06-09,25.0,3800.0,2850.0,Security,Series C,926.0,2022,33.7489924,-84.3902644
451,Preply,Boston,other,Massachusetts,USA,North America,26.0,2022-06-09,5.0,520.0,494.0,Education,Series C,100.0,2022,42.3554334,-71.060511
452,Stashaway,Singapore,other,non,Singapore,Asia,31.0,2022-06-09,14.0,221.0,190.0,Finance,Series D,61.0,2022,1.2899175,103.8519072
453,Stitch Fix,San Francisco,San Francisco Bay Area,California,USA,North America,330.0,2022-06-09,15.0,2200.0,1870.0,Retail,Post-IPO,79.0,2022,37.7792588,-122.4193286
454,Sanar,Sao Paulo,other,State of São Paulo,Brazil,South America,60.0,2022-06-10,20.0,300.0,240.0,Healthcare,Unknown,11.0,2022,-23.5506507,-46.6333824
455,Freetrade,London,other,England,UK,Europe,45.0,2022-06-10,15.0,300.0,255.0,Finance,Unknown,133.0,2022,51.4893335,-0.144055085
456,FarEye,New Delhi,other,Delhi,India,Asia,250.0,2022-06-10,30.0,833.0,583.0,Logistics,Series E,150.0,2022,28.6138954,77.2090057
457,Berlin Brands Group,Berlin,other,Berlin,Germany,Europe,100.0,2022-06-10,10.0,1000.0,900.0,Retail,Unknown,1000.0,2022,52.5170365,13.3888599
458,Albert,Los Angeles,other,California,USA,North America,20.0,2022-06-10,8.0,250.0,230.0,Finance,Series C,175.0,2022,34.0536909,-118.242766
459,Crypto.com,Singapore,other,non,Singapore,Asia,260.0,2022-06-10,5.0,5200.0,4940.0,Crypto,Unknown,156.0,2022,1.2899175,103.8519072
460,Studio,San Francisco,San Francisco Bay Area,California,USA,North America,33.0,2022-06-13,40.0,83.0,50.0,Education,Series B,50.0,2022,37.7792588,-122.4193286
461,BlockFi,New York City,other,New York,USA,North America,250.0,2022-06-13,20.0,1250.0,1000.0,Crypto,Series E,1000.0,2022,40.7127281,-74.0060152
462,Wave Sports and Entertainment,Los Angeles,other,California,USA,North America,56.0,2022-06-13,33.0,170.0,114.0,Media,Series B,65.0,2022,34.0536909,-118.242766
463,Coinbase,San Francisco,San Francisco Bay Area,California,USA,North America,1100.0,2022-06-14,18.0,6111.0,5011.0,Crypto,Post-IPO,549.0,2022,37.7792588,-122.4193286
464,TIFIN,Boulder,other,Colorado,USA,North America,24.0,2022-06-14,10.0,240.0,216.0,Crypto,Series D,204.0,2022,40.0149856,-105.270545
465,Sami,Sao Paulo,other,State of São Paulo,Brazil,South America,75.0,2022-06-14,15.0,500.0,425.0,Healthcare,Unknown,36.0,2022,-23.5506507,-46.6333824
466,Breathe,New Delhi,other,Delhi,India,Asia,50.0,2022-06-14,33.0,152.0,102.0,Healthcare,Series A,6.0,2022,28.6138954,77.2090057
467,Compass,New York City,other,New York,USA,North America,450.0,2022-06-14,10.0,4500.0,4050.0,Real Estate,Post-IPO,,2022,40.7127281,-74.0060152
468,Redfin,Seattle,Cascadia,Washington,USA,North America,470.0,2022-06-14,8.0,5875.0,5405.0,Real Estate,Post-IPO,319.0,2022,47.6038321,-122.330062
469,Notarize,Boston,other,Massachusetts,USA,North America,110.0,2022-06-15,25.0,440.0,330.0,Legal,Series D,213.0,2022,42.3554334,-71.060511
470,OpenWeb,Tel Aviv,other,non,Israel,Asia,14.0,2022-06-15,5.0,280.0,266.0,Media,Series E,223.0,2022,32.0852997,34.7818064
471,Swappie,Helsinki,other,non,Finland,Europe,250.0,2022-06-15,17.0,1471.0,1221.0,Retail,Series C,169.0,2022,60.1674881,24.9427473
472,Swyft,Toronto,other,Ontario,Canada,North America,10.0,2022-06-15,30.0,33.0,23.0,Logistics,Series A,20.0,2022,43.6534817,-79.3839347
473,Tonkean,Palo Alto,San Francisco Bay Area,California,USA,North America,23.0,2022-06-15,23.0,100.0,77.0,Other,Series B,83.0,2022,37.4443293,-122.1598465
474,Wealthsimple,Toronto,other,Ontario,Canada,North America,159.0,2022-06-15,13.0,1223.0,1064.0,Finance,Unknown,900.0,2022,43.6534817,-79.3839347
475,Weee!,Fremont,San Francisco Bay Area,California,USA,North America,150.0,2022-06-15,10.0,1500.0,1350.0,Food,Series E,863.0,2022,37.5482697,-121.988571
476,JOKR,New York City,other,New York,USA,North America,50.0,2022-06-16,5.0,1000.0,950.0,Food,Series B,430.0,2022,40.7127281,-74.0060152
477,Zumper,San Francisco,San Francisco Bay Area,California,USA,North America,45.0,2022-06-16,15.0,300.0,255.0,Real Estate,Series D,178.0,2022,37.7792588,-122.4193286
478,Finite State,Columbus,other,Ohio,USA,North America,16.0,2022-06-17,20.0,80.0,64.0,Security,Series B,49.0,2022,39.9622601,-83.0007065
479,Socure,Reno,other,Nevada,USA,North America,69.0,2022-06-17,13.0,531.0,462.0,Finance,Series E,646.0,2022,39.5261206,-119.8126581
480,Unacademy,Bengaluru,other,Karnataka,India,Asia,150.0,2022-06-18,3.0,5000.0,4850.0,Education,Series H,838.0,2022,12.98815675,77.62260004
481,BitOasis,Dubai,other,non,United Arabian Emirates,Asia,9.0,2022-06-19,5.0,180.0,171.0,Crypto,Series B,30.0,2022,25.276987,55.296249
482,CityMall,Gurugram,other,Haryana,India,Asia,191.0,2022-06-19,30.0,637.0,446.0,Retail,Series C,112.0,2022,28.4646148,77.0299194
483,Trax,Singapore,other,non,Singapore,Asia,100.0,2022-06-20,12.0,833.0,733.0,Retail,Series E,1000.0,2022,1.2899175,103.8519072
484,Brighte,Sydney,other,New South Wales,Australia,Oceana,30.0,2022-06-20,15.0,200.0,170.0,Energy,Series C,145.0,2022,-33.8698439,151.2082848
485,SummerBio,Menlo Park,San Francisco Bay Area,California,USA,North America,101.0,2022-06-20,100.0,101.0,0.0,Healthcare,Unknown,7.0,2022,37.4519671,-122.177992
486,Bonsai,Toronto,other,Ontario,Canada,North America,30.0,2022-06-20,55.0,55.0,25.0,Retail,Series A,27.0,2022,43.6534817,-79.3839347
487,Aqgromalin,Chennai,other,Tamil Nadu,India,Asia,80.0,2022-06-20,30.0,267.0,187.0,Food,Unknown,12.0,2022,13.0836939,80.270186
488,Community,Los Angeles,other,California,USA,North America,40.0,2022-06-21,30.0,133.0,93.0,Marketing,Unknown,40.0,2022,34.0536909,-118.242766
489,Ebanx,Curitiba,other,State of Paraná,Brazil,South America,340.0,2022-06-21,20.0,1700.0,1360.0,Finance,Series B,460.0,2022,-25.4295963,-49.2712724
490,Sourcegraph,San Francisco,San Francisco Bay Area,California,USA,North America,24.0,2022-06-21,8.0,300.0,276.0,Product,Series D,248.0,2022,37.7792588,-122.4193286
491,IronNet,Washington DC,other,District of Columbia,USA,North America,90.0,2022-06-22,35.0,257.0,167.0,Security,Post-IPO,410.0,2022,38.8950368,-77.0365427
492,MasterClass,San Francisco,San Francisco Bay Area,California,USA,North America,120.0,2022-06-22,20.0,600.0,480.0,Education,Series E,461.0,2022,37.7792588,-122.4193286
493,Ritual,Toronto,other,Ontario,Canada,North America,23.0,2022-06-22,16.0,144.0,121.0,Food,Series C,134.0,2022,43.6534817,-79.3839347
494,Superpedestrian,Boston,other,Massachusetts,USA,North America,35.0,2022-06-22,7.0,500.0,465.0,Transportation,Series C,261.0,2022,42.3554334,-71.060511
495,Voi,Stockholm,other,non,Sweden,Europe,35.0,2022-06-22,10.0,350.0,315.0,Transportation,Series D,515.0,2022,59.3251172,18.0710935
496,Voyage SMS,Los Angeles,other,California,USA,North America,8.0,2022-06-23,13.0,62.0,54.0,Marketing,Unknown,10.0,2022,34.0536909,-118.242766
497,Vouch,San Francisco,San Francisco Bay Area,California,USA,North America,15.0,2022-06-23,7.0,214.0,199.0,Finance,Series C,159.0,2022,37.7792588,-122.4193286
498,Aura,Boston,other,Massachusetts,USA,North America,70.0,2022-06-23,9.0,778.0,708.0,Security,Series F,500.0,2022,42.3554334,-71.060511
499,Netflix,Los Gatos,San Francisco Bay Area,California,USA,North America,300.0,2022-06-23,3.0,10000.0,9700.0,Media,Post-IPO,121900.0,2022,37.226611,-121.9746797
500,Pipl,Spokane,other,Washington,USA,North America,22.0,2022-06-23,13.0,169.0,147.0,Security,Unknown,19.0,2022,47.6571934,-117.42351
501,Bestow,Dallas,other,Texas,USA,North America,41.0,2022-06-24,14.0,293.0,252.0,Finance,Series C,137.0,2022,32.7762719,-96.7968559
502,Bitpanda,Vienna,other,non,Austria,Europe,270.0,2022-06-24,27.0,1000.0,730.0,Crypto,Series C,546.0,2022,48.2083537,16.3725042
503,Ethos Life,San Francisco,San Francisco Bay Area,California,USA,North America,40.0,2022-06-24,12.0,333.0,293.0,Finance,Series D,406.0,2022,37.7792588,-122.4193286
504,Sunday,Atlanta,other,Georgia,USA,North America,90.0,2022-06-24,23.0,391.0,301.0,Finance,Series A,124.0,2022,33.7489924,-84.3902644
505,UiPath,New York City,other,New York,USA,North America,210.0,2022-06-27,5.0,4200.0,3990.0,Data,Post-IPO,2000.0,2022,40.7127281,-74.0060152
506,Udaan,Bengaluru,other,Karnataka,India,Asia,180.0,2022-06-27,4.0,4500.0,4320.0,Retail,Unknown,,2022,12.98815675,77.62260004
507,Banxa,Melbourne,other,Victoria,Australia,Oceana,70.0,2022-06-27,30.0,233.0,163.0,Crypto,Post-IPO,13.0,2022,-37.8142454,144.9631732
508,AppLovin,Palo Alto,San Francisco Bay Area,California,USA,North America,300.0,2022-06-27,12.0,2500.0,2200.0,Marketing,Post-IPO,1600.0,2022,37.4443293,-122.1598465
509,SafeGraph,San Francisco,San Francisco Bay Area,California,USA,North America,27.0,2022-06-27,25.0,108.0,81.0,Data,Series B,61.0,2022,37.7792588,-122.4193286
510,Bright Machines,San Francisco,San Francisco Bay Area,California,USA,North America,30.0,2022-06-28,8.0,375.0,345.0,Data,Unknown,250.0,2022,37.7792588,-122.4193286
511,HealthMatch,Sydney,other,New South Wales,Australia,Oceana,18.0,2022-06-28,50.0,36.0,18.0,Healthcare,Series B,20.0,2022,-33.8698439,151.2082848
512,Huobi,Beijing,other,non,China,Asia,300.0,2022-06-28,30.0,1000.0,700.0,Crypto,Unknown,2.0,2022,39.916668,116.383331
513,Sidecar Health,Los Angeles,other,California,USA,North America,110.0,2022-06-28,40.0,275.0,165.0,Healthcare,Series C,163.0,2022,34.0536909,-118.242766
514,StockX,Detroit,other,Michigan,USA,North America,120.0,2022-06-28,8.0,1500.0,1380.0,Retail,Series E,690.0,2022,42.3315509,-83.0466403
515,Vezeeta,Dubai,other,non,United Arabian Emirates,Asia,50.0,2022-06-28,10.0,500.0,450.0,Healthcare,Series D,71.0,2022,25.276987,55.296249
516,Clutch,Toronto,other,Ontario,Canada,North America,76.0,2022-06-29,22.0,345.0,269.0,Transportation,Series B,153.0,2022,43.6534817,-79.3839347
517,Substack,San Francisco,San Francisco Bay Area,California,USA,North America,13.0,2022-06-29,14.0,93.0,80.0,Media,Series B,82.0,2022,37.7792588,-122.4193286
518,Rows,Berlin,other,Berlin,Germany,Europe,18.0,2022-06-29,30.0,60.0,42.0,Other,Series B,25.0,2022,52.5170365,13.3888599
519,Qumulo,Seattle,Cascadia,Washington,USA,North America,80.0,2022-06-29,19.0,421.0,341.0,Data,Series E,347.0,2022,47.6038321,-122.330062
520,Unity,San Francisco,San Francisco Bay Area,California,USA,North America,200.0,2022-06-29,4.0,5000.0,4800.0,Other,Post-IPO,1300.0,2022,37.7792588,-122.4193286
521,Niantic,San Francisco,San Francisco Bay Area,California,USA,North America,85.0,2022-06-29,8.0,1063.0,978.0,Consumer,Series D,770.0,2022,37.7792588,-122.4193286
522,Baton,San Francisco,San Francisco Bay Area,California,USA,North America,16.0,2022-06-29,25.0,64.0,48.0,Transportation,Series A,13.0,2022,37.7792588,-122.4193286
523,Oye Rickshaw,New Delhi,other,Delhi,India,Asia,40.0,2022-06-29,20.0,200.0,160.0,Transportation,Unknown,13.0,2022,28.6138954,77.2090057
524,Stream,Boulder,other,Colorado,USA,North America,20.0,2022-06-30,12.0,167.0,147.0,Product,Series B,58.0,2022,40.0149856,-105.270545
525,Stash Financial,New York City,other,New York,USA,North America,40.0,2022-06-30,8.0,500.0,460.0,Finance,Unknown,480.0,2022,40.7127281,-74.0060152
526,Nate,New York City,other,New York,USA,North America,30.0,2022-06-30,20.0,150.0,120.0,Retail,Series A,47.0,2022,40.7127281,-74.0060152
527,Enjoy,Mountain View,San Francisco Bay Area,California,USA,North America,400.0,2022-06-30,18.0,2222.0,1822.0,Retail,Post-IPO,310.0,2022,37.3893889,-122.0832101
528,Crejo.Fun,Bengaluru,other,Karnataka,India,Asia,170.0,2022-06-30,100.0,170.0,0.0,Education,Seed,3.0,2022,12.98815675,77.62260004
529,Abra,Mountain View,San Francisco Bay Area,California,USA,North America,12.0,2022-06-30,5.0,240.0,228.0,Crypto,Series C,106.0,2024,37.3893889,-122.0832101
530,Finleap Connect,Hamburg,other,Hamburg,Germany,Europe,14.0,2022-06-30,10.0,140.0,126.0,Finance,Series A,22.0,2022,53.550341,10.000654
531,Canoo,Los Angeles,other,California,USA,North America,58.0,2022-07-01,6.0,967.0,909.0,Transportation,Post-IPO,300.0,2022,34.0536909,-118.242766
532,Teleport,Oakland,San Francisco Bay Area,California,USA,North America,15.0,2022-07-01,6.0,250.0,235.0,Infrastructure,Series C,169.0,2022,37.8044557,-122.271356
533,WanderJaunt,San Francisco,San Francisco Bay Area,California,USA,North America,85.0,2022-07-01,100.0,85.0,0.0,Travel,Series B,26.0,2022,37.7792588,-122.4193286
534,Celsius,New York City,other,New York,USA,North America,150.0,2022-07-03,25.0,600.0,450.0,Crypto,Series B,864.0,2022,40.7127281,-74.0060152
535,Lendis,Berlin,other,Berlin,Germany,Europe,18.0,2022-07-04,15.0,120.0,102.0,Other,Series A,90.0,2022,52.5170365,13.3888599
536,Lightricks,Jerusalem,other,non,Israel,Asia,80.0,2022-07-04,12.0,667.0,587.0,Consumer,Series D,335.0,2022,31.78847185,35.21879441
537,Sendle,Sydney,other,New South Wales,Australia,Oceana,27.0,2022-07-04,12.0,225.0,198.0,Logistics,Series C,69.0,2022,-33.8698439,151.2082848
538,Verbit,New York City,other,New York,USA,North America,80.0,2022-07-05,10.0,800.0,720.0,Data,Series E,569.0,2022,40.7127281,-74.0060152
539,Transmit Security,Boston,other,Massachusetts,USA,North America,27.0,2022-07-05,7.0,386.0,359.0,Security,Series A,583.0,2022,42.3554334,-71.060511
540,Syte,Tel Aviv,other,non,Israel,Asia,13.0,2022-07-05,8.0,163.0,150.0,Retail,Series C,71.0,2022,32.0852997,34.7818064
541,Outschool,San Francisco,San Francisco Bay Area,California,USA,North America,31.0,2022-07-05,18.0,172.0,141.0,Education,Series D,240.0,2022,37.7792588,-122.4193286
542,Thimble,New York City,other,New York,USA,North America,20.0,2022-07-05,33.0,61.0,41.0,Finance,Series A,28.0,2022,40.7127281,-74.0060152
543,eToro,Tel Aviv,other,non,Israel,Asia,100.0,2022-07-05,6.0,1667.0,1567.0,Finance,Unknown,322.0,2022,32.0852997,34.7818064
544,Bullish,Hong Kong,other,non,Hong Kong,Asia,30.0,2022-07-05,8.0,375.0,345.0,Crypto,Unknown,300.0,2022,22.2793278,114.1628131
545,Bizzabo,New York City,other,New York,USA,North America,120.0,2022-07-05,30.0,400.0,280.0,Marketing,Series E,194.0,2022,40.7127281,-74.0060152
546,Loft,Sao Paulo,other,State of São Paulo,Brazil,South America,384.0,2022-07-05,12.0,3200.0,2816.0,Real Estate,Unknown,788.0,2022,-23.5506507,-46.6333824
547,Anodot,Tel Aviv,other,non,Israel,Asia,35.0,2022-07-06,27.0,130.0,95.0,Data,Series C,64.0,2022,32.0852997,34.7818064
548,Remote,San Francisco,San Francisco Bay Area,California,USA,North America,100.0,2022-07-06,9.0,1111.0,1011.0,HR,Series C,496.0,2022,37.7792588,-122.4193286
549,SQream,New York City,other,New York,USA,North America,30.0,2022-07-06,18.0,167.0,137.0,Data,Series B,77.0,2022,40.7127281,-74.0060152
550,Emotive,Los Angeles,other,California,USA,North America,30.0,2022-07-07,18.0,167.0,137.0,Marketing,Series B,78.0,2022,34.0536909,-118.242766
551,Next Insurance,Palo Alto,San Francisco Bay Area,California,USA,North America,150.0,2022-07-07,17.0,882.0,732.0,Finance,Series E,881.0,2022,37.4443293,-122.1598465
552,Argo AI,Pittsburgh,other,Pennsylvania,USA,North America,150.0,2022-07-07,5.0,3000.0,2850.0,Transportation,Unknown,,2022,40.4416941,-79.9900861
553,Butler Hospitality,New York City,other,New York,USA,North America,1000.0,2022-07-08,100.0,1000.0,0.0,Food,Series B,50.0,2022,40.7127281,-74.0060152
554,Calibrate,New York City,other,New York,USA,North America,156.0,2022-07-08,24.0,650.0,494.0,Healthcare,Series B,127.0,2022,40.7127281,-74.0060152
555,Hopin,London,other,England,UK,Europe,242.0,2022-07-11,29.0,834.0,592.0,Other,Series D,1000.0,2022,51.4893335,-0.144055085
556,SundaySky,New York City,other,New York,USA,North America,24.0,2022-07-11,13.0,185.0,161.0,Marketing,Series D,74.0,2022,40.7127281,-74.0060152
557,Gopuff,Philadelphia,other,Pennsylvania,USA,North America,1500.0,2022-07-12,10.0,15000.0,13500.0,Food,Series H,3400.0,2022,39.9527237,-75.1635262
558,Hubilo,San Francisco,San Francisco Bay Area,California,USA,North America,45.0,2022-07-12,12.0,375.0,330.0,Marketing,Series B,153.0,2022,37.7792588,-122.4193286
559,Involves,Florianopolis,other,State of Santa Catarina,Brazil,South America,70.0,2022-07-13,18.0,389.0,319.0,Retail,Unknown,23.0,2022,-27.5973002,-48.5496098
560,Tonal,San Francisco,San Francisco Bay Area,California,USA,North America,262.0,2022-07-13,35.0,749.0,487.0,Fitness,Series E,450.0,2022,37.7792588,-122.4193286
561,Fabric,New York City,other,New York,USA,North America,120.0,2022-07-13,40.0,300.0,180.0,Logistics,Series C,336.0,2022,40.7127281,-74.0060152
562,Wave,Dakar,other,non,Senegal,Africa,300.0,2022-07-13,15.0,2000.0,1700.0,Finance,Series A,292.0,2022,14.693425,-17.447938
563,Bryter,Berlin,other,Berlin,Germany,Europe,100.0,2022-07-13,30.0,333.0,233.0,Product,Series B,89.0,2022,52.5170365,13.3888599
564,Arrival,London,other,England,UK,Europe,480.0,2022-07-13,30.0,2080.0,1600.0,Transportation,Post-IPO,629.0,2022,51.4893335,-0.144055085
565,ChowNow,Los Angeles,other,California,USA,North America,100.0,2022-07-13,20.0,500.0,400.0,Food,Series C,64.0,2022,34.0536909,-118.242766
566,Zego,London,other,England,UK,Europe,85.0,2022-07-14,17.0,500.0,415.0,Finance,Series C,202.0,2022,51.4893335,-0.144055085
567,Unstoppable Do.,San Francisco,San Francisco Bay Area,California,USA,North America,42.0,2022-07-14,25.0,168.0,126.0,Crypto,Series B,7.0,2022,37.7792588,-122.4193286
568,Kiavi,San Francisco,San Francisco Bay Area,California,USA,North America,39.0,2022-07-14,7.0,557.0,518.0,Real Estate,Series E,240.0,2022,37.7792588,-122.4193286
569,The Mom Project,Chicago,other,Illinois,USA,North America,54.0,2022-07-14,15.0,360.0,306.0,HR,Series C,115.0,2022,41.8755616,-87.6244212
570,Bright Money,Bengaluru,other,Karnataka,India,Asia,100.0,2022-07-15,50.0,200.0,100.0,Finance,Series A,31.0,2022,12.98815675,77.62260004
571,Heroes,London,other,England,UK,Europe,24.0,2022-07-15,20.0,120.0,96.0,Retail,Unknown,265.0,2022,51.4893335,-0.144055085
572,Project44,Chicago,other,Illinois,USA,North America,63.0,2022-07-15,5.0,1260.0,1197.0,Logistics,Unknown,817.0,2022,41.8755616,-87.6244212
573,Gemini,New York City,other,New York,USA,North America,68.0,2022-07-18,7.0,971.0,903.0,Crypto,Unknown,423.0,2022,40.7127281,-74.0060152
574,Lusha,New York City,other,New York,USA,North America,30.0,2022-07-18,10.0,300.0,270.0,Marketing,Series B,245.0,2022,40.7127281,-74.0060152
575,Olive AI,Columbus,other,Ohio,USA,North America,450.0,2022-07-19,31.0,1452.0,1002.0,Healthcare,Series H,856.0,2022,39.9622601,-83.0007065
576,Zencity,Tel Aviv,other,non,Israel,Asia,30.0,2022-07-20,20.0,150.0,120.0,Other,Unknown,51.0,2022,32.0852997,34.7818064
577,Lyft,San Francisco,San Francisco Bay Area,California,USA,North America,60.0,2022-07-20,2.0,3000.0,2940.0,Transportation,Post-IPO,4900.0,2022,37.7792588,-122.4193286
578,Forma.ai,Toronto,other,Ontario,Canada,North America,15.0,2022-07-20,9.0,167.0,152.0,Sales,Series B,58.0,2022,43.6534817,-79.3839347
579,Flyhomes,Seattle,Cascadia,Washington,USA,North America,200.0,2022-07-20,20.0,1000.0,800.0,Real Estate,Series C,310.0,2022,47.6038321,-122.330062
580,Introhive,Ferdericton,other,New Brunswick,Canada,North America,57.0,2022-07-20,16.0,356.0,299.0,Sales,Series C,125.0,2022,45.964993,-66.646332
581,WHOOP,Boston,other,Massachusetts,USA,North America,95.0,2022-07-21,15.0,633.0,538.0,Fitness,Series F,404.0,2022,42.3554334,-71.060511
582,Blockchain.com,London,other,England,UK,Europe,150.0,2022-07-21,25.0,600.0,450.0,Crypto,Series D,490.0,2022,51.4893335,-0.144055085
583,Lunchbox,New York City,other,New York,USA,North America,60.0,2022-07-21,33.0,182.0,122.0,Food,Series B,72.0,2022,40.7127281,-74.0060152
584,Rad Power Bikes,Seattle,Cascadia,Washington,USA,North America,63.0,2022-07-21,10.0,630.0,567.0,Transportation,Series D,329.0,2022,47.6038321,-122.330062
585,RealSelf,Seattle,Cascadia,Washington,USA,North America,11.0,2022-07-21,5.0,220.0,209.0,Healthcare,Series B,42.0,2022,47.6038321,-122.330062
586,Quanto,Sao Paulo,other,State of São Paulo,Brazil,South America,28.0,2022-07-22,22.0,127.0,99.0,Finance,Series A,15.0,2022,-23.5506507,-46.6333824
587,Eucalyptus,Sydney,other,New South Wales,Australia,Oceana,50.0,2022-07-22,20.0,250.0,200.0,Healthcare,Series C,69.0,2022,-33.8698439,151.2082848
588,Clarify Health,San Francisco,San Francisco Bay Area,California,USA,North America,15.0,2022-07-22,5.0,300.0,285.0,Healthcare,Series D,328.0,2022,37.7792588,-122.4193286
589,Soluto,Tel Aviv,other,non,Israel,Asia,120.0,2022-07-24,100.0,120.0,0.0,Support,Acquired,18.0,2022,32.0852997,34.7818064
590,Pear Therapeutics,Boston,other,Massachusetts,USA,North America,25.0,2022-07-25,9.0,278.0,253.0,Healthcare,Post-IPO,409.0,2022,42.3554334,-71.060511
591,Outbrain,New York City,other,New York,USA,North America,38.0,2022-07-26,3.0,1267.0,1229.0,Marketing,Post-IPO,394.0,2022,40.7127281,-74.0060152
592,InDebted,Sydney,other,New South Wales,Australia,Oceana,40.0,2022-07-26,17.0,235.0,195.0,Finance,Series B,41.0,2022,-33.8698439,151.2082848
593,Shopify,Ottawa,other,Ontario,Canada,North America,1000.0,2022-07-26,10.0,10000.0,9000.0,Retail,Post-IPO,122.0,2022,45.4208777,-75.6901106
594,Fiverr,Tel Aviv,other,non,Israel,Asia,60.0,2022-07-26,8.0,750.0,690.0,Other,Post-IPO,111.0,2022,32.0852997,34.7818064
595,Dover,San Jose,San Francisco Bay Area,California,USA,North America,23.0,2022-07-26,30.0,77.0,54.0,HR,Series A,22.0,2022,37.3361663,-121.890591
596,Immutable,Sydney,other,New South Wales,Australia,Oceana,20.0,2022-07-26,6.0,333.0,313.0,Crypto,Series C,279.0,2022,-33.8698439,151.2082848
597,Coinsquare,Toronto,other,Ontario,Canada,North America,30.0,2022-07-27,24.0,125.0,95.0,Crypto,Unknown,98.0,2022,43.6534817,-79.3839347
598,Rivian,Detroit,other,Michigan,USA,North America,840.0,2022-07-27,6.0,14000.0,13160.0,Transportation,Post-IPO,10700.0,2022,42.3315509,-83.0466403
599,Skai,Tel Aviv,other,non,Israel,Asia,30.0,2022-07-27,4.0,750.0,720.0,Marketing,Series E,60.0,2022,32.0852997,34.7818064
600,Vox Media,Washington DC,other,District of Columbia,USA,North America,39.0,2022-07-27,2.0,1950.0,1911.0,Media,Series F,307.0,2022,38.8950368,-77.0365427
601,Career Karma,San Francisco,San Francisco Bay Area,California,USA,North America,60.0,2022-07-28,33.0,182.0,122.0,Education,Series B,51.0,2022,37.7792588,-122.4193286
602,Metromile,San Francisco,San Francisco Bay Area,California,USA,North America,60.0,2022-07-28,20.0,300.0,240.0,Finance,Acquired,510.0,2022,37.7792588,-122.4193286
603,Quantcast,San Francisco,San Francisco Bay Area,California,USA,North America,40.0,2022-07-29,6.0,667.0,627.0,Marketing,Series C,65.0,2022,37.7792588,-122.4193286
604,Clearco,Toronto,other,Ontario,Canada,North America,125.0,2022-07-29,25.0,500.0,375.0,Finance,Series C,681.0,2022,43.6534817,-79.3839347
605,Vee,Tel Aviv,other,non,Israel,Asia,16.0,2022-07-31,32.0,50.0,34.0,HR,Seed,15.0,2022,32.0852997,34.7818064
606,Metigy,Sydney,other,New South Wales,Australia,Oceana,75.0,2022-07-31,100.0,75.0,0.0,Marketing,Series B,18.0,2022,-33.8698439,151.2082848
607,Hash,Sao Paulo,other,State of São Paulo,Brazil,South America,58.0,2022-08-01,50.0,116.0,58.0,Finance,Series C,58.0,2022,-23.5506507,-46.6333824
608,Sendy,Nairobi,other,non,Kenya,Africa,30.0,2022-08-02,10.0,300.0,270.0,Logistics,Series B,26.0,2022,-1.2832533,36.8172449
609,Sendy,Nairobi,other,non,Kenya,Africa,54.0,2022-08-02,20.0,270.0,216.0,Logistics,Series B,26.0,2022,-1.2832533,36.8172449
610,Robinhood,Menlo Park,San Francisco Bay Area,California,USA,North America,713.0,2022-08-02,23.0,3100.0,2387.0,Finance,Post-IPO,5600.0,2022,37.4519671,-122.177992
611,Stedi,Boulder,other,Colorado,USA,North America,23.0,2022-08-02,30.0,77.0,54.0,Product,Series B,75.0,2022,40.0149856,-105.270545
612,Nylas,San Francisco,San Francisco Bay Area,California,USA,North America,80.0,2022-08-02,25.0,320.0,240.0,Product,Series C,175.0,2022,37.7792588,-122.4193286
613,Latch,New York City,other,New York,USA,North America,115.0,2022-08-02,37.0,311.0,196.0,Security,Post-IPO,342.0,2022,40.7127281,-74.0060152
614,Glossier,New York City,other,New York,USA,North America,19.0,2022-08-02,8.0,238.0,219.0,Retail,Series E,266.0,2022,40.7127281,-74.0060152
615,Outreach,Seattle,Cascadia,Washington,USA,North America,60.0,2022-08-02,5.0,1200.0,1140.0,Sales,Series G,489.0,2022,47.6038321,-122.330062
616,Beyond Meat,Los Angeles,other,California,USA,North America,40.0,2022-08-03,4.0,1000.0,960.0,Food,Post-IPO,122.0,2022,34.0536909,-118.242766
617,Unbounce,Vancouver,Cascadia,British Columbia,Canada,North America,47.0,2022-08-03,20.0,235.0,188.0,Marketing,Series A,39.0,2022,49.2608724,-123.113952
618,RenoRun,Montreal,other,Quebec,Canada,North America,70.0,2022-08-04,12.0,583.0,513.0,Construction,Series B,163.0,2022,45.5031824,-73.5698065
619,10X Genomics,Pleasanton,San Francisco Bay Area,California,USA,North America,100.0,2022-08-04,8.0,1250.0,1150.0,Healthcare,Post-IPO,242.0,2022,37.6624312,-121.8746789
620,Doma,Huntington Beach,other,California,USA,North America,250.0,2022-08-04,13.0,1923.0,1673.0,Finance,Post-IPO,679.0,2022,33.6783336,-118.000016
621,Jam City,Los Angeles,other,California,USA,North America,200.0,2022-08-04,17.0,1176.0,976.0,Consumer,Unknown,652.0,2022,34.0536909,-118.242766
622,LEAD,Mumbai,other,Maharashtra,India,Asia,80.0,2022-08-04,4.0,2000.0,1920.0,Education,Series E,166.0,2022,19.0785451,72.878176
623,On Deck,San Francisco,San Francisco Bay Area,California,USA,North America,73.0,2022-08-04,33.0,221.0,148.0,Education,Series A,20.0,2022,37.7792588,-122.4193286
624,Uberflip,Toronto,other,Ontario,Canada,North America,31.0,2022-08-05,17.0,182.0,151.0,Marketing,Series A,42.0,2022,43.6534817,-79.3839347
625,iRobot,Boston,other,Massachusetts,USA,North America,140.0,2022-08-05,10.0,1400.0,1260.0,Consumer,Acquired,30.0,2022,42.3554334,-71.060511
626,Mejuri,Toronto,other,Ontario,Canada,North America,50.0,2022-08-05,10.0,500.0,450.0,Retail,Series B,28.0,2022,43.6534817,-79.3839347
627,Groupon,Chicago,other,Illinois,USA,North America,500.0,2022-08-08,15.0,3333.0,2833.0,Retail,Post-IPO,,2022,41.8755616,-87.6244212
628,Loggi,Sao Paulo,other,State of São Paulo,Brazil,South America,500.0,2022-08-08,15.0,3333.0,2833.0,Logistics,Series F,507.0,2022,-23.5506507,-46.6333824
629,Perion,Tel Aviv,other,non,Israel,Asia,20.0,2022-08-08,5.0,400.0,380.0,Marketing,Post-IPO,76.0,2022,32.0852997,34.7818064
630,Nutanix,San Jose,San Francisco Bay Area,California,USA,North America,270.0,2022-08-09,4.0,6750.0,6480.0,Infrastructure,Post-IPO,1100.0,2022,37.3361663,-121.890591
631,GoHealth,Chicago,other,Illinois,USA,North America,800.0,2022-08-09,20.0,4000.0,3200.0,Healthcare,Post-IPO,75.0,2022,41.8755616,-87.6244212
632,Hootsuite,Vancouver,Cascadia,British Columbia,Canada,North America,400.0,2022-08-09,30.0,1333.0,933.0,Marketing,Series C,300.0,2022,49.2608724,-123.113952
633,Linktree,Melbourne,other,Victoria,Australia,Oceana,50.0,2022-08-09,17.0,294.0,244.0,Consumer,Unknown,165.0,2022,-37.8142454,144.9631732
634,MadeiraMadeira,Curitiba,other,State of Paraná,Brazil,South America,60.0,2022-08-09,3.0,2000.0,1940.0,Retail,Series E,338.0,2022,-25.4295963,-49.2712724
635,Quanterix,Boston,other,Massachusetts,USA,North America,130.0,2022-08-09,25.0,520.0,390.0,Healthcare,Post-IPO,533.0,2022,42.3554334,-71.060511
636,Shogun,Walnut,San Francisco Bay Area,California,USA,North America,48.0,2022-08-09,30.0,160.0,112.0,Retail,Series C,114.0,2022,37.910076,-122.065186
637,Permutive,London,other,England,UK,Europe,30.0,2022-08-10,12.0,250.0,220.0,Marketing,Series C,105.0,2022,51.4893335,-0.144055085
638,Trybe,Sao Paulo,other,State of São Paulo,Brazil,South America,47.0,2022-08-10,10.0,470.0,423.0,Education,Series B,40.0,2022,-23.5506507,-46.6333824
639,FourKites,Chicago,other,Illinois,USA,North America,60.0,2022-08-11,8.0,750.0,690.0,Logistics,Series D,201.0,2022,41.8755616,-87.6244212
640,Marketforce,Nairobi,other,non,Kenya,Africa,54.0,2022-08-11,9.0,600.0,546.0,Retail,Series A,42.0,2022,-1.2832533,36.8172449
641,Calm,San Francisco,San Francisco Bay Area,California,USA,North America,90.0,2022-08-11,20.0,450.0,360.0,Healthcare,Series C,218.0,2022,37.7792588,-122.4193286
642,Truepill,Hayward,San Francisco Bay Area,California,USA,North America,175.0,2022-08-11,33.0,530.0,355.0,Healthcare,Series D,255.0,2022,37.6688205,-122.080796
643,Peloton,New York City,other,New York,USA,North America,784.0,2022-08-12,13.0,6031.0,5247.0,Fitness,Post-IPO,1900.0,2022,40.7127281,-74.0060152
644,ContraFect,New York City,other,New York,USA,North America,16.0,2022-08-15,37.0,43.0,27.0,Healthcare,Post-IPO,380.0,2022,40.7127281,-74.0060152
645,Sema4,Stamford,other,Connecticut,USA,North America,250.0,2022-08-15,13.0,1923.0,1673.0,Healthcare,Post-IPO,791.0,2022,41.0534302,-73.5387341
646,Blend,San Francisco,San Francisco Bay Area,California,USA,North America,220.0,2022-08-15,12.0,1833.0,1613.0,Finance,Post-IPO,665.0,2022,37.7792588,-122.4193286
647,Woven,Indianapolis,other,Indiana,USA,North America,5.0,2022-08-16,15.0,33.0,28.0,HR,Series A,11.0,2022,39.7683331,-86.1583502
648,Pliops,Tel Aviv,other,non,Israel,Asia,12.0,2022-08-16,9.0,133.0,121.0,Data,Series D,205.0,2022,32.0852997,34.7818064
649,AlayaCare,Montreal,other,Quebec,Canada,North America,80.0,2022-08-16,14.0,571.0,491.0,Healthcare,Series D,293.0,2022,45.5031824,-73.5698065
650,Malwarebytes,Santa Clara,San Francisco Bay Area,California,USA,North America,125.0,2022-08-17,14.0,893.0,768.0,Security,Series B,80.0,2022,37.354107,-121.955238
651,New Relic,San Francisco,San Francisco Bay Area,California,USA,North America,110.0,2022-08-18,5.0,2200.0,2090.0,Infrastructure,Post-IPO,214.0,2022,37.7792588,-122.4193286
652,Wheel,Austin,other,Texas,USA,North America,35.0,2022-08-18,17.0,206.0,171.0,Healthcare,Series C,215.0,2022,30.2711286,-97.7436995
653,Wayfair,Boston,other,Massachusetts,USA,North America,870.0,2022-08-19,5.0,17400.0,16530.0,Retail,Post-IPO,,2022,42.3554334,-71.060511
654,Amperity,Seattle,Cascadia,Washington,USA,North America,13.0,2022-08-20,3.0,433.0,420.0,Marketing,Series D,187.0,2022,47.6038321,-122.330062
655,NSO,Tel Aviv,other,non,Israel,Asia,100.0,2022-08-21,14.0,714.0,614.0,Security,Seed,1.0,2022,32.0852997,34.7818064
656,Tufin,Boston,other,Massachusetts,USA,North America,55.0,2022-08-21,10.0,550.0,495.0,Security,Acquired,21.0,2022,42.3554334,-71.060511
657,Tier Mobility,Berlin,other,Berlin,Germany,Europe,180.0,2022-08-23,16.0,1125.0,945.0,Transportation,Series D,646.0,2022,52.5170365,13.3888599
658,Skedulo,San Francisco,San Francisco Bay Area,California,USA,North America,31.0,2022-08-23,8.0,388.0,357.0,HR,Series C,114.0,2022,37.7792588,-122.4193286
659,Q4,Toronto,other,Ontario,Canada,North America,50.0,2022-08-23,8.0,625.0,575.0,Other,Series C,91.0,2022,43.6534817,-79.3839347
660,DataRobot,Boston,other,Massachusetts,USA,North America,242.0,2022-08-23,26.0,930.0,688.0,Data,Series G,1000.0,2022,42.3554334,-71.060511
661,Packable,New York City,other,New York,USA,North America,138.0,2022-08-23,20.0,690.0,552.0,Retail,Unknown,472.0,2022,40.7127281,-74.0060152
662,Plato,San Francisco,San Francisco Bay Area,California,USA,North America,29.0,2022-08-23,50.0,58.0,29.0,HR,Seed,3.0,2022,37.7792588,-122.4193286
663,Loop,Austin,other,Texas,USA,North America,15.0,2022-08-24,20.0,75.0,60.0,Finance,Series A,24.0,2022,30.2711286,-97.7436995
664,Reali,San Mateo,San Francisco Bay Area,California,USA,North America,140.0,2022-08-24,100.0,140.0,0.0,Real Estate,Series B,117.0,2022,37.496904,-122.3330573
665,Argyle,New York City,other,New York,USA,North America,20.0,2022-08-26,7.0,286.0,266.0,Finance,Series B,78.0,2022,40.7127281,-74.0060152
666,54gene,Washington DC,other,District of Columbia,USA,North America,95.0,2022-08-29,30.0,317.0,222.0,Healthcare,Series B,44.0,2022,38.8950368,-77.0365427
667,Immersive Labs,Bristol,other,England,UK,Europe,38.0,2022-08-30,10.0,380.0,342.0,Security,Series C,123.0,2022,51.4538022,-2.5972985
668,Apartment List,San Francisco,San Francisco Bay Area,California,USA,North America,29.0,2022-08-31,10.0,290.0,261.0,Real Estate,Series D,169.0,2022,37.7792588,-122.4193286
669,GoodRx,Los Angeles,other,California,USA,North America,140.0,2022-08-31,16.0,875.0,735.0,Healthcare,Post-IPO,910.0,2022,34.0536909,-118.242766
670,Hippo Insurance,Palo Alto,San Francisco Bay Area,California,USA,North America,70.0,2022-08-31,10.0,700.0,630.0,Finance,Post-IPO,1300.0,2022,37.4443293,-122.1598465
671,Smava,Berlin,other,Berlin,Germany,Europe,100.0,2022-08-31,10.0,1000.0,900.0,Finance,Unknown,188.0,2022,52.5170365,13.3888599
672,Snap,Los Angeles,other,California,USA,North America,1280.0,2022-08-31,20.0,6400.0,5120.0,Consumer,Post-IPO,4900.0,2022,34.0536909,-118.242766
673,TCR2,Boston,other,Massachusetts,USA,North America,30.0,2022-08-31,20.0,150.0,120.0,Healthcare,Post-IPO,173.0,2022,42.3554334,-71.060511
674,2TM,Sao Paulo,other,State of São Paulo,Brazil,South America,100.0,2022-09-01,15.0,667.0,567.0,Crypto,Unknown,250.0,2022,-23.5506507,-46.6333824
675,Innovaccer,San Francisco,San Francisco Bay Area,California,USA,North America,90.0,2022-09-01,8.0,1125.0,1035.0,Healthcare,Series E,379.0,2022,37.7792588,-122.4193286
676,Urban Sports Club,Berlin,other,Berlin,Germany,Europe,55.0,2022-09-01,15.0,367.0,312.0,Fitness,Unknown,95.0,2022,52.5170365,13.3888599
677,Kuda,Lagos,other,non,Nigeria,Africa,23.0,2022-09-02,5.0,460.0,437.0,Finance,Series B,91.0,2022,6.4550575,3.3941795
678,Brave Care,Portland,Cascadia,Oregon,USA,North America,40.0,2022-09-06,33.0,121.0,81.0,Healthcare,Series B,42.0,2022,45.5202471,-122.674194
679,Lawgeex,Tel Aviv,other,non,Israel,Asia,30.0,2022-09-06,33.0,91.0,61.0,Legal,Series C,41.0,2022,32.0852997,34.7818064
680,Demandbase,San Francisco,San Francisco Bay Area,California,USA,North America,27.0,2022-09-07,3.0,900.0,873.0,Sales,Series H,143.0,2022,37.7792588,-122.4193286
681,Intercom,San Francisco,San Francisco Bay Area,California,USA,North America,49.0,2022-09-07,5.0,980.0,931.0,Support,Series D,240.0,2022,37.7792588,-122.4193286
682,Pendo,Raleigh,other,North Carolina,USA,North America,45.0,2022-09-07,5.0,900.0,855.0,Product,Series F,469.0,2022,35.7803977,-78.6390989
683,Simple Feast,Copenhagen,other,non,Denmark,Europe,150.0,2022-09-07,100.0,150.0,0.0,Food,Unknown,173.0,2022,55.6867243,12.5700724
684,Pomelo Fashion,Bangkok,other,non,Thailand,Asia,55.0,2022-09-08,8.0,688.0,633.0,Retail,Unknown,120.0,2022,13.7524938,100.4935089
685,Compete,Tel Aviv,other,non,Israel,Asia,11.0,2022-09-12,28.0,39.0,28.0,HR,Series A,17.0,2022,32.0852997,34.7818064
686,Rubius,Boston,other,Massachusetts,USA,North America,160.0,2022-09-13,75.0,213.0,53.0,Healthcare,Post-IPO,445.0,2022,42.3554334,-71.060511
687,Taboola,New York City,other,New York,USA,North America,100.0,2022-09-13,6.0,1667.0,1567.0,Marketing,Post-IPO,445.0,2022,40.7127281,-74.0060152
688,Checkout.com,London,other,England,UK,Europe,100.0,2022-09-13,5.0,2000.0,1900.0,Finance,Series D,1800.0,2022,51.4893335,-0.144055085
689,Patreon,San Francisco,San Francisco Bay Area,California,USA,North America,80.0,2022-09-13,17.0,471.0,391.0,Media,Series F,413.0,2022,37.7792588,-122.4193286
690,Infarm,Berlin,other,Berlin,Germany,Europe,50.0,2022-09-14,5.0,1000.0,950.0,Other,Series D,604.0,2022,52.5170365,13.3888599
691,Pitch,Berlin,other,Berlin,Germany,Europe,59.0,2022-09-14,30.0,197.0,138.0,Marketing,Series B,137.0,2022,52.5170365,13.3888599
692,Twilio,San Francisco,San Francisco Bay Area,California,USA,North America,800.0,2022-09-14,11.0,7273.0,6473.0,Other,Post-IPO,614.0,2022,37.7792588,-122.4193286
693,Acast,Stockholm,other,non,Sweden,Europe,70.0,2022-09-15,15.0,467.0,397.0,Media,Post-IPO,126.0,2024,59.3251172,18.0710935
694,LivePerson,New York City,other,New York,USA,North America,193.0,2022-09-15,11.0,1755.0,1562.0,Support,Post-IPO,42.0,2022,40.7127281,-74.0060152
695,WorkRamp,San Carlos,San Francisco Bay Area,California,USA,North America,35.0,2022-09-15,20.0,175.0,140.0,HR,Series C,67.0,2022,37.504936,-122.261823
696,Clear,Bengaluru,other,Karnataka,India,Asia,190.0,2022-09-16,20.0,950.0,760.0,Finance,Series C,140.0,2022,12.98815675,77.62260004
697,TrueLayer,London,other,England,UK,Europe,40.0,2022-09-16,10.0,400.0,360.0,Finance,Series E,271.0,2022,51.4893335,-0.144055085
698,Vesalius Therapeutics,Boston,other,Massachusetts,USA,North America,29.0,2022-09-19,43.0,67.0,38.0,Healthcare,Series B,75.0,2022,42.3554334,-71.060511
699,99,Sao Paulo,other,State of São Paulo,Brazil,South America,75.0,2022-09-20,2.0,3750.0,3675.0,Transportation,Acquired,244.0,2024,-23.5506507,-46.6333824
700,Ada,Toronto,other,Ontario,Canada,North America,78.0,2022-09-20,16.0,488.0,410.0,Support,Series C,190.0,2024,43.6534817,-79.3839347
701,Compass,New York City,other,New York,USA,North America,271.0,2022-09-20,6.7,4050.0,3779.0,Real Estate,Post-IPO,1600.0,2022,40.7127281,-74.0060152
702,Kitty Hawk,Palo Alto,San Francisco Bay Area,California,USA,North America,100.0,2022-09-21,100.0,100.0,0.0,Aerospace,Unknown,1.0,2022,37.4443293,-122.1598465
703,NYDIG,New York City,other,New York,USA,North America,110.0,2022-09-22,33.0,333.0,223.0,Crypto,Private Equity,1400.0,2022,40.7127281,-74.0060152
704,Foxtrot,Chicago,other,Illinois,USA,North America,26.0,2022-09-23,4.0,650.0,624.0,Food,Series C,166.0,2022,41.8755616,-87.6244212
705,Moss,Berlin,other,Berlin,Germany,Europe,70.0,2022-09-23,15.0,467.0,397.0,Finance,Series B,150.0,2022,52.5170365,13.3888599
706,Truiloo,Vancouver,Cascadia,British Columbia,Canada,North America,24.0,2022-09-23,5.0,480.0,456.0,Security,Series D,474.0,2022,49.2608724,-123.113952
707,Divvy Homes,San Francisco,San Francisco Bay Area,California,USA,North America,40.0,2022-09-27,12.0,333.0,293.0,Real Estate,Series B,180.0,2022,37.7792588,-122.4193286
708,DocuSign,San Francisco,San Francisco Bay Area,California,USA,North America,671.0,2022-09-28,9.0,7456.0,6785.0,Sales,Post-IPO,536.0,2022,37.7792588,-122.4193286
709,Mux,San Francisco,San Francisco Bay Area,California,USA,North America,40.0,2022-09-29,20.0,200.0,160.0,Infrastructure,Series D,173.0,2022,37.7792588,-122.4193286
710,Spin,San Francisco,San Francisco Bay Area,California,USA,North America,78.0,2022-09-30,10.0,780.0,702.0,Transportation,Acquired,8.0,2022,37.7792588,-122.4193286
711,8x8,Campbell,San Francisco Bay Area,California,USA,North America,200.0,2022-10-04,9.0,2222.0,2022.0,Support,Post-IPO,253.0,2022,37.287167,-121.949959
712,Homie,Salt Lake City,other,Utah,USA,North America,40.0,2022-10-04,13.0,308.0,268.0,Real Estate,Series B,35.0,2022,40.7596198,-111.886797
713,Zoomo,Sydney,other,New South Wales,Australia,Oceana,65.0,2022-10-04,16.0,406.0,341.0,Transportation,Series B,105.0,2022,-33.8698439,151.2082848
714,Built In,Chicago,other,Illinois,USA,North America,50.0,2022-10-05,25.0,200.0,150.0,HR,Series C,29.0,2022,41.8755616,-87.6244212
715,Crypto.com,Singapore,other,non,Singapore,Asia,2000.0,2022-10-06,30.0,6667.0,4667.0,Crypto,Unknown,156.0,2022,1.2899175,103.8519072
716,Impossible Foods,Redwood City,San Francisco Bay Area,California,USA,North America,50.0,2022-10-06,6.0,833.0,783.0,Food,Series H,1900.0,2022,37.4863239,-122.232523
717,Peloton,New York City,other,New York,USA,North America,500.0,2022-10-06,12.0,4167.0,3667.0,Fitness,Post-IPO,1900.0,2022,40.7127281,-74.0060152
718,BioMarin,San Rafael,San Francisco Bay Area,California,USA,North America,120.0,2022-10-07,4.0,3000.0,2880.0,Healthcare,Post-IPO,585.0,2022,37.9747795,-122.5316686
719,Redesign Health,New York City,other,New York,USA,North America,67.0,2022-10-10,20.0,335.0,268.0,Healthcare,Series C,315.0,2022,40.7127281,-74.0060152
720,Pavilion Data,San Jose,San Francisco Bay Area,California,USA,North America,96.0,2022-10-10,96.0,100.0,4.0,Infrastructure,Series D,103.0,2022,37.3361663,-121.890591
721,Momentive,San Mateo,San Francisco Bay Area,California,USA,North America,180.0,2022-10-10,11.0,1636.0,1456.0,Marketing,Post-IPO,1100.0,2022,37.496904,-122.3330573
722,Brex,San Francisco,San Francisco Bay Area,California,USA,North America,136.0,2022-10-11,11.0,1236.0,1100.0,Finance,Series D,1500.0,2022,37.7792588,-122.4193286
723,Linkfire,Copenhagen,other,non,Denmark,Europe,35.0,2022-10-11,35.0,100.0,65.0,Marketing,Seed,2.0,2022,55.6867243,12.5700724
724,Noom,New York City,other,New York,USA,North America,500.0,2022-10-11,10.0,5000.0,4500.0,Healthcare,Series F,657.0,2022,40.7127281,-74.0060152
725,Pacaso,San Francisco,San Francisco Bay Area,California,USA,North America,100.0,2022-10-11,30.0,333.0,233.0,Real Estate,Series C,217.0,2022,37.7792588,-122.4193286
726,Udacity,Mountain View,San Francisco Bay Area,California,USA,North America,55.0,2022-10-11,13.0,423.0,368.0,Education,Unknown,235.0,2022,37.3893889,-122.0832101
727,6sense,San Francisco,San Francisco Bay Area,California,USA,North America,150.0,2022-10-12,10.0,1500.0,1350.0,Sales,Series E,426.0,2022,37.7792588,-122.4193286
728,Byju's,Bengaluru,other,Karnataka,India,Asia,2500.0,2022-10-12,5.0,50000.0,47500.0,Education,Private Equity,,2022,12.98815675,77.62260004
729,FrontRow,Bengaluru,other,Karnataka,India,Asia,130.0,2022-10-12,75.0,173.0,43.0,Education,Series A,17.0,2022,12.98815675,77.62260004
730,Playdots,New York City,other,New York,USA,North America,65.0,2022-10-13,100.0,65.0,0.0,Consumer,Acquired,10.0,2022,40.7127281,-74.0060152
731,Beyond Meat,Los Angeles,other,California,USA,North America,200.0,2022-10-14,19.0,1053.0,853.0,Food,Post-IPO,122.0,2022,34.0536909,-118.242766
732,Flipboard,Palo Alto,San Francisco Bay Area,California,USA,North America,24.0,2022-10-16,21.0,114.0,90.0,Media,Unknown,235.0,2022,37.4443293,-122.1598465
733,Faire,San Francisco,San Francisco Bay Area,California,USA,North America,84.0,2022-10-18,7.0,1200.0,1116.0,Retail,Series G,1700.0,2022,37.7792588,-122.4193286
734,Leafly,Seattle,Cascadia,Washington,USA,North America,56.0,2022-10-18,21.0,267.0,211.0,Retail,Post-IPO,71.0,2022,47.6038321,-122.330062
735,AtoB,San Francisco,San Francisco Bay Area,California,USA,North America,32.0,2022-10-19,30.0,107.0,75.0,Finance,Series B,177.0,2022,37.7792588,-122.4193286
736,Gopuff,Philadelphia,other,Pennsylvania,USA,North America,250.0,2022-10-19,1.9,13500.0,13250.0,Food,Series H,3400.0,2022,39.9527237,-75.1635262
737,InfoSum,London,other,England,UK,Europe,20.0,2022-10-19,12.0,167.0,147.0,Security,Series B,88.0,2022,51.4893335,-0.144055085
738,Loom,San Francisco,San Francisco Bay Area,California,USA,North America,23.0,2022-10-20,11.0,209.0,186.0,Product,Series C,203.0,2022,37.7792588,-122.4193286
739,Zeus Living,San Francisco,San Francisco Bay Area,California,USA,North America,64.0,2022-10-20,46.0,139.0,75.0,Real Estate,Series C,151.0,2022,37.7792588,-122.4193286
740,Hotmart,Belo Horizonte,other,State of Minas Gerais,Brazil,South America,227.0,2022-10-20,12.0,1892.0,1665.0,Marketing,Series C,127.0,2022,-19.9227318,-43.9450948
741,Elinvar,Berlin,other,Berlin,Germany,Europe,43.0,2022-10-21,33.0,130.0,87.0,Finance,Unknown,30.0,2022,52.5170365,13.3888599
742,Khoros,Austin,other,Texas,USA,North America,120.0,2022-10-21,10.0,1200.0,1080.0,Sales,Private Equity,138.0,2022,30.2711286,-97.7436995
743,Synapsica,New Delhi,other,Delhi,India,Asia,30.0,2022-10-21,30.0,100.0,70.0,Healthcare,Series A,4.0,2022,28.6138954,77.2090057
744,Antidote Health,Tel Aviv,other,non,Israel,Asia,23.0,2022-10-23,38.0,61.0,38.0,Healthcare,Unknown,36.0,2022,32.0852997,34.7818064
745,OrCam,Jerusalem,other,non,Israel,Asia,62.0,2022-10-23,16.0,388.0,326.0,Healthcare,Unknown,86.0,2022,31.78847185,35.21879441
746,Unico,Sao Paulo,other,State of São Paulo,Brazil,South America,50.0,2022-10-24,4.0,1250.0,1200.0,Other,Series D,336.0,2022,-23.5506507,-46.6333824
747,Cerebral,Walnut,San Francisco Bay Area,California,USA,North America,400.0,2022-10-24,20.0,2000.0,1600.0,Healthcare,Series C,462.0,2022,37.910076,-122.065186
748,Snyk,Boston,other,Massachusetts,USA,North America,198.0,2022-10-24,14.0,1414.0,1216.0,Security,Series F,849.0,2022,42.3554334,-71.060511
749,Vee,Tel Aviv,other,non,Israel,Asia,17.0,2022-10-25,50.0,34.0,17.0,HR,Seed,15.0,2022,32.0852997,34.7818064
750,Fundbox,San Francisco,San Francisco Bay Area,California,USA,North America,150.0,2022-10-25,42.0,357.0,207.0,Finance,Series D,553.0,2022,37.7792588,-122.4193286
751,Embroker,San Francisco,San Francisco Bay Area,California,USA,North America,30.0,2022-10-25,12.0,250.0,220.0,Finance,Series C,142.0,2022,37.7792588,-122.4193286
752,Argo AI,Pittsburgh,other,Pennsylvania,USA,North America,173.0,2022-10-26,6.1,2850.0,2677.0,Transportation,Unknown,3600.0,2022,40.4416941,-79.9900861
753,Cybereason,Boston,other,Massachusetts,USA,North America,200.0,2022-10-26,17.0,1176.0,976.0,Security,Series F,750.0,2022,42.3554334,-71.060511
754,MindBody,San Luis Obispo,other,California,USA,North America,400.0,2022-10-26,15.0,2667.0,2267.0,Fitness,Post-IPO,114.0,2022,35.3540209,-120.375716
755,Zillow,Seattle,Cascadia,Washington,USA,North America,300.0,2022-10-26,5.0,6000.0,5700.0,Real Estate,Post-IPO,97.0,2022,47.6038321,-122.330062
756,Recharge,Los Angeles,other,California,USA,North America,84.0,2022-10-27,17.0,494.0,410.0,Finance,Series B,277.0,2022,34.0536909,-118.242766
757,RenoRun,Montreal,other,Quebec,Canada,North America,210.0,2022-10-27,43.0,488.0,278.0,Construction,Series B,163.0,2022,45.5031824,-73.5698065
758,Amazon,Seattle,Cascadia,Washington,USA,North America,150.0,2022-10-28,0.0,333483.0,333333.0,Retail,Post-IPO,108.0,2022,47.6038321,-122.330062
759,Fifth Season,Pittsburgh,other,Pennsylvania,USA,North America,100.0,2022-10-28,100.0,100.0,0.0,Food,Series B,35.0,2022,40.4416941,-79.9900861
760,Kry,Stockholm,other,non,Sweden,Europe,300.0,2022-10-31,10.0,3000.0,2700.0,Healthcare,Series D,568.0,2022,59.3251172,18.0710935
761,Equitybee,Palo Alto,San Francisco Bay Area,California,USA,North America,25.0,2022-10-31,20.0,125.0,100.0,Finance,Series B,85.0,2022,37.4443293,-122.1598465
762,EquityZen,New York City,other,New York,USA,North America,30.0,2022-10-31,27.0,111.0,81.0,Finance,Series B,11.0,2022,40.7127281,-74.0060152
763,Gem,San Francisco,San Francisco Bay Area,California,USA,North America,100.0,2022-11-01,33.0,303.0,203.0,HR,Series C,148.0,2022,37.7792588,-122.4193286
764,Hootsuite,Vancouver,Cascadia,British Columbia,Canada,North America,50.0,2022-11-01,5.0,1000.0,950.0,Marketing,Series C,300.0,2022,49.2608724,-123.113952
765,Oda,Oslo,other,non,Norway,Europe,70.0,2022-11-01,18.0,389.0,319.0,Food,Unknown,377.0,2022,59.9133301,10.7389701
766,Upstart,San Mateo,San Francisco Bay Area,California,USA,North America,140.0,2022-11-01,7.0,2000.0,1860.0,Finance,Post-IPO,144.0,2022,37.496904,-122.3330573
767,Iron Ox,Gilroy,San Francisco Bay Area,California,USA,North America,50.0,2022-11-02,50.0,100.0,50.0,Food,Series C,103.0,2022,37.0065078,-121.5631723
768,Opendoor,San Francisco,San Francisco Bay Area,California,USA,North America,550.0,2022-11-02,18.0,3056.0,2506.0,Real Estate,Post-IPO,,2022,37.7792588,-122.4193286
769,Dapper Labs,Vancouver,Cascadia,British Columbia,Canada,North America,134.0,2022-11-02,22.0,609.0,475.0,Crypto,Series D,607.0,2022,49.2608724,-123.113952
770,Smava,Berlin,other,Berlin,Germany,Europe,100.0,2022-11-02,15.0,667.0,567.0,Finance,Unknown,188.0,2022,52.5170365,13.3888599
771,Checkmarx,Tel Aviv,other,non,Israel,Asia,100.0,2022-11-02,10.0,1000.0,900.0,Security,Series C,92.0,2022,32.0852997,34.7818064
772,Chime,San Francisco,San Francisco Bay Area,California,USA,North America,156.0,2022-11-02,12.0,1300.0,1144.0,Finance,Series G,2300.0,2022,37.7792588,-122.4193286
773,Chargebee,North Bethesda,San Francisco Bay Area,California,USA,North America,142.0,2022-11-02,10.0,1420.0,1278.0,Finance,Series H,468.0,2022,37.773972,-122.431297
774,Delivery Hero,Berlin,other,Berlin,Germany,Europe,100.0,2022-11-03,2.5,4000.0,3900.0,Food,Post-IPO,8300.0,2022,52.5170365,13.3888599
775,Lyft,San Francisco,San Francisco Bay Area,California,USA,North America,700.0,2022-11-03,13.0,5385.0,4685.0,Transportation,Post-IPO,4900.0,2022,37.7792588,-122.4193286
776,Pleo,Copenhagen,other,non,Denmark,Europe,150.0,2022-11-03,15.0,1000.0,850.0,Finance,Series C,428.0,2022,55.6867243,12.5700724
777,Shippo,San Francisco,San Francisco Bay Area,California,USA,North America,60.0,2022-11-03,20.0,300.0,240.0,Logistics,Series E,154.0,2022,37.7792588,-122.4193286
778,Stripe,San Francisco,San Francisco Bay Area,California,USA,North America,1000.0,2022-11-03,14.0,7143.0,6143.0,Finance,Series H,2300.0,2022,37.7792588,-122.4193286
779,Twitter,San Francisco,San Francisco Bay Area,California,USA,North America,3700.0,2022-11-04,50.0,7400.0,3700.0,Consumer,Post-IPO,12900.0,2022,37.7792588,-122.4193286
780,Planetly,Berlin,other,Berlin,Germany,Europe,200.0,2022-11-04,100.0,200.0,0.0,Other,Acquired,5.0,2022,52.5170365,13.3888599
781,Exodus,Nebraska City,other,Nebraska,USA,North America,59.0,2022-11-04,22.0,268.0,209.0,Crypto,Unknown,60.0,2022,40.676526,-95.858694
782,KoinWorks,Jakarta,other,non,Indonesia,Asia,70.0,2022-11-04,8.0,875.0,805.0,Finance,Unknown,180.0,2022,-6.175247,106.8270488
783,Varonis,New York City,other,New York,USA,North America,110.0,2022-11-06,5.0,2200.0,2090.0,Security,Post-IPO,30.0,2022,40.7127281,-74.0060152
784,Dock,Sao Paulo,other,State of São Paulo,Brazil,South America,190.0,2022-11-07,12.0,1583.0,1393.0,Finance,Private Equity,280.0,2022,-23.5506507,-46.6333824
785,SaleSan Francisco Bay Areaorce,San Francisco,San Francisco Bay Area,California,USA,North America,1000.0,2022-11-07,1.0,100000.0,99000.0,Sales,Post-IPO,65.0,2022,37.7792588,-122.4193286
786,Unacademy,Bengaluru,other,Karnataka,India,Asia,350.0,2022-11-07,10.0,3500.0,3150.0,Education,Series H,838.0,2022,12.98815675,77.62260004
787,Zendesk,San Francisco,San Francisco Bay Area,California,USA,North America,350.0,2022-11-07,5.0,7000.0,6650.0,Support,Acquired,85.0,2022,37.7792588,-122.4193286
788,Repertoire Immunity,Boston,other,Massachusetts,USA,North America,65.0,2022-11-08,50.0,130.0,65.0,Healthcare,Series B,257.0,2022,42.3554334,-71.060511
789,Namogoo,Tel Aviv,other,non,Israel,Asia,25.0,2022-11-09,15.0,167.0,142.0,Marketing,Series C,69.0,2022,32.0852997,34.7818064
790,Redfin,Seattle,Cascadia,Washington,USA,North America,862.0,2022-11-09,13.0,6631.0,5769.0,Real Estate,Post-IPO,320.0,2022,47.6038321,-122.330062
791,Plum,Bengaluru,other,Karnataka,India,Asia,36.0,2022-11-09,10.0,360.0,324.0,Healthcare,Series A,20.0,2022,12.98815675,77.62260004
792,Root Insurance,Columbus,other,Ohio,USA,North America,137.0,2022-11-09,20.0,685.0,548.0,Finance,Post-IPO,527.0,2022,39.9622601,-83.0007065
793,Liftoff,Redwood City,San Francisco Bay Area,California,USA,North America,130.0,2022-11-09,15.0,867.0,737.0,Marketing,Acquired,6.0,2022,37.4863239,-122.232523
794,Kabam,San Francisco,San Francisco Bay Area,California,USA,North America,35.0,2022-11-09,7.0,500.0,465.0,Consumer,Acquired,244.0,2022,37.7792588,-122.4193286
795,Flyhomes,Seattle,Cascadia,Washington,USA,North America,300.0,2022-11-09,40.0,750.0,450.0,Real Estate,Series C,310.0,2022,47.6038321,-122.330062
796,AvantStay,Los Angeles,other,California,USA,North America,144.0,2022-11-09,22.0,655.0,511.0,Travel,Private Equity,686.0,2022,34.0536909,-118.242766
797,Meta,Menlo Park,San Francisco Bay Area,California,USA,North America,11000.0,2022-11-09,13.0,84615.0,73615.0,Consumer,Post-IPO,26000.0,2022,37.4519671,-122.177992
798,Blend,San Francisco,San Francisco Bay Area,California,USA,North America,100.0,2022-11-10,6.0,1667.0,1567.0,Finance,Post-IPO,665.0,2022,37.7792588,-122.4193286
799,GoTo Group,Jakarta,other,non,Indonesia,Asia,1300.0,2022-11-10,12.0,10833.0,9533.0,Transportation,Post-IPO,1300.0,2022,-6.175247,106.8270488
800,InfluxData,San Francisco,San Francisco Bay Area,California,USA,North America,65.0,2022-11-10,27.0,241.0,176.0,Data,Series D,119.0,2022,37.7792588,-122.4193286
801,Juul,San Francisco,San Francisco Bay Area,California,USA,North America,400.0,2022-11-10,30.0,1333.0,933.0,Consumer,Unknown,1500.0,2022,37.7792588,-122.4193286
802,Ocavu,Lehi,other,Utah,USA,North America,20.0,2022-11-10,48.0,42.0,22.0,Crypto,Series A,11.0,2022,40.3881114,-111.8486019
803,SoundHound,Santa Clara,San Francisco Bay Area,California,USA,North America,45.0,2022-11-10,10.0,450.0,405.0,Other,Post-IPO,326.0,2022,37.354107,-121.955238
804,Veev,Hayward,San Francisco Bay Area,California,USA,North America,100.0,2022-11-11,30.0,333.0,233.0,Real Estate,Series D,597.0,2022,37.6688205,-122.080796
805,Forto,Berlin,other,Berlin,Germany,Europe,60.0,2022-11-11,8.0,750.0,690.0,Logistics,Series D,593.0,2022,52.5170365,13.3888599
806,Cloudinary,Santa Clara,San Francisco Bay Area,California,USA,North America,40.0,2022-11-14,8.0,500.0,460.0,Media,Unknown,100.0,2022,37.354107,-121.955238
807,iFit,Logan,other,Utah,USA,North America,300.0,2022-11-14,20.0,1500.0,1200.0,Fitness,Private Equity,200.0,2022,40.1075089,-89.3768539
808,Illumina,San Diego,other,California,USA,North America,500.0,2022-11-14,5.0,10000.0,9500.0,Healthcare,Post-IPO,28.0,2022,32.7174202,-117.162772
809,Intercom,San Francisco,San Francisco Bay Area,California,USA,North America,124.0,2022-11-14,13.0,954.0,830.0,Support,Series D,240.0,2022,37.7792588,-122.4193286
810,Pipedrive,Tallinn,other,non,Estonia,Europe,143.0,2022-11-14,15.0,953.0,810.0,Sales,Private Equity,90.0,2022,59.4372155,24.7453688
811,Ribbon,New York City,other,New York,USA,North America,170.0,2022-11-14,85.0,200.0,30.0,Real Estate,Series C,405.0,2022,40.7127281,-74.0060152
812,UiPath,New York City,other,New York,USA,North America,241.0,2022-11-15,6.0,4017.0,3776.0,Data,Post-IPO,,2022,40.7127281,-74.0060152
813,OwnBackup,New York City,other,New York,USA,North America,170.0,2022-11-15,17.0,1000.0,830.0,Security,Series E,507.0,2022,40.7127281,-74.0060152
814,Jimdo,Hamburg,other,Hamburg,Germany,Europe,50.0,2022-11-15,16.0,313.0,263.0,Other,Unknown,28.0,2022,53.550341,10.000654
815,Asana,San Francisco,San Francisco Bay Area,California,USA,North America,180.0,2022-11-15,9.0,2000.0,1820.0,Other,Post-IPO,453.0,2022,37.7792588,-122.4193286
816,CaptivateIQ,San Francisco,San Francisco Bay Area,California,USA,North America,31.0,2022-11-15,10.0,310.0,279.0,Sales,Series C,164.0,2022,37.7792588,-122.4193286
817,Deliveroo Australia,Melbourne,other,Victoria,Australia,Oceana,120.0,2022-11-15,100.0,120.0,0.0,Food,Post-IPO,,2022,-37.8142454,144.9631732
818,Yotpo,New York City,other,New York,USA,North America,70.0,2022-11-16,9.0,778.0,708.0,Marketing,Unknown,436.0,2022,40.7127281,-74.0060152
819,Twiga,Nairobi,other,non,Kenya,Africa,211.0,2022-11-16,21.0,1005.0,794.0,Food,Series C,157.0,2022,-1.2832533,36.8172449
820,Similarweb,New York City,other,New York,USA,North America,120.0,2022-11-16,10.0,1200.0,1080.0,Other,Post-IPO,235.0,2022,40.7127281,-74.0060152
821,Salsify,Boston,other,Massachusetts,USA,North America,90.0,2022-11-16,11.0,818.0,728.0,Retail,Series F,452.0,2022,42.3554334,-71.060511
822,Wayflyer,Dublin,other,non,Ireland,Europe,200.0,2022-11-16,40.0,500.0,300.0,Marketing,Unknown,889.0,2022,53.3493795,-6.2605593
823,Lokalise,Dover,other,Ohio,USA,North America,76.0,2022-11-16,23.0,330.0,254.0,Other,Series B,56.0,2022,39.158168,-75.5243682
824,Cisco,San Jose,San Francisco Bay Area,California,USA,North America,4100.0,2022-11-16,5.0,82000.0,77900.0,Infrastructure,Post-IPO,2.0,2022,37.3361663,-121.890591
825,Amazon,Seattle,Cascadia,Washington,USA,North America,10000.0,2022-11-16,3.0,333333.0,323333.0,Retail,Post-IPO,108.0,2022,47.6038321,-122.330062
826,Pear Therapeutics,Boston,other,Massachusetts,USA,North America,59.0,2022-11-16,22.0,268.0,209.0,Healthcare,Post-IPO,409.0,2022,42.3554334,-71.060511
827,&Open,Dublin,other,non,Ireland,Europe,9.0,2022-11-17,9.0,100.0,91.0,Marketing,Series A,35.0,2022,53.3493795,-6.2605593
828,Capitolis,New York City,other,New York,USA,North America,37.0,2022-11-17,25.0,148.0,111.0,Finance,Series D,281.0,2022,40.7127281,-74.0060152
829,Juni,Gothenburg,other,non,Sweden,Europe,72.0,2022-11-17,33.0,218.0,146.0,Finance,Unknown,281.0,2022,57.7072326,11.9670171
830,Koho,Toronto,other,Ontario,Canada,North America,15.0,2022-11-17,4.0,375.0,360.0,Finance,Series D,278.0,2022,43.6534817,-79.3839347
831,Roku,San Jose,San Francisco Bay Area,California,USA,North America,200.0,2022-11-17,7.0,2857.0,2657.0,Media,Post-IPO,208.0,2022,37.3361663,-121.890591
832,TealBook,Toronto,other,Ontario,Canada,North America,34.0,2022-11-17,19.0,179.0,145.0,Other,Series B,73.0,2022,43.6534817,-79.3839347
833,Nuro,Mountain View,San Francisco Bay Area,California,USA,North America,300.0,2022-11-18,20.0,1500.0,1200.0,Transportation,Series D,2100.0,2022,37.3893889,-122.0832101
834,Carvana,Phoenix,other,Arizona,USA,North America,1500.0,2022-11-18,8.0,18750.0,17250.0,Transportation,Post-IPO,1600.0,2022,33.4484367,-112.074141
835,Synthego,Menlo Park,San Francisco Bay Area,California,USA,North America,105.0,2022-11-18,20.0,525.0,420.0,Healthcare,Series E,459.0,2022,37.4519671,-122.177992
836,Zomato,Gurugram,other,Haryana,India,Asia,100.0,2022-11-19,4.0,2500.0,2400.0,Food,Series J,914.0,2022,28.4646148,77.0299194
837,Jumia,Lagos,other,non,Nigeria,Africa,900.0,2022-11-21,20.0,4500.0,3600.0,Retail,Post-IPO,,2022,6.4550575,3.3941795
838,Kitopi,Dubai,other,non,United Arabian Emirates,Asia,93.0,2022-11-21,10.0,930.0,837.0,Food,Series C,804.0,2022,25.276987,55.296249
839,SIRCLO,Jakarta,other,non,Indonesia,Asia,160.0,2022-11-22,8.0,2000.0,1840.0,Retail,Series B,92.0,2022,-6.175247,106.8270488
840,Trax,Singapore,other,non,Singapore,Asia,80.0,2022-11-22,8.0,1000.0,920.0,Retail,Series E,1000.0,2022,1.2899175,103.8519072
841,Lemon,Buenos Aires,other,non,Argentina,South America,100.0,2022-11-24,38.0,263.0,163.0,Crypto,Series A,17.0,2022,-34.6037181,-58.38153
842,Quidax,Lagos,other,non,Nigeria,Africa,20.0,2022-11-24,20.0,100.0,80.0,Crypto,Unknown,3.0,2022,6.4550575,3.3941795
843,Carwow,London,other,England,UK,Europe,70.0,2022-11-25,20.0,350.0,280.0,Transportation,Unknown,157.0,2022,51.4893335,-0.144055085
844,Vendease,Lagos,other,non,Nigeria,Africa,27.0,2022-11-25,9.0,300.0,273.0,Food,Series A,43.0,2022,6.4550575,3.3941795
845,VerSe Innovation,Bengaluru,other,Karnataka,India,Asia,150.0,2022-11-25,5.0,3000.0,2850.0,Media,Series J,1700.0,2022,12.98815675,77.62260004
846,Wildlife Studios,Sao Paulo,other,State of São Paulo,Brazil,South America,300.0,2022-11-28,20.0,1500.0,1200.0,Consumer,Unknown,260.0,2022,-23.5506507,-46.6333824
847,ResearchGate,Berlin,other,Berlin,Germany,Europe,25.0,2022-11-28,10.0,250.0,225.0,Other,Series D,87.0,2022,52.5170365,13.3888599
848,Infarm,Berlin,other,Berlin,Germany,Europe,500.0,2022-11-28,50.0,1000.0,500.0,Other,Series D,604.0,2022,52.5170365,13.3888599
849,ApplyBoard,Waterloo,other,Ontario,Canada,North America,90.0,2022-11-28,6.0,1500.0,1410.0,Education,Series D,483.0,2022,43.4652699,-80.5222961
850,Ajaib,Jakarta,other,non,Indonesia,Asia,67.0,2022-11-28,8.0,838.0,771.0,Finance,Unknown,245.0,2022,-6.175247,106.8270488
851,Candy Digital,New York City,other,New York,USA,North America,33.0,2022-11-28,33.0,100.0,67.0,Crypto,Series A,100.0,2022,40.7127281,-74.0060152
852,CoinJar,Melbourne,other,Victoria,Australia,Oceana,10.0,2022-11-29,20.0,50.0,40.0,Crypto,Unknown,1.0,2022,-37.8142454,144.9631732
853,Lyst,London,other,England,UK,Europe,50.0,2022-11-29,25.0,200.0,150.0,Retail,Unknown,144.0,2022,51.4893335,-0.144055085
854,Wonder,New York City,other,New York,USA,North America,130.0,2022-11-30,7.0,1857.0,1727.0,Food,Series B,850.0,2022,40.7127281,-74.0060152
855,Ula,Jakarta,other,non,Indonesia,Asia,134.0,2022-11-30,23.0,583.0,449.0,Retail,Series B,140.0,2022,-6.175247,106.8270488
856,Ualá,Buenos Aires,other,non,Argentina,South America,53.0,2022-11-30,3.0,1767.0,1714.0,Finance,Series D,544.0,2022,-34.6037181,-58.38153
857,Thread,London,other,England,UK,Europe,30.0,2022-11-30,50.0,60.0,30.0,Retail,Acquired,40.0,2022,51.4893335,-0.144055085
858,Happy Money,Los Angeles,other,California,USA,North America,158.0,2022-11-30,34.0,465.0,307.0,Finance,Series D,191.0,2022,34.0536909,-118.242766
859,Kraken,San Francisco,San Francisco Bay Area,California,USA,North America,1100.0,2022-11-30,30.0,3667.0,2567.0,Crypto,Unknown,134.0,2022,37.7792588,-122.4193286
860,Grin,Sacramento,other,California,USA,North America,60.0,2022-11-30,13.0,462.0,402.0,Marketing,Series B,145.0,2022,38.5810606,-121.493895
861,DoorDash,San Francisco,San Francisco Bay Area,California,USA,North America,1250.0,2022-11-30,6.0,20833.0,19583.0,Food,Post-IPO,2500.0,2022,37.7792588,-122.4193286
862,Teachmint,Bengaluru,other,Karnataka,India,Asia,45.0,2022-11-30,5.0,900.0,855.0,Education,Series B,118.0,2022,12.98815675,77.62260004
863,Bizzabo,New York City,other,New York,USA,North America,100.0,2022-12-01,37.0,270.0,170.0,Marketing,Series E,194.0,2022,40.7127281,-74.0060152
864,Carousell,Singapore,other,non,Singapore,Asia,110.0,2022-12-01,10.0,1100.0,990.0,Retail,Private Equity,372.0,2022,1.2899175,103.8519072
865,Netlify,San Francisco,San Francisco Bay Area,California,USA,North America,48.0,2022-12-01,16.0,300.0,252.0,Product,Series D,212.0,2022,37.7792588,-122.4193286
866,Springbig,Miami,other,Florida,USA,North America,37.0,2022-12-01,23.0,161.0,124.0,Sales,Post-IPO,32.0,2022,25.7741728,-80.19362
867,Polly,Burlington,other,Vermont,USA,North America,47.0,2022-12-02,15.0,313.0,266.0,Finance,Series C,184.0,2022,44.4761601,-73.212906
868,DataRails,Tel Aviv,other,non,Israel,Asia,30.0,2022-12-05,18.0,167.0,137.0,Finance,Series B,103.0,2022,32.0852997,34.7818064
869,Aqua Security,Boston,other,Massachusetts,USA,North America,65.0,2022-12-05,10.0,650.0,585.0,Security,Series E,265.0,2022,42.3554334,-71.060511
870,Bridgit,Waterloo,other,Ontario,Canada,North America,13.0,2022-12-06,13.0,100.0,87.0,Construction,Series B,36.0,2022,43.4652699,-80.5222961
871,BuzzFeed,New York City,other,New York,USA,North America,180.0,2022-12-06,12.0,1500.0,1320.0,Media,Post-IPO,696.0,2022,40.7127281,-74.0060152
872,Chipper Cash,San Francisco,San Francisco Bay Area,California,USA,North America,50.0,2022-12-06,13.0,385.0,335.0,Finance,Series C,302.0,2022,37.7792588,-122.4193286
873,Doma,Huntington Beach,other,California,USA,North America,515.0,2022-12-06,40.0,1288.0,773.0,Finance,Post-IPO,679.0,2022,33.6783336,-118.000016
874,Perimeter 81,Tel Aviv,other,non,Israel,Asia,20.0,2022-12-06,8.0,250.0,230.0,Security,Series C,165.0,2022,32.0852997,34.7818064
875,Stash,New York City,other,New York,USA,North America,32.0,2022-12-06,8.0,400.0,368.0,Finance,Unknown,480.0,2022,40.7127281,-74.0060152
876,Motive,San Francisco,San Francisco Bay Area,California,USA,North America,237.0,2022-12-07,6.0,3950.0,3713.0,Transportation,Series F,567.0,2022,37.7792588,-122.4193286
877,Relativity,Chicago,other,Illinois,USA,North America,150.0,2022-12-07,10.0,1500.0,1350.0,Legal,Private Equity,125.0,2022,41.8755616,-87.6244212
878,Voi,Stockholm,other,non,Sweden,Europe,130.0,2022-12-07,13.0,1000.0,870.0,Transportation,Series D,515.0,2022,59.3251172,18.0710935
879,Plaid,San Francisco,San Francisco Bay Area,California,USA,North America,260.0,2022-12-07,20.0,1300.0,1040.0,Finance,Series D,734.0,2022,37.7792588,-122.4193286
880,Loft,Sao Paulo,other,State of São Paulo,Brazil,South America,312.0,2022-12-07,12.0,2600.0,2288.0,Real Estate,Unknown,788.0,2022,-23.5506507,-46.6333824
881,Houzz,Palo Alto,San Francisco Bay Area,California,USA,North America,95.0,2022-12-07,8.0,1188.0,1093.0,Consumer,Series E,613.0,2022,37.4443293,-122.1598465
882,Lev,New York City,other,New York,USA,North America,30.0,2022-12-07,30.0,100.0,70.0,Real Estate,Series B,114.0,2022,40.7127281,-74.0060152
883,Integral Ad Science,New York City,other,New York,USA,North America,120.0,2022-12-07,13.0,923.0,803.0,Marketing,Acquired,116.0,2022,40.7127281,-74.0060152
884,Grover,Berlin,other,Berlin,Germany,Europe,40.0,2022-12-07,10.0,400.0,360.0,Retail,Unknown,,2022,52.5170365,13.3888599
885,Lithic,New York City,other,New York,USA,North America,27.0,2022-12-07,18.0,150.0,123.0,Finance,Series C,115.0,2022,40.7127281,-74.0060152
886,Airtable,San Francisco,San Francisco Bay Area,California,USA,North America,254.0,2022-12-08,20.0,1270.0,1016.0,Product,Series F,1400.0,2022,37.7792588,-122.4193286
887,Armis,San Francisco,San Francisco Bay Area,California,USA,North America,25.0,2022-12-08,4.0,625.0,600.0,Security,Private Equity,537.0,2022,37.7792588,-122.4193286
888,BlackLine,Los Angeles,other,California,USA,North America,95.0,2022-12-08,5.0,1900.0,1805.0,Finance,Private Equity,220.0,2022,34.0536909,-118.242766
889,Buser,Sao Paulo,other,State of São Paulo,Brazil,South America,160.0,2022-12-08,30.0,533.0,373.0,Transportation,Series C,138.0,2022,-23.5506507,-46.6333824
890,CyCognito,Palo Alto,San Francisco Bay Area,California,USA,North America,30.0,2022-12-08,15.0,200.0,170.0,Security,Series C,153.0,2022,37.4443293,-122.1598465
891,Glints,Singapore,other,non,Singapore,Asia,198.0,2022-12-08,18.0,1100.0,902.0,HR,Series D,82.0,2022,1.2899175,103.8519072
892,Otonomo,Tel Aviv,other,non,Israel,Asia,80.0,2022-12-08,50.0,160.0,80.0,Transportation,Post-IPO,231.0,2022,32.0852997,34.7818064
893,Swiggy,Bengaluru,other,Karnataka,India,Asia,250.0,2022-12-08,3.0,8333.0,8083.0,Food,Unknown,,2022,12.98815675,77.62260004
894,TechTarget,Boston,other,Massachusetts,USA,North America,60.0,2022-12-08,5.0,1200.0,1140.0,Marketing,Post-IPO,115.0,2022,42.3554334,-71.060511
895,Primer,London,other,England,UK,Europe,85.0,2022-12-09,33.0,258.0,173.0,Finance,Series B,73.0,2022,51.4893335,-0.144055085
896,OneFootball,Berlin,other,Berlin,Germany,Europe,62.0,2022-12-09,12.0,517.0,455.0,Marketing,Series D,442.0,2022,52.5170365,13.3888599
897,Alice,Sao Paulo,other,State of São Paulo,Brazil,South America,113.0,2022-12-09,16.0,706.0,593.0,Healthcare,Series C,174.0,2022,-23.5506507,-46.6333824
898,C2FO,Kansas City,other,Kansas,USA,North America,20.0,2022-12-09,2.0,1000.0,980.0,Finance,Series H,537.0,2022,39.100105,-94.5781416
899,Outschool,San Francisco,San Francisco Bay Area,California,USA,North America,43.0,2022-12-10,25.0,172.0,129.0,Education,Series D,240.0,2022,37.7792588,-122.4193286
900,Xentral,Munich,other,Bayern,Germany,Europe,20.0,2022-12-10,10.0,200.0,180.0,Product,Series B,94.0,2022,48.1371079,11.5753822
901,Pluralsight,Salt Lake City,other,Utah,USA,North America,400.0,2022-12-12,20.0,2000.0,1600.0,Education,Acquired,192.0,2022,40.7596198,-111.886797
902,Edgio,Phoenix,other,Arizona,USA,North America,95.0,2022-12-13,10.0,950.0,855.0,Infrastructure,Post-IPO,462.0,2022,33.4484367,-112.074141
903,Komodo Health,San Francisco,San Francisco Bay Area,California,USA,North America,78.0,2022-12-13,9.0,867.0,789.0,Healthcare,Series E,514.0,2022,37.7792588,-122.4193286
904,Thumbtack,San Francisco,San Francisco Bay Area,California,USA,North America,160.0,2022-12-13,14.0,1143.0,983.0,Consumer,Series I,698.0,2022,37.7792588,-122.4193286
905,Headspace,Los Angeles,other,California,USA,North America,50.0,2022-12-14,4.0,1250.0,1200.0,Healthcare,Unknown,215.0,2022,34.0536909,-118.242766
906,JD.ID,Jakarta,other,non,Indonesia,Asia,200.0,2022-12-14,30.0,667.0,467.0,Retail,Post-IPO,,2022,-6.175247,106.8270488
907,ChowNow,Los Angeles,other,California,USA,North America,40.0,2022-12-14,10.0,400.0,360.0,Food,Series C,64.0,2022,34.0536909,-118.242766
908,BigCommerce,Austin,other,Texas,USA,North America,180.0,2022-12-15,13.0,1385.0,1205.0,Retail,Post-IPO,224.0,2022,30.2711286,-97.7436995
909,Freshworks,San Mateo,San Francisco Bay Area,California,USA,North America,90.0,2022-12-15,2.0,4500.0,4410.0,Support,Post-IPO,484.0,2022,37.496904,-122.3330573
910,LeafLink,New York City,other,New York,USA,North America,80.0,2022-12-15,31.0,258.0,178.0,Other,Series C,379.0,2022,40.7127281,-74.0060152
911,Workmotion,Berlin,other,Berlin,Germany,Europe,60.0,2022-12-15,20.0,300.0,240.0,HR,Series B,76.0,2022,52.5170365,13.3888599
912,Revelate,Montreal,other,Quebec,Canada,North America,24.0,2022-12-16,30.0,80.0,56.0,Data,Series A,26.0,2022,45.5031824,-73.5698065
913,Tomorrow,Hamburg,other,Hamburg,Germany,Europe,30.0,2022-12-16,25.0,120.0,90.0,Finance,Unknown,29.0,2022,53.550341,10.000654
914,Homebot,Denver,other,Colorado,USA,North America,18.0,2022-12-19,13.0,138.0,120.0,Real Estate,Acquired,4.0,2022,39.7392364,-104.984862
915,Briza,Toronto,other,Ontario,Canada,North America,26.0,2022-12-20,40.0,65.0,39.0,Finance,Series A,10.0,2022,43.6534817,-79.3839347
916,Chope,Singapore,other,non,Singapore,Asia,65.0,2022-12-20,24.0,271.0,206.0,Food,Series E,50.0,2022,1.2899175,103.8519072
917,TuSimple,San Diego,other,California,USA,North America,350.0,2022-12-21,25.0,1400.0,1050.0,Transportation,Post-IPO,648.0,2022,32.7174202,-117.162772
918,Back Market,Paris,other,non,France,Europe,93.0,2022-12-23,13.0,715.0,622.0,Retail,Series E,1000.0,2022,48.8588897,2.320041022
919,Micron,Boise,other,Idaho,USA,North America,4800.0,2023-01-01,10.0,48000.0,43200.0,Hardware,Post-IPO,50.0,2023,43.6166163,-116.200886
920,Uniphore,Palo Alto,San Francisco Bay Area,California,USA,North America,76.0,2023-01-03,10.0,760.0,684.0,Support,Series E,620.0,2023,37.4443293,-122.1598465
921,Amazon,Seattle,Cascadia,Washington,USA,North America,8000.0,2023-01-04,2.0,400000.0,392000.0,Retail,Post-IPO,108.0,2023,47.6038321,-122.330062
922,Astronomer,Cincinnati,other,Ohio,USA,North America,76.0,2023-01-04,20.0,380.0,304.0,Data,Series C,282.0,2023,39.1014537,-84.5124602
923,Augury,New York City,other,New York,USA,North America,20.0,2023-01-04,5.0,400.0,380.0,Manufacturing,Series E,274.0,2023,40.7127281,-74.0060152
924,Kaltura,New York City,other,New York,USA,North America,75.0,2023-01-04,11.0,682.0,607.0,Media,Post-IPO,166.0,2023,40.7127281,-74.0060152
925,SaleSan Francisco Bay Areaorce,San Francisco,San Francisco Bay Area,California,USA,North America,8000.0,2023-01-04,10.0,80000.0,72000.0,Sales,Post-IPO,65.0,2023,37.7792588,-122.4193286
926,UpScalio,Gurugram,other,Haryana,India,Asia,25.0,2023-01-05,15.0,167.0,142.0,Retail,Series B,62.0,2023,28.4646148,77.0299194
927,Twine Solutions,Tel Aviv,other,non,Israel,Asia,30.0,2023-01-05,33.0,91.0,61.0,Hardware,Unknown,50.0,2023,32.0852997,34.7818064
928,SoundHound,Santa Clara,San Francisco Bay Area,California,USA,North America,200.0,2023-01-05,50.0,400.0,200.0,Other,Post-IPO,326.0,2023,37.354107,-121.955238
929,Socure,Reno,other,Nevada,USA,North America,104.0,2023-01-05,19.0,547.0,443.0,Finance,Series E,646.0,2023,39.5261206,-119.8126581
930,Moglix,Singapore,other,non,Singapore,Asia,40.0,2023-01-05,2.0,2000.0,1960.0,Retail,Series F,472.0,2023,1.2899175,103.8519072
931,Pecan AI,Tel Aviv,other,non,Israel,Asia,30.0,2023-01-05,25.0,120.0,90.0,Data,Series C,116.0,2023,32.0852997,34.7818064
932,Everlane,San Francisco,San Francisco Bay Area,California,USA,North America,30.0,2023-01-05,17.0,176.0,146.0,Retail,Unknown,176.0,2023,37.7792588,-122.4193286
933,Personetics,New York City,other,New York,USA,North America,30.0,2023-01-05,8.0,375.0,345.0,Support,Private Equity,178.0,2023,40.7127281,-74.0060152
934,Huobi,Beijing,other,non,China,Asia,275.0,2023-01-06,20.0,1375.0,1100.0,Crypto,Unknown,2.0,2023,39.916668,116.383331
935,Bounce,Bengaluru,other,Karnataka,India,Asia,40.0,2023-01-06,5.0,800.0,760.0,Transportation,Series D,214.0,2023,12.98815675,77.62260004
936,WalkMe,San Francisco,San Francisco Bay Area,California,USA,North America,43.0,2023-01-08,3.0,1433.0,1390.0,Other,Post-IPO,307.0,2023,37.7792588,-122.4193286
937,Minute Media,London,other,England,UK,Europe,50.0,2023-01-08,10.0,500.0,450.0,Media,Series I,160.0,2023,51.4893335,-0.144055085
938,Fate Therapeutics,San Diego,other,California,USA,North America,315.0,2023-01-09,57.0,553.0,238.0,Healthcare,Post-IPO,,2023,32.7174202,-117.162772
939,Thinkific,Vancouver,Cascadia,British Columbia,Canada,North America,76.0,2023-01-10,19.0,400.0,324.0,Education,Post-IPO,22.0,2023,49.2608724,-123.113952
940,Parler,Nashville,other,Tennessee,USA,North America,60.0,2023-01-10,75.0,80.0,20.0,Consumer,Series B,36.0,2023,36.1622767,-86.7742984
941,GoBolt,Toronto,other,Ontario,Canada,North America,55.0,2023-01-10,5.0,1100.0,1045.0,Logistics,Series C,178.0,2023,43.6534817,-79.3839347
942,ForeScout,Tel Aviv,other,non,Israel,Asia,100.0,2023-01-10,10.0,1000.0,900.0,Security,Acquired,125.0,2023,32.0852997,34.7818064
943,StreamElements,Tel Aviv,other,non,Israel,Asia,40.0,2023-01-10,20.0,200.0,160.0,Media,Series B,111.0,2023,32.0852997,34.7818064
944,Coinbase,San Francisco,San Francisco Bay Area,California,USA,North America,950.0,2023-01-10,20.0,4750.0,3800.0,Crypto,Post-IPO,549.0,2023,37.7792588,-122.4193286
945,Cart.com,Austin,other,Texas,USA,North America,25.0,2023-01-10,4.0,625.0,600.0,Retail,Unknown,383.0,2023,30.2711286,-97.7436995
946,Blend,San Francisco,San Francisco Bay Area,California,USA,North America,340.0,2023-01-10,28.0,1214.0,874.0,Finance,Post-IPO,665.0,2023,37.7792588,-122.4193286
947,ConsenSys,New York City,other,New York,USA,North America,100.0,2023-01-10,11.0,909.0,809.0,Crypto,Series D,726.0,2023,40.7127281,-74.0060152
948,Flexport,San Francisco,San Francisco Bay Area,California,USA,North America,640.0,2023-01-11,20.0,3200.0,2560.0,Logistics,Series E,2400.0,2023,37.7792588,-122.4193286
949,Jumio,Sunnyvale,San Francisco Bay Area,California,USA,North America,100.0,2023-01-11,6.0,1667.0,1567.0,Security,Private Equity,205.0,2023,37.3688301,-122.036349
950,Qualtrics,Salt Lake City,other,Utah,USA,North America,270.0,2023-01-11,5.0,5400.0,5130.0,Other,Post-IPO,400.0,2023,40.7596198,-111.886797
951,Tipalti,Agoura Hills,other,California,USA,North America,123.0,2023-01-11,11.0,1118.0,995.0,Finance,Series F,565.0,2023,34.14791,-118.7657042
952,Pier,Sao Paulo,other,State of São Paulo,Brazil,South America,111.0,2023-01-12,39.0,285.0,174.0,Finance,Series B,42.0,2023,-23.5506507,-46.6333824
953,SmartNews,Tokyo,Tokyo,Tokyo,Japan,Asia,120.0,2023-01-12,40.0,300.0,180.0,Media,Series F,410.0,2023,35.6821936,139.762221
954,Lending Club,San Francisco,San Francisco Bay Area,California,USA,North America,225.0,2023-01-12,14.0,1607.0,1382.0,Finance,Post-IPO,392.0,2023,37.7792588,-122.4193286
955,Greenlight,Atlanta,other,Georgia,USA,North America,104.0,2023-01-12,21.0,495.0,391.0,Finance,Series D,556.0,2023,33.7489924,-84.3902644
956,Blockchain.com,London,other,England,UK,Europe,110.0,2023-01-12,28.0,393.0,283.0,Crypto,Series D,490.0,2023,51.4893335,-0.144055085
957,Akili Labs,Boston,other,Massachusetts,USA,North America,46.0,2023-01-12,30.0,153.0,107.0,Healthcare,Post-IPO,301.0,2023,42.3554334,-71.060511
958,Lattice,San Francisco,San Francisco Bay Area,California,USA,North America,105.0,2023-01-12,15.0,700.0,595.0,HR,Series F,328.0,2023,37.7792588,-122.4193286
959,BharatAgri,Mumbai,other,Maharashtra,India,Asia,40.0,2023-01-15,43.0,93.0,53.0,Food,Series A,21.0,2023,19.0785451,72.878176
960,Snappy,New York City,other,New York,USA,North America,100.0,2023-01-15,30.0,333.0,233.0,Marketing,Series C,104.0,2023,40.7127281,-74.0060152
961,ClearCo,Toronto,other,Ontario,Canada,North America,50.0,2023-01-16,30.0,167.0,117.0,Finance,Series C,698.0,2023,43.6534817,-79.3839347
962,ShareChat,Bengaluru,other,Karnataka,India,Asia,500.0,2023-01-16,20.0,2500.0,2000.0,Consumer,Series H,1700.0,2023,12.98815675,77.62260004
963,American Robotics,Boston,other,Massachusetts,USA,North America,50.0,2023-01-17,65.0,77.0,27.0,Other,Acquired,92.0,2023,42.3554334,-71.060511
964,Britishvolt,London,other,England,UK,Europe,206.0,2023-01-17,100.0,206.0,0.0,Transportation,Unknown,2400.0,2023,51.4893335,-0.144055085
965,Exotel,Bengaluru,other,Karnataka,India,Asia,142.0,2023-01-17,15.0,947.0,805.0,Support,Series D,87.0,2023,12.98815675,77.62260004
966,Lightspeed Company,Montreal,other,Quebec,Canada,North America,300.0,2023-01-17,10.0,3000.0,2700.0,Retail,Post-IPO,,2023,45.5031824,-73.5698065
967,Unico,Sao Paulo,other,State of São Paulo,Brazil,South America,110.0,2023-01-17,10.0,1100.0,990.0,Other,Series D,336.0,2023,-23.5506507,-46.6333824
968,Unity,San Francisco,San Francisco Bay Area,California,USA,North America,284.0,2023-01-17,3.0,9467.0,9183.0,Other,Post-IPO,1300.0,2023,37.7792588,-122.4193286
969,Pagaya,New York City,other,New York,USA,North America,140.0,2023-01-18,20.0,700.0,560.0,Finance,Post-IPO,571.0,2023,40.7127281,-74.0060152
970,Sophos,Oxford,other,England,UK,Europe,450.0,2023-01-18,10.0,4500.0,4050.0,Security,Acquired,125.0,2023,51.7520131,-1.2578499
971,nCino,Wilmington,other,Delaware,USA,North America,100.0,2023-01-18,7.0,1429.0,1329.0,Finance,Post-IPO,,2023,39.7459468,-75.546589
972,Teladoc Health,New York City,other,New York,USA,North America,300.0,2023-01-18,6.0,5000.0,4700.0,Healthcare,Post-IPO,172.0,2023,40.7127281,-74.0060152
973,Vroom,New York City,other,New York,USA,North America,275.0,2023-01-18,20.0,1375.0,1100.0,Transportation,Post-IPO,,2023,40.7127281,-74.0060152
974,Starry,Boston,other,Massachusetts,USA,North America,100.0,2023-01-18,24.0,417.0,317.0,Other,Post-IPO,260.0,2023,42.3554334,-71.060511
975,Microsoft,Seattle,Cascadia,Washington,USA,North America,10000.0,2023-01-18,5.0,200000.0,190000.0,Software Development,Post-IPO,,2023,47.6038321,-122.330062
976,Clue,Berlin,other,Berlin,Germany,Europe,31.0,2023-01-18,31.0,100.0,69.0,Healthcare,Unknown,47.0,2023,52.5170365,13.3888599
977,Inspirato,Denver,other,Colorado,USA,North America,109.0,2023-01-18,12.0,908.0,799.0,Travel,Post-IPO,179.0,2023,39.7392364,-104.984862
978,Hootsuite,Vancouver,Cascadia,British Columbia,Canada,North America,70.0,2023-01-18,7.0,1000.0,930.0,Marketing,Series C,300.0,2023,49.2608724,-123.113952
979,Jumpcloud,Boulder,other,Colorado,USA,North America,100.0,2023-01-18,12.0,833.0,733.0,Security,Series F,416.0,2023,40.0149856,-105.270545
980,Benevity,Calgary,other,Alberta,Canada,North America,137.0,2023-01-18,14.0,979.0,842.0,Other,Unknown,69.0,2023,51.0456064,-114.057541
981,Addepar,Mountain View,San Francisco Bay Area,California,USA,North America,20.0,2023-01-18,3.0,667.0,647.0,Finance,Series F,491.0,2023,37.3893889,-122.0832101
982,8x8,Campbell,San Francisco Bay Area,California,USA,North America,155.0,2023-01-18,7.0,2214.0,2059.0,Support,Post-IPO,253.0,2023,37.287167,-121.949959
983,Hubilo,San Francisco,San Francisco Bay Area,California,USA,North America,115.0,2023-01-19,35.0,329.0,214.0,Other,Series B,153.0,2023,37.7792588,-122.4193286
984,Saks.com,New York City,other,New York,USA,North America,100.0,2023-01-19,5.0,2000.0,1900.0,Retail,Unknown,965.0,2023,40.7127281,-74.0060152
985,CS Disco,Austin,other,Texas,USA,North America,62.0,2023-01-19,9.0,689.0,627.0,Legal,Post-IPO,233.0,2023,30.2711286,-97.7436995
986,Citrine Informatics,Redwood City,San Francisco Bay Area,California,USA,North America,22.0,2023-01-20,27.0,81.0,59.0,Data,Series C,64.0,2023,37.4863239,-122.232523
987,Enjoei,Sao Paulo,other,State of São Paulo,Brazil,South America,31.0,2023-01-20,10.0,310.0,279.0,Retail,Unknown,14.0,2023,-23.5506507,-46.6333824
988,Google,Mountain View,San Francisco Bay Area,California,USA,North America,12000.0,2023-01-20,6.0,200000.0,188000.0,Consumer,Post-IPO,26.0,2023,37.3893889,-122.0832101
989,MediBuddy,Bengaluru,other,Karnataka,India,Asia,200.0,2023-01-20,8.0,2500.0,2300.0,Healthcare,Acquired,192.0,2023,12.98815675,77.62260004
990,Swiggy,Bengaluru,other,Karnataka,India,Asia,380.0,2023-01-20,6.0,6333.0,5953.0,Food,Unknown,,2023,12.98815675,77.62260004
991,Vox Media,Washington DC,other,District of Columbia,USA,North America,130.0,2023-01-20,7.0,1857.0,1727.0,Media,Series F,307.0,2023,38.8950368,-77.0365427
992,Wayfair,Boston,other,Massachusetts,USA,North America,1750.0,2023-01-20,10.0,17500.0,15750.0,Retail,Post-IPO,1700.0,2023,42.3554334,-71.060511
993,Uber Freight,San Francisco,San Francisco Bay Area,California,USA,North America,150.0,2023-01-23,3.0,5000.0,4850.0,Logistics,Subsidiary,2700.0,2023,37.7792588,-122.4193286
994,Namogoo,Tel Aviv,other,non,Israel,Asia,20.0,2023-01-23,15.0,133.0,113.0,Marketing,Series C,69.0,2023,32.0852997,34.7818064
995,Spotify,Stockholm,other,non,Sweden,Europe,600.0,2023-01-23,6.0,10000.0,9400.0,Media,Post-IPO,2100.0,2023,59.3251172,18.0710935
996,Ermetic,Palo Alto,San Francisco Bay Area,California,USA,North America,30.0,2023-01-23,17.0,176.0,146.0,Security,Series B,97.0,2023,37.4443293,-122.1598465
997,Innovid,New York City,other,New York,USA,North America,40.0,2023-01-23,10.0,400.0,360.0,Marketing,Post-IPO,295.0,2023,40.7127281,-74.0060152
998,Bolt,San Francisco,San Francisco Bay Area,California,USA,North America,50.0,2023-01-24,10.0,500.0,450.0,Finance,Series E,1300.0,2023,37.7792588,-122.4193286
999,Gitpod,Kiel,other,Schleswig-Holstein,Germany,Europe,21.0,2023-01-24,28.0,75.0,54.0,Product,Series A,41.0,2023,54.3227085,10.135555
1000,Innovaccer,San Francisco,San Francisco Bay Area,California,USA,North America,245.0,2023-01-24,15.0,1633.0,1388.0,Healthcare,Series E,379.0,2023,37.7792588,-122.4193286
1001,PartnerStack,Toronto,other,Ontario,Canada,North America,40.0,2023-01-24,20.0,200.0,160.0,Sales,Series B,36.0,2023,43.6534817,-79.3839347
1002,Vacasa,Portland,Cascadia,Oregon,USA,North America,1300.0,2023-01-24,17.0,7647.0,6347.0,Travel,Post-IPO,834.0,2023,45.5202471,-122.674194
1003,SirionLabs,Seattle,Cascadia,Washington,USA,North America,130.0,2023-01-25,15.0,867.0,737.0,Legal,Series D,171.0,2023,47.6038321,-122.330062
1004,Tier Mobility,Berlin,other,Berlin,Germany,Europe,80.0,2023-01-25,7.0,1143.0,1063.0,Transportation,Series D,646.0,2023,52.5170365,13.3888599
1005,Luno,London,other,England,UK,Europe,330.0,2023-01-25,35.0,943.0,613.0,Crypto,Acquired,13.0,2023,51.4893335,-0.144055085
1006,Guardant Health,Palo Alto,San Francisco Bay Area,California,USA,North America,130.0,2023-01-25,7.0,1857.0,1727.0,Healthcare,Post-IPO,550.0,2023,37.4443293,-122.1598465
1007,Confluent,Mountain View,San Francisco Bay Area,California,USA,North America,221.0,2023-01-26,8.0,2763.0,2542.0,Data,Post-IPO,455.0,2023,37.3893889,-122.0832101
1008,Glisser,London,other,England,UK,Europe,25.0,2023-01-26,100.0,25.0,0.0,Travel,Unknown,1.0,2023,51.4893335,-0.144055085
1009,SAP,Walldorf,other,Baden-Würtemberg,Germany,Europe,3000.0,2023-01-26,3.0,100000.0,97000.0,Other,Post-IPO,1300.0,2023,49.3038134,8.6433518
1010,#Paid,Toronto,other,Ontario,Canada,North America,19.0,2023-01-27,17.0,112.0,93.0,Marketing,Series B,21.0,2023,43.6534817,-79.3839347
1011,DealShare,Bengaluru,other,Karnataka,India,Asia,100.0,2023-01-27,6.0,1667.0,1567.0,Retail,Series E,390.0,2023,12.98815675,77.62260004
1012,Matrixport,Singapore,other,non,Singapore,Asia,29.0,2023-01-27,10.0,290.0,261.0,Crypto,Series C,100.0,2023,1.2899175,103.8519072
1013,Shakepay,Montreal,other,Quebec,Canada,North America,21.0,2023-01-27,25.0,84.0,63.0,Crypto,Series A,45.0,2023,45.5031824,-73.5698065
1014,Impossible Foods,Redwood City,San Francisco Bay Area,California,USA,North America,140.0,2023-01-30,20.0,700.0,560.0,Food,Series H,1900.0,2023,37.4863239,-122.232523
1015,Delivery Hero,Berlin,other,Berlin,Germany,Europe,156.0,2023-01-30,4.0,3900.0,3744.0,Food,Post-IPO,,2023,52.5170365,13.3888599
1016,Glovo,Barcelona,other,Catalonia,Spain,Europe,250.0,2023-01-30,6.0,4167.0,3917.0,Food,Acquired,,2023,41.3828939,2.1774322
1017,Chrono24,Karlsruhe,other,Baden-Würtemberg,Germany,Europe,65.0,2023-01-30,13.0,500.0,435.0,Retail,Series C,205.0,2023,49.0068705,8.4034195
1018,Arrival,London,other,England,UK,Europe,800.0,2023-01-30,50.0,1600.0,800.0,Transportation,Post-IPO,629.0,2023,51.4893335,-0.144055085
1019,AU10TIX,Tel Aviv,other,non,Israel,Asia,19.0,2023-01-31,9.0,211.0,192.0,Security,Unknown,80.0,2023,32.0852997,34.7818064
1020,HubSpot,Boston,other,Massachusetts,USA,North America,500.0,2023-01-31,7.0,7143.0,6643.0,Marketing,Post-IPO,100.0,2023,42.3554334,-71.060511
1021,PayPal,San Jose,San Francisco Bay Area,California,USA,North America,2000.0,2023-01-31,7.0,28571.0,26571.0,Finance,Post-IPO,216.0,2023,37.3361663,-121.890591
1022,Software AG,Frankfurt am Main,other,Hessen,Germany,Europe,200.0,2023-01-31,4.0,5000.0,4800.0,Data,Post-IPO,344.0,2023,50.1106444,8.6820917
1023,Tilting Point,New York City,other,New York,USA,North America,60.0,2023-01-31,14.0,429.0,369.0,Consumer,Unknown,235.0,2023,40.7127281,-74.0060152
1024,Upstart,San Mateo,San Francisco Bay Area,California,USA,North America,365.0,2023-01-31,20.0,1825.0,1460.0,Finance,Post-IPO,144.0,2023,37.496904,-122.3330573
1025,Wish,San Francisco,San Francisco Bay Area,California,USA,North America,150.0,2023-01-31,17.0,882.0,732.0,Retail,Post-IPO,1600.0,2023,37.7792588,-122.4193286
1026,Workday,Pleasanton,San Francisco Bay Area,California,USA,North America,525.0,2023-01-31,3.0,17500.0,16975.0,HR,Post-IPO,230.0,2023,37.6624312,-121.8746789
1027,Workato,Mountain View,San Francisco Bay Area,California,USA,North America,90.0,2023-02-01,10.0,900.0,810.0,Other,Series E,415.0,2023,37.3893889,-122.0832101
1028,Wheel,Austin,other,Texas,USA,North America,56.0,2023-02-01,28.0,200.0,144.0,Healthcare,Series C,215.0,2023,30.2711286,-97.7436995
1029,TheSkimm,New York City,other,New York,USA,North America,17.0,2023-02-01,10.0,170.0,153.0,Media,Series C,28.0,2023,40.7127281,-74.0060152
1030,Chainalysis,New York City,other,New York,USA,North America,44.0,2023-02-01,5.0,880.0,836.0,Crypto,Series F,536.0,2023,40.7127281,-74.0060152
1031,Exterro,Portland,Cascadia,Oregon,USA,North America,24.0,2023-02-01,3.0,800.0,776.0,Legal,Private Equity,100.0,2023,45.5202471,-122.674194
1032,DraftKings,Boston,other,Massachusetts,USA,North America,140.0,2023-02-01,4.0,3500.0,3360.0,Consumer,Post-IPO,719.0,2023,42.3554334,-71.060511
1033,Splunk,San Jose,San Francisco Bay Area,California,USA,North America,325.0,2023-02-01,4.0,8125.0,7800.0,Data,Post-IPO,2400.0,2023,37.3361663,-121.890591
1034,Okta,San Francisco,San Francisco Bay Area,California,USA,North America,300.0,2023-02-02,5.0,6000.0,5700.0,Security,Post-IPO,1200.0,2023,37.7792588,-122.4193286
1035,Highspot,Seattle,Cascadia,Washington,USA,North America,100.0,2023-02-02,10.0,1000.0,900.0,Sales,Series F,644.0,2023,47.6038321,-122.330062
1036,Miro,San Francisco,San Francisco Bay Area,California,USA,North America,119.0,2023-02-02,7.0,1700.0,1581.0,Other,Series C,476.0,2023,37.7792588,-122.4193286
1037,Protocol Labs,San Francisco,San Francisco Bay Area,California,USA,North America,89.0,2023-02-03,20.0,445.0,356.0,Crypto,Unknown,10.0,2023,37.7792588,-122.4193286
1038,Eightfold AI,Santa Clara,San Francisco Bay Area,California,USA,North America,90.0,2023-02-03,15.0,600.0,510.0,HR,Series E,396.0,2023,37.354107,-121.955238
1039,Lightico,Tel Aviv,other,non,Israel,Asia,20.0,2023-02-05,25.0,80.0,60.0,Finance,Series B,42.0,2023,32.0852997,34.7818064
1040,Loggi,Sao Paulo,other,State of São Paulo,Brazil,South America,300.0,2023-02-06,7.0,4286.0,3986.0,Logistics,Series F,507.0,2023,-23.5506507,-46.6333824
1041,Pocket Aces,Mumbai,other,Maharashtra,India,Asia,50.0,2023-02-06,25.0,200.0,150.0,Media,Unknown,19.0,2023,19.0785451,72.878176
1042,eBay,San Francisco,San Francisco Bay Area,California,USA,North America,500.0,2023-02-07,4.0,12500.0,12000.0,e-commerce,Post-IPO,1200.0,2023,37.7792588,-122.4193286
1043,LearnUpon,Dublin,other,non,Ireland,Europe,27.0,2023-02-07,9.0,300.0,273.0,Education,Private Equity,56.0,2023,53.3493795,-6.2605593
1044,Openpay,Melbourne,other,Victoria,Australia,Oceana,83.0,2023-02-07,100.0,83.0,0.0,Finance,Post-IPO,299.0,2023,-37.8142454,144.9631732
1045,Salesloft,Atlanta,other,Georgia,USA,North America,100.0,2023-02-07,10.0,1000.0,900.0,Sales,Acquired,245.0,2023,33.7489924,-84.3902644
1046,SecureWorks,Atlanta,other,Georgia,USA,North America,212.0,2023-02-07,9.0,2356.0,2144.0,Security,Post-IPO,83.0,2023,33.7489924,-84.3902644
1047,Zoom,San Jose,San Francisco Bay Area,California,USA,North America,1300.0,2023-02-07,15.0,8667.0,7367.0,Other,Post-IPO,276.0,2023,37.3361663,-121.890591
1048,Affirm,San Francisco,San Francisco Bay Area,California,USA,North America,500.0,2023-02-08,19.0,2632.0,2132.0,Finance,Post-IPO,1500.0,2023,37.7792588,-122.4193286
1049,Beam Benefits,Columbus,other,Ohio,USA,North America,31.0,2023-02-08,8.0,388.0,357.0,Healthcare,Series E,168.0,2023,39.9622601,-83.0007065
1050,Equitybee,Palo Alto,San Francisco Bay Area,California,USA,North America,24.0,2023-02-08,25.0,96.0,72.0,Finance,Series B,85.0,2023,37.4443293,-122.1598465
1051,GoDaddy,Phoenix,other,Arizona,USA,North America,530.0,2023-02-08,8.0,6625.0,6095.0,Marketing,Post-IPO,800.0,2023,33.4484367,-112.074141
1052,Gong,San Francisco,San Francisco Bay Area,California,USA,North America,80.0,2023-02-08,7.0,1143.0,1063.0,Sales,Series E,583.0,2023,37.7792588,-122.4193286
1053,Gusto,San Francisco,San Francisco Bay Area,California,USA,North America,126.0,2023-02-08,5.0,2520.0,2394.0,HR,Series E,746.0,2023,37.7792588,-122.4193286
1054,Veriff,Tallinn,other,non,Estonia,Europe,66.0,2023-02-09,12.0,550.0,484.0,Security,Series C,192.0,2023,59.4372155,24.7453688
1055,REE Automotive,Tel Aviv,other,non,Israel,Asia,31.0,2023-02-09,11.0,282.0,251.0,Transportation,Post-IPO,317.0,2023,32.0852997,34.7818064
1056,Yahoo,Sunnyvale,San Francisco Bay Area,California,USA,North America,1600.0,2023-02-09,20.0,8000.0,6400.0,Consumer,Acquired,6.0,2023,37.3688301,-122.036349
1057,Oportun,San Carlos,San Francisco Bay Area,California,USA,North America,155.0,2023-02-09,10.0,1550.0,1395.0,Finance,Post-IPO,566.0,2023,37.504936,-122.261823
1058,GitLab,San Francisco,San Francisco Bay Area,California,USA,North America,130.0,2023-02-09,7.0,1857.0,1727.0,Product,Post-IPO,413.0,2023,37.7792588,-122.4193286
1059,MiSan Francisco Bay Areaits Market,Philadelphia,other,Pennsylvania,USA,North America,649.0,2023-02-09,33.0,1967.0,1318.0,Food,Series C,526.0,2023,39.9527237,-75.1635262
1060,Deliveroo,London,other,England,UK,Europe,350.0,2023-02-09,9.0,3889.0,3539.0,Food,Post-IPO,1700.0,2023,51.4893335,-0.144055085
1061,Olive AI,Columbus,other,Ohio,USA,North America,215.0,2023-02-09,35.0,614.0,399.0,Healthcare,Series H,856.0,2023,39.9622601,-83.0007065
1062,Titan Medical,Toronto,other,Ontario,Canada,North America,48.0,2023-02-10,72.0,67.0,19.0,Healthcare,Post-IPO,278.0,2023,43.6534817,-79.3839347
1063,TripleLift,New York City,other,New York,USA,North America,100.0,2023-02-10,20.0,500.0,400.0,Marketing,Acquired,16.0,2023,40.7127281,-74.0060152
1064,Moladin,Jakarta,other,non,Indonesia,Asia,360.0,2023-02-12,11.0,3273.0,2913.0,Transportation,Series B,138.0,2023,-6.175247,106.8270488
1065,Electric,New York City,other,New York,USA,North America,141.0,2023-02-13,25.0,564.0,423.0,Other,Series D,212.0,2023,40.7127281,-74.0060152
1066,iRobot,Boston,other,Massachusetts,USA,North America,85.0,2023-02-13,7.0,1214.0,1129.0,Consumer,Acquired,30.0,2023,42.3554334,-71.060511
1067,Twilio,San Francisco,San Francisco Bay Area,California,USA,North America,1500.0,2023-02-13,17.0,8824.0,7324.0,Other,Post-IPO,614.0,2023,37.7792588,-122.4193286
1068,Dropp,Berlin,other,Berlin,Germany,Europe,60.0,2023-02-14,100.0,60.0,0.0,Retail,Unknown,2.0,2023,52.5170365,13.3888599
1069,DigitalOcean,New York City,other,New York,USA,North America,200.0,2023-02-15,11.0,1818.0,1618.0,Infrastructure,Post-IPO,491.0,2023,40.7127281,-74.0060152
1070,Neon,Sao Paulo,other,State of São Paulo,Brazil,South America,210.0,2023-02-15,9.0,2333.0,2123.0,Finance,Series D,720.0,2023,-23.5506507,-46.6333824
1071,ServiceTitan,Los Angeles,other,California,USA,North America,221.0,2023-02-15,8.0,2763.0,2542.0,Sales,Series G,1100.0,2023,34.0536909,-118.242766
1072,Sprinklr,New York City,other,New York,USA,North America,100.0,2023-02-15,4.0,2500.0,2400.0,Software Development,Post-IPO,429.0,2023,40.7127281,-74.0060152
1073,Wix,Tel Aviv,other,non,Israel,Asia,370.0,2023-02-15,6.0,6167.0,5797.0,Marketing,Post-IPO,58.0,2023,32.0852997,34.7818064
1074,Smartsheet,Seattle,Cascadia,Washington,USA,North America,85.0,2023-02-16,3.0,2833.0,2748.0,Other,Post-IPO,152.0,2023,47.6038321,-122.330062
1075,The RealReal,San Francisco,San Francisco Bay Area,California,USA,North America,230.0,2023-02-16,7.0,3286.0,3056.0,Retail,Post-IPO,356.0,2023,37.7792588,-122.4193286
1076,DocuSign,San Francisco,San Francisco Bay Area,California,USA,North America,680.0,2023-02-16,10.0,6800.0,6120.0,Sales,Post-IPO,536.0,2023,37.7792588,-122.4193286
1077,Pico Interactive,San Francisco,San Francisco Bay Area,California,USA,North America,400.0,2023-02-16,20.0,2000.0,1600.0,Other,Acquired,62.0,2023,37.7792588,-122.4193286
1078,Micron,Boise,other,Idaho,USA,North America,2400.0,2023-02-17,5.0,48000.0,45600.0,Hardware,Post-IPO,50.0,2023,43.6166163,-116.200886
1079,Chipper Cash,San Francisco,San Francisco Bay Area,California,USA,North America,100.0,2023-02-17,33.0,303.0,203.0,Finance,Series C,302.0,2023,37.7792588,-122.4193286
1080,Fireblocks,New York City,other,New York,USA,North America,30.0,2023-02-20,5.0,600.0,570.0,Crypto,Series E,1000.0,2023,40.7127281,-74.0060152
1081,Kinde,Sydney,other,New South Wales,Australia,Oceana,8.0,2023-02-20,28.0,29.0,21.0,Other,Seed,10.0,2023,-33.8698439,151.2082848
1082,MyGate,Bengaluru,other,Karnataka,India,Asia,200.0,2023-02-20,30.0,667.0,467.0,Other,Series B,79.0,2023,12.98815675,77.62260004
1083,Basis Technologies,Chicago,other,Illinois,USA,North America,40.0,2023-02-21,4.0,1000.0,960.0,Marketing,Series B,52.0,2023,41.8755616,-87.6244212
1084,Green Labs,Seoul,other,non,South Korea,Asia,350.0,2023-02-21,70.0,500.0,150.0,Food,Series C,214.0,2023,37.5666791,126.9782914
1085,Polygon,Bengaluru,other,Karnataka,India,Asia,100.0,2023-02-21,20.0,500.0,400.0,Crypto,Unknown,451.0,2023,12.98815675,77.62260004
1086,OneFootball,Berlin,other,Berlin,Germany,Europe,150.0,2023-02-23,32.0,469.0,319.0,Marketing,Series D,442.0,2023,52.5170365,13.3888599
1087,Ericsson,Stockholm,other,non,Sweden,Europe,8500.0,2023-02-24,8.0,106250.0,97750.0,Other,Post-IPO,663.0,2023,59.3251172,18.0710935
1088,Twitter,San Francisco,San Francisco Bay Area,California,USA,North America,200.0,2023-02-25,10.0,2000.0,1800.0,Consumer,Post-IPO,12900.0,2023,37.7792588,-122.4193286
1089,Amount,Chicago,other,Illinois,USA,North America,130.0,2023-02-27,25.0,520.0,390.0,Finance,Unknown,283.0,2023,41.8755616,-87.6244212
1090,Cerebral,Walnut,San Francisco Bay Area,California,USA,North America,285.0,2023-02-27,15.0,1900.0,1615.0,Healthcare,Series C,462.0,2023,37.910076,-122.065186
1091,Outreach,Seattle,Cascadia,Washington,USA,North America,70.0,2023-02-27,7.0,1000.0,930.0,Sales,Series G,489.0,2023,47.6038321,-122.330062
1092,Palantir,Denver,other,Colorado,USA,North America,75.0,2023-02-27,2.0,3750.0,3675.0,Data,Post-IPO,3000.0,2023,39.7392364,-104.984862
1093,Stytch,San Francisco,San Francisco Bay Area,California,USA,North America,19.0,2023-02-27,25.0,76.0,57.0,Security,Series B,126.0,2023,37.7792588,-122.4193286
1094,Eventbrite,San Francisco,San Francisco Bay Area,California,USA,North America,80.0,2023-02-28,8.0,1000.0,920.0,Consumer,Post-IPO,557.0,2023,37.7792588,-122.4193286
1095,Thoughtworks,Chicago,other,Illinois,USA,North America,500.0,2023-03-01,4.0,12500.0,12000.0,Other,Post-IPO,748.0,2023,41.8755616,-87.6244212
1096,Waymo,Mountain View,San Francisco Bay Area,California,USA,North America,209.0,2023-03-01,8.0,2613.0,2404.0,Transportation,Subsidiary,5500.0,2023,37.3893889,-122.0832101
1097,PayFit,Paris,other,non,France,Europe,200.0,2023-03-01,20.0,1000.0,800.0,HR,Series E,495.0,2023,48.8588897,2.320041022
1098,iFood,Sao Paulo,other,State of São Paulo,Brazil,South America,355.0,2023-03-01,6.0,5917.0,5562.0,Food,Subsidiary,2100.0,2023,-23.5506507,-46.6333824
1099,Sonder,San Francisco,San Francisco Bay Area,California,USA,North America,100.0,2023-03-01,14.0,714.0,614.0,Travel,Post-IPO,839.0,2023,37.7792588,-122.4193286
1100,CNET,San Francisco,San Francisco Bay Area,California,USA,North America,12.0,2023-03-02,10.0,120.0,108.0,Media,Acquired,20.0,2023,37.7792588,-122.4193286
1101,Fittr,Pune,other,Maharashtra,India,Asia,30.0,2023-03-02,11.0,273.0,243.0,Fitness,Series A,13.0,2023,18.521428,73.8544541
1102,Zscaler,San Jose,San Francisco Bay Area,California,USA,North America,177.0,2023-03-02,3.0,5900.0,5723.0,Security,Post-IPO,148.0,2023,37.3361663,-121.890591
1103,Embark Trucks,San Francisco,San Francisco Bay Area,California,USA,North America,230.0,2023-03-03,70.0,329.0,99.0,Transportation,Post-IPO,317.0,2023,37.7792588,-122.4193286
1104,Loft,Sao Paulo,other,State of São Paulo,Brazil,South America,340.0,2023-03-03,15.0,2267.0,1927.0,Real Estate,Unknown,788.0,2023,-23.5506507,-46.6333824
1105,Atlassian,Sydney,other,New South Wales,Australia,Oceana,500.0,2023-03-06,5.0,10000.0,9500.0,Other,Post-IPO,210.0,2023,-33.8698439,151.2082848
1106,SiriusXM,New York City,other,New York,USA,North America,475.0,2023-03-06,8.0,5938.0,5463.0,Media,Post-IPO,525.0,2023,40.7127281,-74.0060152
1107,Pristyn Care,Gurugram,other,Haryana,India,Asia,300.0,2023-03-07,15.0,2000.0,1700.0,Healthcare,Series E,177.0,2023,28.4646148,77.0299194
1108,Zwift,Los Angeles,other,California,USA,North America,80.0,2023-03-07,15.0,533.0,453.0,Fitness,Series C,619.0,2023,34.0536909,-118.242766
1109,Wattpad,Toronto,other,Ontario,Canada,North America,42.0,2023-03-08,15.0,280.0,238.0,Media,Acquired,117.0,2023,43.6534817,-79.3839347
1110,Gopuff,Philadelphia,other,Pennsylvania,USA,North America,100.0,2023-03-09,2.0,5000.0,4900.0,Food,Series H,3400.0,2023,39.9527237,-75.1635262
1111,Xero,Wellington,other,non,New Zealand,Oceana,800.0,2023-03-09,15.0,5333.0,4533.0,Finance,Post-IPO,681.0,2023,-41.2887953,174.7772114
1112,Kaleidoscope,Minneapolis,other,Minnesota,USA,North America,15.0,2023-03-14,30.0,50.0,35.0,Finance,Series A,16.0,2023,44.9772995,-93.2654692
1113,Fetch,Madison,other,Wisconsin,USA,North America,100.0,2023-03-14,10.0,1000.0,900.0,Retail,Series E,581.0,2023,43.074761,-89.3837613
1114,Meta,Menlo Park,San Francisco Bay Area,California,USA,North America,10000.0,2023-03-14,13.6,73615.0,63615.0,Consumer,Post-IPO,26000.0,2023,37.4519671,-122.177992
1115,Anchorage Digital,San Francisco,San Francisco Bay Area,California,USA,North America,75.0,2023-03-14,20.0,375.0,300.0,Crypto,Series D,487.0,2023,37.7792588,-122.4193286
1116,Avidbots,Kitchener,other,Ontario,Canada,North America,50.0,2023-03-14,14.0,357.0,307.0,Hardware,Series C,106.0,2023,43.451291,-80.4927815
1117,Boxed,New York City,other,New York,USA,North America,32.0,2023-03-15,25.0,128.0,96.0,Retail,Post-IPO,365.0,2023,40.7127281,-74.0060152
1118,Dukaan,Bengaluru,other,Karnataka,India,Asia,56.0,2023-03-15,30.0,187.0,131.0,Retail,Series A,17.0,2023,12.98815675,77.62260004
1119,TradeWindow,Auckland,other,non,New Zealand,Oceana,25.0,2023-03-15,30.0,83.0,58.0,Finance,Series B,24.0,2023,-36.852095,174.7631803
1120,Course Hero,Redwood City,San Francisco Bay Area,California,USA,North America,42.0,2023-03-16,15.0,280.0,238.0,Education,Series C,477.0,2023,37.4863239,-122.232523
1121,Freshworks,San Mateo,San Francisco Bay Area,California,USA,North America,114.0,2023-03-16,2.0,5700.0,5586.0,Support,Post-IPO,484.0,2023,37.496904,-122.3330573
1122,Leafly,Seattle,Cascadia,Washington,USA,North America,40.0,2023-03-16,21.0,190.0,150.0,Retail,Post-IPO,71.0,2023,47.6038321,-122.330062
1123,Symend,Calgary,other,Alberta,Canada,North America,50.0,2023-03-17,25.0,200.0,150.0,Other,Series C,148.0,2023,51.0456064,-114.057541
1124,Livspace,Bengaluru,other,Karnataka,India,Asia,100.0,2023-03-17,2.0,5000.0,4900.0,Retail,Series F,431.0,2023,12.98815675,77.62260004
1125,Amazon,Seattle,Cascadia,Washington,USA,North America,9000.0,2023-03-20,2.3,392000.0,383000.0,Retail,Post-IPO,108.0,2023,47.6038321,-122.330062
1126,FreshBooks,Toronto,other,Ontario,Canada,North America,80.0,2023-03-21,10.0,800.0,720.0,Finance,Unknown,331.0,2023,43.6534817,-79.3839347
1127,Smallcase,Bengaluru,other,Karnataka,India,Asia,15.0,2023-03-21,4.0,375.0,360.0,Finance,Series C,62.0,2023,12.98815675,77.62260004
1128,Workhuman,Dublin,other,non,Ireland,Europe,130.0,2023-03-21,10.0,1300.0,1170.0,HR,Unknown,131.0,2023,53.3493795,-6.2605593
1129,Glassdoor,San Francisco,San Francisco Bay Area,California,USA,North America,140.0,2023-03-22,15.0,933.0,793.0,HR,Acquired,204.0,2023,37.7792588,-122.4193286
1130,Indeed,Austin,other,Texas,USA,North America,2200.0,2023-03-22,15.0,14667.0,12467.0,HR,Acquired,5.0,2023,30.2711286,-97.7436995
1131,Wejo,Chester,other,England,UK,Europe,40.0,2023-03-22,16.0,250.0,210.0,Transportation,Post-IPO,376.0,2023,53.1908873,-2.8908955
1132,Slite,Paris,other,non,France,Europe,10.0,2023-03-23,25.0,40.0,30.0,Other,Series A,15.0,2023,48.8588897,2.320041022
1133,AEye,San Francisco,San Francisco Bay Area,California,USA,North America,46.0,2023-03-28,33.0,139.0,93.0,Transportation,Post-IPO,314.0,2023,37.7792588,-122.4193286
1134,Lucid Motors,Newark,San Francisco Bay Area,California,USA,North America,1300.0,2023-03-28,18.0,7222.0,5922.0,Transportation,Post-IPO,8300.0,2023,37.52966,-122.04024
1135,iCAD,Nashua,other,New Hampshire,USA,North America,23.0,2023-03-29,28.0,82.0,59.0,Healthcare,Post-IPO,59.0,2023,42.7656251,-71.4677032
1136,Electronic Arts,Redwood City,San Francisco Bay Area,California,USA,North America,780.0,2023-03-29,6.0,13000.0,12220.0,Consumer,Post-IPO,2.0,2023,37.4863239,-122.232523
1137,Crossbeam,Philadelphia,other,Pennsylvania,USA,North America,17.0,2023-03-30,15.0,113.0,96.0,Sales,Series C,116.0,2023,39.9527237,-75.1635262
1138,FanClash,Gurugram,other,Haryana,India,Asia,100.0,2023-03-30,75.0,133.0,33.0,Consumer,Series B,50.0,2023,28.4646148,77.0299194
1139,Loop,Austin,other,Texas,USA,North America,19.0,2023-03-30,25.0,76.0,57.0,Finance,Series A,24.0,2023,30.2711286,-97.7436995
1140,Roku,San Jose,San Francisco Bay Area,California,USA,North America,200.0,2023-03-30,6.0,3333.0,3133.0,Media,Post-IPO,208.0,2023,37.3361663,-121.890591
1141,Domestika,Madrid,other,Community of Madrid,Spain,Europe,89.0,2023-03-31,45.0,198.0,109.0,Education,Series D,130.0,2023,40.4167047,-3.7035825
1142,Guideline,Burlingame,San Francisco Bay Area,California,USA,North America,48.0,2023-04-03,11.0,436.0,388.0,Finance,Series E,339.0,2023,37.5780965,-122.3473099
1143,Textio,Seattle,Cascadia,Washington,USA,North America,15.0,2023-04-03,12.0,125.0,110.0,HR,Unknown,42.0,2023,47.6038321,-122.330062
1144,View,Mountain View,San Francisco Bay Area,California,USA,North America,170.0,2023-04-03,23.0,739.0,569.0,Other,Post-IPO,2300.0,2023,37.3893889,-122.0832101
1145,Boost,New York City,other,New York,USA,North America,15.0,2023-04-04,20.0,75.0,60.0,Finance,Series B,37.0,2023,40.7127281,-74.0060152
1146,Amplitude,Milpitas,San Francisco Bay Area,California,USA,North America,99.0,2023-04-05,13.0,762.0,663.0,Data,Post-IPO,311.0,2023,37.4332273,-121.8989248
1147,Dunzo,Bengaluru,other,Karnataka,India,Asia,300.0,2023-04-05,30.0,1000.0,700.0,Food,Unknown,382.0,2023,12.98815675,77.62260004
1148,Talent.com,Montreal,other,Quebec,Canada,North America,86.0,2023-04-05,18.0,478.0,392.0,HR,Series B,150.0,2023,45.5031824,-73.5698065
1149,Pear Therapeutics,Boston,other,Massachusetts,USA,North America,170.0,2023-04-07,92.0,185.0,15.0,Healthcare,Post-IPO,409.0,2023,42.3554334,-71.060511
1150,ZestMoney,Bengaluru,other,Karnataka,India,Asia,100.0,2023-04-07,20.0,500.0,400.0,Finance,Series C,120.0,2023,12.98815675,77.62260004
1151,Simpl,Bengaluru,other,Karnataka,India,Asia,150.0,2023-04-09,25.0,600.0,450.0,Finance,Series B,71.0,2023,12.98815675,77.62260004
1152,Flock Freight,San Diego,other,California,USA,North America,45.0,2023-04-10,8.0,563.0,518.0,Logistics,Series D,399.0,2023,32.7174202,-117.162772
1153,Nori,Seattle,Cascadia,Washington,USA,North America,10.0,2023-04-10,37.0,27.0,17.0,Energy,Unknown,13.0,2023,47.6038321,-122.330062
1154,Redfin,Seattle,Cascadia,Washington,USA,North America,201.0,2023-04-11,4.0,5025.0,4824.0,Real Estate,Post-IPO,320.0,2023,47.6038321,-122.330062
1155,Permutive,London,other,England,UK,Europe,80.0,2023-04-11,40.0,200.0,120.0,Marketing,Series C,105.0,2023,51.4893335,-0.144055085
1156,Examedi,Santiago,other,non,Chile,South America,45.0,2023-04-11,25.0,180.0,135.0,Healthcare,Unknown,19.0,2023,-33.4377756,-70.6504502
1157,Milkrun,Sydney,other,New South Wales,Australia,Oceana,400.0,2023-04-11,100.0,400.0,0.0,Food,Series A,86.0,2023,-33.8698439,151.2082848
1158,Viasat,San Diego,other,California,USA,North America,300.0,2023-04-12,4.0,7500.0,7200.0,Other,Post-IPO,366.0,2023,32.7174202,-117.162772
1159,Astronomer,Cincinnati,other,Ohio,USA,North America,100.0,2023-04-13,40.0,250.0,150.0,Data,Series C,282.0,2023,39.1014537,-84.5124602
1160,Community Gaming,New York City,other,New York,USA,North America,17.0,2023-04-14,17.0,100.0,83.0,Crypto,Series A,18.0,2023,40.7127281,-74.0060152
1161,Drip Capital,Palo Alto,San Francisco Bay Area,California,USA,North America,75.0,2023-04-14,20.0,375.0,300.0,Finance,Series C,85.0,2023,37.4443293,-122.1598465
1162,Clearcover,Chicago,other,Illinois,USA,North America,81.0,2023-04-17,15.0,540.0,459.0,Finance,Series D,304.0,2023,41.8755616,-87.6244212
1163,Paper,Montreal,other,Quebec,Canada,North America,81.0,2023-04-17,3.0,2700.0,2619.0,Education,Series D,389.0,2023,45.5031824,-73.5698065
1164,Ynsect,Paris,other,non,France,Europe,17.0,2023-04-17,25.0,68.0,51.0,Food,Series D,579.0,2023,48.8588897,2.320041022
1165,Culture Amp,Melbourne,other,Victoria,Australia,Oceana,90.0,2023-04-18,9.0,1000.0,910.0,HR,Series F,257.0,2023,-37.8142454,144.9631732
1166,Opendoor,San Francisco,San Francisco Bay Area,California,USA,North America,560.0,2023-04-18,22.0,2545.0,1985.0,Real Estate,Post-IPO,1900.0,2023,37.7792588,-122.4193286
1167,TRM Labs,San Francisco,San Francisco Bay Area,California,USA,North America,16.0,2023-04-18,9.0,178.0,162.0,Crypto,Series B,149.0,2023,37.7792588,-122.4193286
1168,WalkMe,San Francisco,San Francisco Bay Area,California,USA,North America,112.0,2023-04-19,10.0,1120.0,1008.0,Other,Post-IPO,307.0,2023,37.7792588,-122.4193286
1169,BuzzFeed,New York City,other,New York,USA,North America,180.0,2023-04-20,15.0,1200.0,1020.0,Media,Post-IPO,696.0,2023,40.7127281,-74.0060152
1170,Gloat,New York City,other,New York,USA,North America,35.0,2023-04-20,12.0,292.0,257.0,HR,Series D,192.0,2023,40.7127281,-74.0060152
1171,Koo,Bengaluru,other,Karnataka,India,Asia,78.0,2023-04-20,30.0,260.0,182.0,Consumer,Series B,50.0,2023,12.98815675,77.62260004
1172,Benchling,San Francisco,San Francisco Bay Area,California,USA,North America,74.0,2023-04-21,9.0,822.0,748.0,Other,Series F,411.0,2023,37.7792588,-122.4193286
1173,Lyft,San Francisco,San Francisco Bay Area,California,USA,North America,1072.0,2023-04-21,26.0,4123.0,3051.0,Transportation,Post-IPO,4900.0,2023,37.7792588,-122.4193286
1174,Flink,Berlin,other,Berlin,Germany,Europe,8000.0,2023-04-24,40.0,20000.0,12000.0,Food,Series B,1000.0,2023,52.5170365,13.3888599
1175,BigPanda,Redwood City,San Francisco Bay Area,California,USA,North America,40.0,2023-04-24,13.0,308.0,268.0,Infrastructure,Series E,337.0,2023,37.4863239,-122.232523
1176,Rapid,San Francisco,San Francisco Bay Area,California,USA,North America,115.0,2023-04-25,50.0,230.0,115.0,Finance,Series D,272.0,2023,37.7792588,-122.4193286
1177,Rapid,San Francisco,San Francisco Bay Area,California,USA,North America,70.0,2023-04-25,30.0,233.0,163.0,Finance,Series D,272.0,2023,37.7792588,-122.4193286
1178,Teampay,New York City,other,New York,USA,North America,30.0,2023-04-26,33.0,91.0,61.0,Finance,Series B,79.0,2023,40.7127281,-74.0060152
1179,Greenhouse,New York City,other,New York,USA,North America,100.0,2023-04-27,12.0,833.0,733.0,HR,Private Equity,110.0,2023,40.7127281,-74.0060152
1180,Airtasker,Sydney,other,New South Wales,Australia,Oceana,45.0,2023-04-27,20.0,225.0,180.0,Retail,Series C,26.0,2023,-33.8698439,151.2082848
1181,Alteryx,Los Angeles,other,California,USA,North America,320.0,2023-04-27,11.0,2909.0,2589.0,Data,Post-IPO,613.0,2023,34.0536909,-118.242766
1182,Chief,New York City,other,New York,USA,North America,43.0,2023-04-27,14.0,307.0,264.0,Other,Series B,140.0,2023,40.7127281,-74.0060152
1183,Dropbox,San Francisco,San Francisco Bay Area,California,USA,North America,500.0,2023-04-27,16.0,3125.0,2625.0,Other,Post-IPO,1700.0,2023,37.7792588,-122.4193286
1184,Megaport,Brisbane,other,Queensland,Australia,Oceana,50.0,2023-04-27,16.0,313.0,263.0,Infrastructure,Post-IPO,98.0,2023,-27.4689682,153.0234991
1185,Tickertape,Bengaluru,other,Karnataka,India,Asia,29.0,2023-04-27,29.0,100.0,71.0,Finance,Seed,5.0,2023,12.98815675,77.62260004
1186,Vroom,New York City,other,New York,USA,North America,120.0,2023-04-27,11.0,1091.0,971.0,Transportation,Post-IPO,1300.0,2023,40.7127281,-74.0060152
1187,Cue Health,San Diego,other,California,USA,North America,326.0,2023-04-28,30.0,1087.0,761.0,Healthcare,Post-IPO,899.0,2023,32.7174202,-117.162772
1188,N26,Berlin,other,Berlin,Germany,Europe,71.0,2023-04-28,4.0,1775.0,1704.0,Finance,Series E,1700.0,2023,52.5170365,13.3888599
1189,Bishop Fox,Phoenix,other,Arizona,USA,North America,50.0,2023-05-02,13.0,385.0,335.0,Security,Series B,146.0,2023,33.4484367,-112.074141
1190,Zoomo,Sydney,other,New South Wales,Australia,Oceana,27.0,2023-05-02,8.0,338.0,311.0,Transportation,Series B,105.0,2023,-33.8698439,151.2082848
1191,Upwork,San Francisco,San Francisco Bay Area,California,USA,North America,137.0,2023-05-03,15.0,913.0,776.0,Other,Post-IPO,168.0,2023,37.7792588,-122.4193286
1192,Unity,San Francisco,San Francisco Bay Area,California,USA,North America,600.0,2023-05-03,8.0,7500.0,6900.0,Other,Post-IPO,1300.0,2023,37.7792588,-122.4193286
1193,TheSkimm,New York City,other,New York,USA,North America,22.0,2023-05-03,13.0,169.0,147.0,Media,Series C,28.0,2023,40.7127281,-74.0060152
1194,Healthy.io,Tel Aviv,other,non,Israel,Asia,70.0,2023-05-03,33.0,212.0,142.0,Healthcare,Series D,185.0,2023,32.0852997,34.7818064
1195,Brightcove,Boston,other,Massachusetts,USA,North America,70.0,2023-05-03,10.0,700.0,630.0,Marketing,Post-IPO,145.0,2023,42.3554334,-71.060511
1196,Autograph,Los Angeles,other,California,USA,North America,30.0,2023-05-04,33.0,91.0,61.0,Crypto,Series B,205.0,2023,34.0536909,-118.242766
1197,Earnix,Tel Aviv,other,non,Israel,Asia,30.0,2023-05-04,10.0,300.0,270.0,Finance,Unknown,100.0,2023,32.0852997,34.7818064
1198,Karma,Tel Aviv,other,non,Israel,Asia,20.0,2023-05-04,28.0,71.0,51.0,Retail,Series A,34.0,2023,32.0852997,34.7818064
1199,Sabre,Dallas,other,Texas,USA,North America,1100.0,2023-05-04,15.0,7333.0,6233.0,Travel,Post-IPO,,2023,32.7762719,-96.7968559
1200,Shopify,Ottawa,other,Ontario,Canada,North America,2300.0,2023-05-04,20.0,11500.0,9200.0,Retail,Post-IPO,122.0,2023,45.4208777,-75.6901106
1201,Meesho,Bengaluru,other,Karnataka,India,Asia,251.0,2023-05-05,15.0,1673.0,1422.0,Retail,Series F,1100.0,2023,12.98815675,77.62260004
1202,Twist Bioscience,San Francisco,San Francisco Bay Area,California,USA,North America,270.0,2023-05-05,25.0,1080.0,810.0,Healthcare,Post-IPO,503.0,2023,37.7792588,-122.4193286
1203,LinkedIn,Sunnyvale,San Francisco Bay Area,California,USA,North America,716.0,2023-05-08,4.0,17900.0,17184.0,HR,Acquired,154.0,2023,37.3688301,-122.036349
1204,Akamai,Boston,other,Massachusetts,USA,North America,290.0,2023-05-09,3.0,9667.0,9377.0,Security,Post-IPO,35.0,2023,42.3554334,-71.060511
1205,AudioCodes,Tel Aviv,other,non,Israel,Asia,80.0,2023-05-09,6.0,1333.0,1253.0,Other,Post-IPO,91.0,2023,32.0852997,34.7818064
1206,Sonatype,Baltimore,other,Maryland,USA,North America,100.0,2023-05-09,14.0,714.0,614.0,Security,Acquired,154.0,2023,39.2908816,-76.610759
1207,Redbubble,Melbourne,other,Victoria,Australia,Oceana,70.0,2023-05-10,23.0,304.0,234.0,Retail,Post-IPO,55.0,2023,-37.8142454,144.9631732
1208,Similarweb,New York City,other,New York,USA,North America,60.0,2023-05-10,6.0,1000.0,940.0,Other,Post-IPO,235.0,2023,40.7127281,-74.0060152
1209,Stack Overflow,New York City,other,New York,USA,North America,58.0,2023-05-10,10.0,580.0,522.0,HR,Acquired,153.0,2023,40.7127281,-74.0060152
1210,Cornershop,Santiago,other,non,Chile,South America,250.0,2023-05-11,11.0,2273.0,2023.0,Food,Acquired,31.0,2023,-33.4377756,-70.6504502
1211,Happay,Bengaluru,other,Karnataka,India,Asia,160.0,2023-05-12,35.0,457.0,297.0,Finance,Acquired,21.0,2023,12.98815675,77.62260004
1212,Nuro,Mountain View,San Francisco Bay Area,California,USA,North America,340.0,2023-05-12,30.0,1133.0,793.0,Transportation,Series D,2100.0,2023,37.3893889,-122.0832101
1213,Zepz,London,other,England,UK,Europe,420.0,2023-05-16,26.0,1615.0,1195.0,Finance,Series E,700.0,2023,51.4893335,-0.144055085
1214,Lemonade,New York City,other,New York,USA,North America,45.0,2023-05-16,3.0,1500.0,1455.0,Finance,Post-IPO,481.0,2023,40.7127281,-74.0060152
1215,Stash,New York City,other,New York,USA,North America,40.0,2023-05-17,10.0,400.0,360.0,Finance,Unknown,480.0,2023,40.7127281,-74.0060152
1216,Pie Insurance,Washington DC,other,District of Columbia,USA,North America,63.0,2023-05-18,14.0,450.0,387.0,Finance,Series D,621.0,2023,38.8950368,-77.0365427
1217,Flink,Berlin,other,Berlin,Germany,Europe,100.0,2023-05-24,16.0,625.0,525.0,Food,Series B,1000.0,2023,52.5170365,13.3888599
1218,Guild,Denver,other,Colorado,USA,North America,172.0,2023-05-24,12.0,1433.0,1261.0,Education,Series F,643.0,2023,39.7392364,-104.984862
1219,Western Digital,Kfar Saba,other,non,Israel,Asia,60.0,2023-05-24,7.0,857.0,797.0,Hardware,Post-IPO,900.0,2023,32.18023485,34.9180542
1220,Airmeet,Bengaluru,other,Karnataka,India,Asia,75.0,2023-05-25,30.0,250.0,175.0,Marketing,Series B,50.0,2023,12.98815675,77.62260004
1221,Project44,Chicago,other,Illinois,USA,North America,130.0,2023-05-26,10.0,1300.0,1170.0,Logistics,Unknown,817.0,2023,41.8755616,-87.6244212
1222,Evolve,Denver,other,Colorado,USA,North America,164.0,2023-05-29,14.0,1171.0,1007.0,Travel,Series F,224.0,2023,39.7392364,-104.984862
1223,Taxfix,Berlin,other,Berlin,Germany,Europe,120.0,2023-05-30,20.0,600.0,480.0,Finance,Series D,330.0,2023,52.5170365,13.3888599
1224,Away,New York City,other,New York,USA,North America,22.0,2023-05-31,8.0,275.0,253.0,Retail,Series D,181.0,2023,40.7127281,-74.0060152
1225,Mux,San Francisco,San Francisco Bay Area,California,USA,North America,40.0,2023-05-31,30.0,133.0,93.0,Infrastructure,Series D,173.0,2023,37.7792588,-122.4193286
1226,Vendr,Boston,other,Massachusetts,USA,North America,100.0,2023-05-31,25.0,400.0,300.0,Other,Series B,216.0,2023,42.3554334,-71.060511
1227,Zendesk,San Francisco,San Francisco Bay Area,California,USA,North America,320.0,2023-05-31,8.0,4000.0,3680.0,Support,Acquired,85.0,2023,37.7792588,-122.4193286
1228,ZipRecruiter,Los Angeles,other,California,USA,North America,270.0,2023-05-31,20.0,1350.0,1080.0,HR,Post-IPO,769.0,2023,34.0536909,-118.242766
1229,Outbrain,New York City,other,New York,USA,North America,90.0,2023-06-01,10.0,900.0,810.0,Marketing,Post-IPO,394.0,2023,40.7127281,-74.0060152
1230,ZoomInfo,Vancouver,Cascadia,British Columbia,Canada,North America,120.0,2023-06-02,3.0,4000.0,3880.0,Sales,Post-IPO,7.0,2023,49.2608724,-123.113952
1231,Spotify,Stockholm,other,non,Sweden,Europe,200.0,2023-06-05,2.0,9400.0,9200.0,Media,Post-IPO,2100.0,2023,59.3251172,18.0710935
1232,Linktree,Melbourne,other,Victoria,Australia,Oceana,60.0,2023-06-06,27.0,222.0,162.0,Consumer,Unknown,165.0,2023,-37.8142454,144.9631732
1233,Reddit,San Francisco,San Francisco Bay Area,California,USA,North America,90.0,2023-06-06,5.0,1800.0,1710.0,Consumer,Series F,1300.0,2023,37.7792588,-122.4193286
1234,Dragos,Baltimore,other,Maryland,USA,North America,50.0,2023-06-06,9.0,556.0,506.0,Security,Series D,364.0,2023,39.2908816,-76.610759
1235,Edgio,Phoenix,other,Arizona,USA,North America,134.0,2023-06-06,12.0,1117.0,983.0,Infrastructure,Post-IPO,462.0,2023,33.4484367,-112.074141
1236,Cityblock Health,New York City,other,New York,USA,North America,155.0,2023-06-08,12.0,1292.0,1137.0,Healthcare,Series D,891.0,2023,40.7127281,-74.0060152
1237,Highspot,Seattle,Cascadia,Washington,USA,North America,140.0,2023-06-08,15.0,933.0,793.0,Sales,Series F,644.0,2023,47.6038321,-122.330062
1238,23andMe,San Francisco,San Francisco Bay Area,California,USA,North America,75.0,2023-06-09,9.0,833.0,758.0,Healthcare,Post-IPO,1100.0,2023,37.7792588,-122.4193286
1239,Expel,Washington DC,other,District of Columbia,USA,North America,60.0,2023-06-09,10.0,600.0,540.0,Security,Series E,288.0,2023,38.8950368,-77.0365427
1240,Trybe,Sao Paulo,other,State of São Paulo,Brazil,South America,128.0,2023-06-09,35.0,366.0,238.0,Education,Series B,40.0,2023,-23.5506507,-46.6333824
1241,TaxBit,San Francisco,San Francisco Bay Area,California,USA,North America,80.0,2023-06-11,40.0,200.0,120.0,Crypto,Unknown,253.0,2023,37.7792588,-122.4193286
1242,Pendo,Raleigh,other,North Carolina,USA,North America,100.0,2023-06-12,12.0,833.0,733.0,Product,Series F,469.0,2023,35.7803977,-78.6390989
1243,Grubhub,San Francisco,San Francisco Bay Area,California,USA,North America,400.0,2023-06-12,15.0,2667.0,2267.0,Food,Acquired,284.0,2023,37.7792588,-122.4193286
1244,Chegg,Santa Clara,San Francisco Bay Area,California,USA,North America,80.0,2023-06-12,4.0,2000.0,1920.0,Education,Post-IPO,227.0,2023,37.354107,-121.955238
1245,GoCardless,London,other,England,UK,Europe,150.0,2023-06-12,17.0,882.0,732.0,Finance,Series G,529.0,2023,51.4893335,-0.144055085
1246,Bitwise,Fresno,other,California,USA,North America,900.0,2023-06-14,100.0,900.0,0.0,Crypto,Series B,84.0,2023,36.7394421,-119.78483
1247,Olo,New York City,other,New York,USA,North America,81.0,2023-06-14,11.0,736.0,655.0,Food,Post-IPO,184.0,2023,40.7127281,-74.0060152
1248,Sonos,New York City,other,New York,USA,North America,130.0,2023-06-14,7.0,1857.0,1727.0,Consumer,Post-IPO,455.0,2023,40.7127281,-74.0060152
1249,TrueCar,Los Angeles,other,California,USA,North America,102.0,2023-06-14,24.0,425.0,323.0,Transportation,Post-IPO,340.0,2023,34.0536909,-118.242766
1250,CareRev,Los Angeles,other,California,USA,North America,100.0,2023-06-15,33.0,303.0,203.0,Healthcare,Series A,51.0,2023,34.0536909,-118.242766
1251,FrontRow,Bengaluru,other,Karnataka,India,Asia,39.0,2023-06-15,90.0,43.0,4.0,Education,Series A,17.0,2023,12.98815675,77.62260004
1252,Pilot,San Francisco,San Francisco Bay Area,California,USA,North America,45.0,2023-06-16,13.0,346.0,301.0,Finance,Unknown,116.0,2023,37.7792588,-122.4193286
1253,Mojocare,Bengaluru,other,Karnataka,India,Asia,170.0,2023-06-17,80.0,213.0,43.0,Healthcare,Series A,24.0,2023,12.98815675,77.62260004
1254,Chingari,Bengaluru,other,Karnataka,India,Asia,48.0,2023-06-19,20.0,240.0,192.0,Media,Unknown,88.0,2023,12.98815675,77.62260004
1255,Grab,Singapore,other,non,Singapore,Asia,1000.0,2023-06-20,11.0,9091.0,8091.0,Transportation,Post-IPO,16500.0,2023,1.2899175,103.8519072
1256,Ritual,Toronto,other,Ontario,Canada,North America,38.0,2023-06-21,40.0,95.0,57.0,Food,Series C,134.0,2023,43.6534817,-79.3839347
1257,Uber,San Francisco,San Francisco Bay Area,California,USA,North America,200.0,2023-06-21,1.0,20077.0,19877.0,Transportation,Post-IPO,25200.0,2023,37.7792588,-122.4193286
1258,Convoy,Seattle,Cascadia,Washington,USA,North America,30.0,2023-06-26,5.0,600.0,570.0,Logistics,Series E,1100.0,2023,47.6038321,-122.330062
1259,Robinhood,Menlo Park,San Francisco Bay Area,California,USA,North America,150.0,2023-06-26,7.0,2143.0,1993.0,Finance,Post-IPO,5600.0,2023,37.4519671,-122.177992
1260,New Relic,San Francisco,San Francisco Bay Area,California,USA,North America,255.0,2023-06-27,10.0,2550.0,2295.0,Infrastructure,Post-IPO,214.0,2023,37.7792588,-122.4193286
1261,ClickUp,San Diego,other,California,USA,North America,90.0,2023-06-28,10.0,900.0,810.0,Other,Series C,537.0,2023,32.7174202,-117.162772
1262,Plex,Campbell,San Francisco Bay Area,California,USA,North America,37.0,2023-06-28,20.0,185.0,148.0,Media,Unknown,81.0,2023,37.287167,-121.949959
1263,Headspace,Los Angeles,other,California,USA,North America,181.0,2023-06-29,15.0,1207.0,1026.0,Healthcare,Unknown,216.0,2023,34.0536909,-118.242766
1264,Torii,Ra'anana,other,non,Israel,Asia,28.0,2023-06-29,30.0,93.0,65.0,Other,Series B,65.0,2023,32.1860244,34.8678359
1265,Artsy,New York City,other,New York,USA,North America,35.0,2023-06-29,15.0,233.0,198.0,Retail,Series D,100.0,2023,40.7127281,-74.0060152
1266,Zip,Sydney,other,New South Wales,Australia,Oceana,300.0,2023-07-02,20.0,1500.0,1200.0,Finance,Post-IPO,896.0,2023,-33.8698439,151.2082848
1267,Highsnobiety,Berlin,other,Berlin,Germany,Europe,24.0,2023-07-03,10.0,240.0,216.0,Media,Acquired,8.0,2023,52.5170365,13.3888599
1268,FNZ,London,other,England,UK,Europe,1000.0,2023-07-06,15.0,6667.0,5667.0,Finance,Private Equity,,2023,51.4893335,-0.144055085
1269,Perfect Day,Berkeley,San Francisco Bay Area,California,USA,North America,134.0,2023-07-06,15.0,893.0,759.0,Food,Series D,711.0,2023,37.8708393,-122.272863
1270,TytoCare,New York City,other,New York,USA,North America,20.0,2023-07-06,10.0,200.0,180.0,Healthcare,Series D,156.0,2023,40.7127281,-74.0060152
1271,FrontRow,Bengaluru,other,Karnataka,India,Asia,4.0,2023-07-10,100.0,4.0,0.0,Education,Series A,17.0,2023,12.98815675,77.62260004
1272,WayCool,Chennai,other,Tamil Nadu,India,Asia,300.0,2023-07-11,12.0,2500.0,2200.0,Food,Unknown,363.0,2023,13.0836939,80.270186
1273,Matterport,Sunnyvale,San Francisco Bay Area,California,USA,North America,170.0,2023-07-11,30.0,567.0,397.0,Data,Post-IPO,409.0,2023,37.3688301,-122.036349
1274,Sisense,New York City,other,New York,USA,North America,100.0,2023-07-11,15.0,667.0,567.0,Data,Series F,274.0,2023,40.7127281,-74.0060152
1275,Freightos,Miami,other,Florida,USA,North America,50.0,2023-07-12,13.0,385.0,335.0,Logistics,Post-IPO,118.0,2023,25.7741728,-80.19362
1276,DeepVerge,Dublin,other,non,Ireland,Europe,50.0,2023-07-12,100.0,50.0,0.0,Healthcare,Post-IPO,20.0,2023,53.3493795,-6.2605593
1277,AudioCodes,Tel Aviv,other,non,Israel,Asia,80.0,2023-07-13,6.0,1333.0,1253.0,Other,Post-IPO,91.0,2023,32.0852997,34.7818064
1278,Deepwatch,Tampa Bay,other,Florida,USA,North America,30.0,2023-07-13,7.0,429.0,399.0,Security,Series C,256.0,2023,27.6886419,-82.5723193
1279,PayScale,Seattle,Cascadia,Washington,USA,North America,14.0,2023-07-14,2.0,700.0,686.0,HR,Acquired,33.0,2023,47.6038321,-122.330062
1280,Sarcos,Salt Lake City,other,Utah,USA,North America,75.0,2023-07-17,25.0,300.0,225.0,Aerospace,Post-IPO,316.0,2023,40.7596198,-111.886797
1281,AgentSync,Denver,other,Colorado,USA,North America,67.0,2023-07-19,24.0,279.0,212.0,Finance,Series B,111.0,2023,39.7392364,-104.984862
1282,Inspirato,Denver,other,Colorado,USA,North America,50.0,2023-07-19,6.0,833.0,783.0,Travel,Post-IPO,179.0,2023,39.7392364,-104.984862
1283,Tilia,San Francisco,San Francisco Bay Area,California,USA,North America,28.0,2023-07-19,32.0,88.0,60.0,Finance,Unknown,32.0,2023,37.7792588,-122.4193286
1284,Deep Instict,New York City,other,New York,USA,North America,46.0,2023-07-25,15.0,307.0,261.0,Security,Unknown,322.0,2023,40.7127281,-74.0060152
1285,Figure,San Francisco,San Francisco Bay Area,California,USA,North America,90.0,2023-07-26,20.0,450.0,360.0,Crypto,Unknown,1500.0,2023,37.7792588,-122.4193286
1286,Calendly,Atlanta,other,Georgia,USA,North America,60.0,2023-07-26,10.0,600.0,540.0,Other,Series B,351.0,2023,33.7489924,-84.3902644
1287,Copia,Nairobi,other,non,Kenya,Africa,350.0,2023-07-26,25.0,1400.0,1050.0,Retail,Series C,103.0,2023,-1.2832533,36.8172449
1288,Milkbasket,Gurugram,other,Haryana,India,Asia,400.0,2023-07-27,67.0,597.0,197.0,Food,Acquired,39.0,2023,28.4646148,77.0299194
1289,Point,Palo Alto,San Francisco Bay Area,California,USA,North America,61.0,2023-07-27,28.0,218.0,157.0,Real Estate,Series C,149.0,2023,37.4443293,-122.1598465
1290,Verbit,New York City,other,New York,USA,North America,60.0,2023-07-27,6.0,1000.0,940.0,Data,Series E,569.0,2023,40.7127281,-74.0060152
1291,Wish,San Francisco,San Francisco Bay Area,California,USA,North America,255.0,2023-07-27,34.0,750.0,495.0,Retail,Post-IPO,1600.0,2023,37.7792588,-122.4193286
1292,Eroad,Auckland,other,non,New Zealand,Oceana,200.0,2023-07-28,31.0,645.0,445.0,Transportation,Unknown,46.0,2023,-36.852095,174.7631803
1293,Kape Technologies,London,other,England,UK,Europe,200.0,2023-07-30,30.0,667.0,467.0,Security,Post-IPO,188.0,2023,51.4893335,-0.144055085
1294,Fable,Toronto,other,Ontario,Canada,North America,13.0,2023-07-31,9.0,144.0,131.0,Other,Series A,12.0,2023,43.6534817,-79.3839347
1295,Vesttoo,Tel Aviv,other,non,Israel,Asia,150.0,2023-08-01,75.0,200.0,50.0,Finance,Series C,110.0,2023,32.0852997,34.7818064
1296,Planet,San Francisco,San Francisco Bay Area,California,USA,North America,117.0,2023-08-01,10.0,1170.0,1053.0,Aerospace,Post-IPO,574.0,2023,37.7792588,-122.4193286
1297,Paper,Montreal,other,Quebec,Canada,North America,106.0,2023-08-01,4.0,2650.0,2544.0,Education,Series D,389.0,2023,45.5031824,-73.5698065
1298,Archipelago,San Francisco,San Francisco Bay Area,California,USA,North America,40.0,2023-08-01,30.0,133.0,93.0,Real Estate,Series B,57.0,2023,37.7792588,-122.4193286
1299,Augury,New York City,other,New York,USA,North America,70.0,2023-08-02,18.0,389.0,319.0,Manufacturing,Series E,274.0,2023,40.7127281,-74.0060152
1300,BetterUp,San Francisco,San Francisco Bay Area,California,USA,North America,100.0,2023-08-02,16.0,625.0,525.0,HR,Series E,567.0,2023,37.7792588,-122.4193286
1301,Gupy,Sao Paulo,other,State of São Paulo,Brazil,South America,58.0,2023-08-02,8.0,725.0,667.0,HR,Series B,105.0,2023,-23.5506507,-46.6333824
1302,Spinny,Gurugram,other,Haryana,India,Asia,300.0,2023-08-02,5.0,6000.0,5700.0,Transportation,Series E,513.0,2023,28.4646148,77.0299194
1303,Tekion,Bengaluru,other,Karnataka,India,Asia,300.0,2023-08-02,10.0,3000.0,2700.0,Other,Series D,435.0,2023,12.98815675,77.62260004
1304,Discord,San Francisco,San Francisco Bay Area,California,USA,North America,37.0,2023-08-03,4.0,925.0,888.0,Consumer,Series H,,2023,37.7792588,-122.4193286
1305,Top Hat,Toronto,other,Ontario,Canada,North America,42.0,2023-08-04,7.0,600.0,558.0,Education,Series E,234.0,2023,43.6534817,-79.3839347
1306,Thoughtworks,Chicago,other,Illinois,USA,North America,579.0,2023-08-08,5.0,11580.0,11001.0,Other,Post-IPO,748.0,2023,41.8755616,-87.6244212
1307,Rapid7,Boston,other,Massachusetts,USA,North America,470.0,2023-08-08,18.0,2611.0,2141.0,Security,Post-IPO,89.0,2023,42.3554334,-71.060511
1308,Doximity,San Francisco,San Francisco Bay Area,California,USA,North America,100.0,2023-08-08,10.0,1000.0,900.0,Healthcare,Post-IPO,82.0,2023,37.7792588,-122.4193286
1309,23andMe,San Francisco,San Francisco Bay Area,California,USA,North America,71.0,2023-08-08,11.0,645.0,574.0,Healthcare,Post-IPO,1100.0,2023,37.7792588,-122.4193286
1310,Blend,San Francisco,San Francisco Bay Area,California,USA,North America,150.0,2023-08-09,19.0,789.0,639.0,Finance,Post-IPO,665.0,2023,37.7792588,-122.4193286
1311,Dealtale,Tel Aviv,other,non,Israel,Asia,70.0,2023-08-09,100.0,70.0,0.0,Sales,Acquired,2.0,2023,32.0852997,34.7818064
1312,SecureWorks,Atlanta,other,Georgia,USA,North America,300.0,2023-08-14,15.0,2000.0,1700.0,Security,Post-IPO,83.0,2023,33.7489924,-84.3902644
1313,AppFolio,Santa Barbara,other,California,USA,North America,149.0,2023-08-17,9.0,1656.0,1507.0,Real Estate,Post-IPO,30.0,2023,34.4221319,-119.702667
1314,StreamElements,Tel Aviv,other,non,Israel,Asia,60.0,2023-08-17,35.0,171.0,111.0,Media,Series B,111.0,2023,32.0852997,34.7818064
1315,Twiga,Nairobi,other,non,Kenya,Africa,283.0,2023-08-20,33.0,858.0,575.0,Food,Series C,157.0,2023,-1.2832533,36.8172449
1316,Getir,London,other,England,UK,Europe,2500.0,2023-08-22,11.0,22727.0,20227.0,Food,Series E,1800.0,2023,51.4893335,-0.144055085
1317,Veriff,Tallinn,other,non,Estonia,Europe,101.0,2023-08-23,21.0,481.0,380.0,Security,Series C,192.0,2023,59.4372155,24.7453688
1318,Atlas,Chicago,other,Illinois,USA,North America,150.0,2023-08-23,30.0,500.0,350.0,HR,Series B,220.0,2023,41.8755616,-87.6244212
1319,BlackLine,Los Angeles,other,California,USA,North America,95.0,2023-08-23,5.0,1900.0,1805.0,Finance,Post-IPO,220.0,2023,34.0536909,-118.242766
1320,Captiv8,San Francisco,San Francisco Bay Area,California,USA,North America,8.0,2023-08-24,3.0,267.0,259.0,Marketing,Unknown,4.0,2023,37.7792588,-122.4193286
1321,Zebra Technologies,Chicago,other,Illinois,USA,North America,700.0,2023-08-28,7.0,10000.0,9300.0,Manufacturing,Post-IPO,,2023,41.8755616,-87.6244212
1322,Huma,London,other,England,UK,Europe,45.0,2023-08-30,10.0,450.0,405.0,Healthcare,Unknown,217.0,2023,51.4893335,-0.144055085
1323,Kenko Health,Mumbai,other,Maharashtra,India,Asia,50.0,2023-08-30,20.0,250.0,200.0,Healthcare,Series A,14.0,2023,19.0785451,72.878176
1324,Omuni,Bengaluru,other,Karnataka,India,Asia,60.0,2023-08-30,35.0,171.0,111.0,Retail,Acquired,10.0,2023,12.98815675,77.62260004
1325,Zeplin,San Francisco,San Francisco Bay Area,California,USA,North America,37.0,2023-08-30,35.0,106.0,69.0,Product,Seed,1.0,2023,37.7792588,-122.4193286
1326,Nexar,New York City,other,New York,USA,North America,17.0,2023-09-04,14.0,121.0,104.0,Transportation,Series D,149.0,2023,40.7127281,-74.0060152
1327,Hodinkee,New York City,other,New York,USA,North America,24.0,2023-09-05,20.0,120.0,96.0,Retail,Seed,40.0,2023,40.7127281,-74.0060152
1328,Absci,Portland,Cascadia,Oregon,USA,North America,30.0,2023-09-05,15.0,200.0,170.0,Healthcare,Post-IPO,238.0,2024,45.5202471,-122.674194
1329,Roku,San Jose,San Francisco Bay Area,California,USA,North America,360.0,2023-09-06,10.0,3600.0,3240.0,Media,Post-IPO,208.0,2023,37.3361663,-121.890591
1330,Drift,Boston,other,Massachusetts,USA,North America,100.0,2023-09-07,25.0,400.0,300.0,Marketing,Acquired,107.0,2023,42.3554334,-71.060511
1331,Chargebee,North Bethesda,San Francisco Bay Area,California,USA,North America,100.0,2023-09-11,10.0,1000.0,900.0,Finance,Series H,468.0,2023,37.773972,-122.431297
1332,Grabango,Berkeley,San Francisco Bay Area,California,USA,North America,34.0,2023-09-11,40.0,85.0,51.0,Food,Unknown,94.0,2023,37.8708393,-122.272863
1333,Homeday,Berlin,other,Berlin,Germany,Europe,40.0,2023-09-12,20.0,200.0,160.0,Real Estate,Unknown,71.0,2023,52.5170365,13.3888599
1334,Paper,Montreal,other,Quebec,Canada,North America,87.0,2023-09-12,3.0,2900.0,2813.0,Education,Series D,389.0,2023,45.5031824,-73.5698065
1335,At-Bay,San Francisco,San Francisco Bay Area,California,USA,North America,27.0,2023-09-12,9.0,300.0,273.0,Security,Unknown,296.0,2023,37.7792588,-122.4193286
1336,Evolve,Denver,other,Colorado,USA,North America,175.0,2023-09-12,20.0,875.0,700.0,Travel,Series F,224.0,2023,39.7392364,-104.984862
1337,VideoAmp,Los Angeles,other,California,USA,North America,40.0,2023-09-14,10.0,400.0,360.0,Marketing,Series F,456.0,2023,34.0536909,-118.242766
1338,Airtable,San Francisco,San Francisco Bay Area,California,USA,North America,237.0,2023-09-14,27.0,878.0,641.0,Product,Series F,1400.0,2023,37.7792588,-122.4193286
1339,7shifts,Saskatoon,other,Saskatchewan,Canada,North America,30.0,2023-09-15,7.0,429.0,399.0,Food,Series C,131.0,2023,52.131802,-106.660767
1340,Lucid Software,Salt Lake City,other,Utah,USA,North America,75.0,2023-09-25,7.0,1071.0,996.0,Other,Series E,170.0,2023,40.7596198,-111.886797
1341,Dunzo,Bengaluru,other,Karnataka,India,Asia,150.0,2023-09-26,30.0,500.0,350.0,Food,Unknown,458.0,2023,12.98815675,77.62260004
1342,Flexe,Seattle,Cascadia,Washington,USA,North America,131.0,2023-09-26,33.0,397.0,266.0,Logistics,Series D,263.0,2023,47.6038321,-122.330062
1343,Fi.Money,Bengaluru,other,Karnataka,India,Asia,30.0,2023-09-27,10.0,300.0,270.0,Finance,Series C,137.0,2023,12.98815675,77.62260004
1344,Epic Gaming,Raleigh,other,North Carolina,USA,North America,870.0,2023-09-28,16.0,5438.0,4568.0,Consumer,Unknown,,2023,35.7803977,-78.6390989
1345,Cowbell,Pleasanton,San Francisco Bay Area,California,USA,North America,28.0,2023-09-29,12.0,233.0,205.0,Finance,Series B,123.0,2023,37.6624312,-121.8746789
1346,Chia Network,San Francisco,San Francisco Bay Area,California,USA,North America,26.0,2023-10-02,37.0,70.0,44.0,Crypto,Series D,70.0,2023,37.7792588,-122.4193286
1347,Synapse,San Francisco,San Francisco Bay Area,California,USA,North America,86.0,2023-10-02,40.0,215.0,129.0,Finance,Series B,50.0,2023,37.7792588,-122.4193286
1348,Chainalysis,New York City,other,New York,USA,North America,150.0,2023-10-02,15.0,1000.0,850.0,Crypto,Series F,536.0,2023,40.7127281,-74.0060152
1349,Hopper,Montreal,other,Quebec,Canada,North America,250.0,2023-10-04,30.0,833.0,583.0,Travel,Unknown,730.0,2023,45.5031824,-73.5698065
1350,Qualtrics,Salt Lake City,other,Utah,USA,North America,780.0,2023-10-04,14.0,5571.0,4791.0,Other,Post-IPO,400.0,2023,40.7596198,-111.886797
1351,Arrival,London,other,England,UK,Europe,200.0,2023-10-05,25.0,800.0,600.0,Transportation,Post-IPO,629.0,2023,51.4893335,-0.144055085
1352,SchoolMint,San Francisco,San Francisco Bay Area,California,USA,North America,29.0,2023-10-05,14.0,207.0,178.0,Education,Acquired,8.0,2023,37.7792588,-122.4193286
1353,InvestCloud,Los Angeles,other,California,USA,North America,80.0,2023-10-06,5.0,1600.0,1520.0,Finance,Private Equity,54.0,2023,34.0536909,-118.242766
1354,Carbon Health,San Francisco,San Francisco Bay Area,California,USA,North America,114.0,2023-10-09,5.0,2280.0,2166.0,Healthcare,Series D,522.0,2023,37.7792588,-122.4193286
1355,Deepgram,San Francisco,San Francisco Bay Area,California,USA,North America,20.0,2023-10-11,20.0,100.0,80.0,AI,Series B,86.0,2023,37.7792588,-122.4193286
1356,MariaDB,Redwood City,San Francisco Bay Area,California,USA,North America,84.0,2023-10-12,28.0,300.0,216.0,Data,Post-IPO,272.0,2023,37.4863239,-122.232523
1357,Lending Club,San Francisco,San Francisco Bay Area,California,USA,North America,172.0,2023-10-12,14.0,1229.0,1057.0,Finance,Post-IPO,392.0,2023,37.7792588,-122.4193286
1358,LinkedIn,Sunnyvale,San Francisco Bay Area,California,USA,North America,660.0,2023-10-16,3.0,22000.0,21340.0,HR,Acquired,154.0,2023,37.3688301,-122.036349
1359,C2FO,Kansas City,other,Kansas,USA,North America,80.0,2023-10-16,3.0,2667.0,2587.0,Finance,Series H,537.0,2023,39.100105,-94.5781416
1360,ManoMano,Paris,other,non,France,Europe,230.0,2023-10-18,25.0,920.0,690.0,Retail,Series F,705.0,2023,48.8588897,2.320041022
1361,WeTranSan Francisco Bay Areaer,Amsterdam,other,non,Netherlands,Europe,35.0,2023-10-18,10.0,350.0,315.0,Other,Series A,64.0,2023,52.3730796,4.8924534
1362,Bullhorn,Boston,other,Massachusetts,USA,North America,140.0,2023-10-19,9.0,1556.0,1416.0,Sales,Acquired,32.0,2023,42.3554334,-71.060511
1363,Convoy,Seattle,Cascadia,Washington,USA,North America,500.0,2023-10-19,100.0,500.0,0.0,Logistics,Series E,1100.0,2023,47.6038321,-122.330062
1364,StellarAlgo,Calgary,other,Alberta,Canada,North America,21.0,2023-10-19,28.0,75.0,54.0,Data,Series A,16.0,2023,51.0456064,-114.057541
1365,Nomad Health,New York City,other,New York,USA,North America,119.0,2023-10-20,17.0,700.0,581.0,Healthcare,Unknown,218.0,2023,40.7127281,-74.0060152
1366,SiFive,Santa Clara,San Francisco Bay Area,California,USA,North America,130.0,2023-10-24,20.0,650.0,520.0,Hardware,Series F,365.0,2023,37.354107,-121.955238
1367,Hippo Insurance,Palo Alto,San Francisco Bay Area,California,USA,North America,120.0,2023-10-26,20.0,600.0,480.0,Finance,Post-IPO,1300.0,2023,37.4443293,-122.1598465
1368,Splunk,San Jose,San Francisco Bay Area,California,USA,North America,500.0,2023-11-01,7.0,7143.0,6643.0,Data,Post-IPO,2400.0,2023,37.3361663,-121.890591
1369,Faire,San Francisco,San Francisco Bay Area,California,USA,North America,250.0,2023-11-01,20.0,1250.0,1000.0,Retail,Series G,1700.0,2023,37.7792588,-122.4193286
1370,Sana Benefits,Austin,other,Texas,USA,North America,73.0,2023-11-01,50.0,146.0,73.0,HR,Series B,106.0,2023,30.2711286,-97.7436995
1371,Beyond Meat,Los Angeles,other,California,USA,North America,65.0,2023-11-02,8.0,813.0,748.0,Food,Post-IPO,122.0,2023,34.0536909,-118.242766
1372,Viasat,San Diego,other,California,USA,North America,800.0,2023-11-02,10.0,8000.0,7200.0,Other,Post-IPO,366.0,2023,32.7174202,-117.162772
1373,TripAdvisor,Boston,other,Massachusetts,USA,North America,125.0,2023-11-12,4.0,3125.0,3000.0,Travel,Post-IPO,3.0,2023,42.3554334,-71.060511
1374,Physics Wallah,Noida,other,Uttar Pradesh,India,Asia,120.0,2023-11-19,1.0,12000.0,11880.0,Education,Series A,100.0,2023,28.5706333,77.3272147
1375,Our Next Energy,Detroit,other,Michigan,USA,North America,128.0,2023-11-27,25.0,512.0,384.0,Transportation,Series B,390.0,2023,42.3315509,-83.0466403
1376,Dataminr,New York City,other,New York,USA,North America,150.0,2023-11-28,20.0,750.0,600.0,AI,Series F,1100.0,2023,40.7127281,-74.0060152
1377,Unity,San Francisco,San Francisco Bay Area,California,USA,North America,265.0,2023-11-28,4.0,6625.0,6360.0,Other,Post-IPO,1300.0,2023,37.7792588,-122.4193286
1378,Zepz,London,other,England,UK,Europe,30.0,2023-11-30,2.0,1500.0,1470.0,Finance,Series E,700.0,2023,51.4893335,-0.144055085
1379,Loco,Mumbai,other,Maharashtra,India,Asia,40.0,2023-11-30,36.0,111.0,71.0,Consumer,Acquired,52.0,2023,19.0785451,72.878176
1380,Spotify,Stockholm,other,non,Sweden,Europe,1500.0,2023-12-04,17.0,9200.0,7700.0,Media,Post-IPO,2100.0,2023,59.3251172,18.0710935
1381,Incredibuild,Tel Aviv,other,non,Israel,Asia,40.0,2023-12-05,20.0,200.0,160.0,Product,Series B,35.0,2023,32.0852997,34.7818064
1382,Navan,Palo Alto,San Francisco Bay Area,California,USA,North America,145.0,2023-12-05,5.0,2900.0,2755.0,Finance,Unknown,,2023,37.4443293,-122.1598465
1383,ZestMoney,Bengaluru,other,Karnataka,India,Asia,150.0,2023-12-05,100.0,150.0,0.0,Finance,Series C,120.0,2023,12.98815675,77.62260004
1384,Zulily,Seattle,Cascadia,Washington,USA,North America,839.0,2023-12-08,100.0,839.0,0.0,Retail,Acquired,194.0,2023,47.6038321,-122.330062
1385,Jungle Scout,Austin,other,Texas,USA,North America,,2023-12-09,,,,Retail,Private Equity,110.0,2024,30.2711286,-97.7436995
1386,SmileDirectClub,Nashville,other,Tennessee,USA,North America,,2023-12-09,100.0,,0.0,Healthcare,Post-IPO,694.0,2024,36.1622767,-86.7742984
1387,Sunfolding,San Francisco,San Francisco Bay Area,California,USA,North America,,2023-12-09,100.0,,0.0,Energy,Series B,32.0,2024,37.7792588,-122.4193286
1388,Chipper Cash,San Francisco,San Francisco Bay Area,California,USA,North America,15.0,2023-12-11,33.0,45.0,30.0,Finance,Series C,302.0,2023,37.7792588,-122.4193286
1389,TomTom,Lodz,other,non,Poland,Europe,45.0,2023-12-12,,,,Transportation,Post-IPO,,2024,51.7687323,19.4569911
1390,Analog Devices,San Jose,San Francisco Bay Area,California,USA,North America,111.0,2023-12-13,,,,Manufacturing,Post-IPO,,2024,37.3361663,-121.890591
1391,Etsy,New York City,other,New York,USA,North America,225.0,2023-12-13,11.0,2045.0,1820.0,Retail,Post-IPO,97.0,2023,40.7127281,-74.0060152
1392,Etsy,New York City,other,New York,USA,North America,225.0,2023-12-13,11.0,2045.0,1820.0,Retail,Post-IPO,97.0,2024,40.7127281,-74.0060152
1393,Flex,Milpitas,San Francisco Bay Area,California,USA,North America,31.0,2023-12-13,,,,Manufacturing,Unknown,,2024,37.4332273,-121.8989248
1394,ForgeRock,San Francisco,San Francisco Bay Area,California,USA,North America,109.0,2023-12-13,,,,Other,Acquired,234.0,2024,37.7792588,-122.4193286
1395,FourKites,Chicago,other,Illinois,USA,North America,,2023-12-13,15.0,,,Logistics,Unknown,241.0,2024,41.8755616,-87.6244212
1396,Invitae,San Francisco,San Francisco Bay Area,California,USA,North America,235.0,2023-12-13,15.0,1567.0,1332.0,Healthcare,Post-IPO,,2023,37.7792588,-122.4193286
1397,Sojern,San Francisco,San Francisco Bay Area,California,USA,North America,,2023-12-13,20.0,,,Marketing,Unknown,172.0,2024,37.7792588,-122.4193286
1398,Stellar Pizza,Los Angeles,other,California,USA,North America,,2023-12-14,50.0,,,Food,Series A,25.0,2024,34.0536909,-118.242766
1399,Solarisbank,Berlin,other,Berlin,Germany,Europe,20.0,2023-12-14,,,,Finance,Unknown,385.0,2024,52.5170365,13.3888599
1400,Flyhomes,Seattle,Cascadia,Washington,USA,North America,,2023-12-14,,,,Real Estate,Series C,310.0,2024,47.6038321,-122.330062
1401,Cruise,San Francisco,San Francisco Bay Area,California,USA,North America,900.0,2023-12-14,24.0,3750.0,2850.0,Transportation,Acquired,15000.0,2023,37.7792588,-122.4193286
1402,Curalie,Berlin,other,Berlin,Germany,Europe,,2023-12-14,100.0,,0.0,Healthcare,Unknown,,2024,52.5170365,13.3888599
1403,Bolt,San Francisco,San Francisco Bay Area,California,USA,North America,130.0,2023-12-14,29.0,450.0,320.0,Finance,Series E,1300.0,2023,37.7792588,-122.4193286
1404,Curbio,Washington DC,other,District of Columbia,USA,North America,,2023-12-14,,,,Real Estate,Series B,76.0,2024,38.8950368,-77.0365427
1405,Glowforge,Seattle,Cascadia,Washington,USA,North America,30.0,2023-12-15,,,,Manufacturing,Series E,133.0,2024,47.6038321,-122.330062
1406,Jellysmack,Paris,other,non,France,Europe,,2023-12-15,,,,Media,Series C,22.0,2024,48.8588897,2.320041022
1407,Superpedestrian,Boston,other,Massachusetts,USA,North America,,2023-12-15,,,,Transportation,Series C,262.0,2024,42.3554334,-71.060511
1408,eBay,San Francisco,San Francisco Bay Area,California,USA,North America,20.0,2023-12-17,,,,e-commerce,Post-IPO,1.0,2024,37.7792588,-122.4193286
1409,Udaan,Bengaluru,other,Karnataka,India,Asia,100.0,2023-12-18,10.0,1000.0,900.0,Retail,Unknown,,2023,12.98815675,77.62260004
1410,Enphase Energy,Fremont,San Francisco Bay Area,California,USA,North America,350.0,2023-12-18,10.0,3500.0,3150.0,Energy,Post-IPO,116.0,2023,37.5482697,-121.988571
1411,Checkout.com,London,other,England,UK,Europe,80.0,2023-12-18,,,,Finance,Series D,2.0,2024,51.4893335,-0.144055085
1412,Arm Holdings,Shanghai,other,non,China,Asia,70.0,2023-12-18,,,,Hardware,Post-IPO,,2024,31.2312707,121.4700152
1413,Delivery Hero,Berlin,other,Berlin,Germany,Europe,,2023-12-18,,,,Food,Post-IPO,10.0,2024,52.5170365,13.3888599
1414,InSightec,Haifa,other,non,Israel,Asia,100.0,2023-12-19,20.0,500.0,400.0,Healthcare,Unknown,733.0,2023,32.799313,34.98957172
1415,InSightec,Haifa,other,non,Israel,Asia,100.0,2023-12-19,20.0,500.0,400.0,Healthcare,Unknown,733.0,2024,32.799313,34.98957172
1416,Kaspien,Seattle,Cascadia,Washington,USA,North America,,2023-12-19,100.0,,0.0,Retail,Post-IPO,52.0,2024,47.6038321,-122.330062
1417,ShareChat,Bengaluru,other,Karnataka,India,Asia,200.0,2023-12-20,15.0,1333.0,1133.0,Consumer,Series H,1700.0,2023,12.98815675,77.62260004
1418,Palmetto Clean Technology,Charleston,other,South Carolina,USA,North America,,2023-12-21,,,,Energy,Private Equity,628.0,2024,32.7884363,-79.9399309
1419,Intel,Sacramento,other,California,USA,North America,311.0,2023-12-21,,,,Semiconductors,Post-IPO,12.0,2024,38.5810606,-121.493895
1420,Hyperloop One,Los Angeles,other,California,USA,North America,,2023-12-21,100.0,,0.0,Transportation,Unknown,368.0,2024,34.0536909,-118.242766
1421,Paytm,Noida,other,Uttar Pradesh,India,Asia,1000.0,2023-12-25,,,,Finance,Unknown,,2024,28.5706333,77.3272147
1422,Strake,Boulder,other,Colorado,USA,North America,,2023-12-28,100.0,,0.0,Infrastructure,Unknown,,2024,40.0149856,-105.270545
1423,Bolt.Earth,Bengaluru,other,Karnataka,India,Asia,,2023-12-29,20.0,,,Energy,Series B,24.0,2024,12.98815675,77.62260004
1424,Frontdesk,Milwaukee,other,Wisconsin,USA,North America,200.0,2024-01-02,100.0,200.0,0.0,Travel,Unknown,26.0,2024,43.0386475,-87.9090751
1425,The Messenger,New York City,other,New York,USA,North America,24.0,2024-01-02,,,,Media,Unknown,,2024,40.7127281,-74.0060152
1426,Lazada Group,Singapore,other,non,Singapore,Asia,100.0,2024-01-03,30.0,333.0,233.0,Retail,Acquired,7.0,2024,1.2899175,103.8519072
1427,Orca Security,Tel Aviv,other,non,Israel,Asia,60.0,2024-01-03,15.0,400.0,340.0,Security,Series C,632.0,2024,32.0852997,34.7818064
1428,Xerox,Norwalk,other,Connecticut,USA,North America,3000.0,2024-01-03,15.0,20000.0,17000.0,Hardware,Post-IPO,27.0,2024,41.1175966,-73.4078968
1429,VideoAmp,Los Angeles,other,California,USA,North America,,2024-01-04,20.0,,,Marketing,Series F,456.0,2024,34.0536909,-118.242766
1430,Trigo,Tel Aviv,other,non,Israel,Asia,30.0,2024-01-04,15.0,200.0,170.0,Retail,Series C,199.0,2024,32.0852997,34.7818064
1431,InVision,New York City,other,New York,USA,North America,,2024-01-04,100.0,,0.0,Product,Series F,356.0,2024,40.7127281,-74.0060152
1432,Cue Health,San Diego,other,California,USA,North America,94.0,2024-01-05,13.0,723.0,629.0,Healthcare,Post-IPO,899.0,2024,32.7174202,-117.162772
1433,Lever,San Francisco,San Francisco Bay Area,California,USA,North America,,2024-01-05,,,,HR,Acquired,123.0,2024,37.7792588,-122.4193286
1434,NanoString Technology,Seattle,Cascadia,Washington,USA,North America,50.0,2024-01-06,9.0,555.0,505.0,Healthcare,Post-IPO,826.0,2024,47.6038321,-122.330062
1435,LiveVox,San Francisco,San Francisco Bay Area,California,USA,North America,,2024-01-07,,,,Support,Acquired,12.0,2024,37.7792588,-122.4193286
1436,Unity,San Francisco,San Francisco Bay Area,California,USA,North America,1800.0,2024-01-08,25.0,7200.0,5400.0,Other,Post-IPO,1.0,2024,37.7792588,-122.4193286
1437,Pitch,Berlin,other,Berlin,Germany,Europe,80.0,2024-01-08,67.0,119.0,39.0,Other,Series B,138.0,2024,52.5170365,13.3888599
1438,NuScale Power,Corvallis,other,Oregon,USA,North America,154.0,2024-01-08,28.0,550.0,396.0,Energy,Post-IPO,470.0,2024,44.5645659,-123.2620435
1439,MeridianLink,Los Angeles,other,California,USA,North America,,2024-01-08,9.0,,,Finance,Post-IPO,485.0,2024,34.0536909,-118.242766
1440,Lendio,Lehi,other,Utah,USA,North America,,2024-01-08,,,,Finance,Series E,108.0,2024,40.3881114,-111.8486019
1441,Here,Miami,other,Florida,USA,North America,,2024-01-08,100.0,,0.0,Real Estate,Seed,5.0,2024,25.7741728,-80.19362
1442,Flipkart,Bengaluru,other,Karnataka,India,Asia,1100.0,2024-01-08,5.0,22000.0,20900.0,Retail,Acquired,13.0,2024,12.98815675,77.62260004
1443,Flexe,Seattle,Cascadia,Washington,USA,North America,99.0,2024-01-08,38.0,260.0,161.0,Logistics,Series D,263.0,2024,47.6038321,-122.330062
1444,BenchSci,Toronto,other,Ontario,Canada,North America,70.0,2024-01-08,17.0,411.0,341.0,Healthcare,Series D,164.0,2024,43.6534817,-79.3839347
1445,Ledger Investing,New York City,other,New York,USA,North America,,2024-01-08,25.0,,,Finance,Series B,91.0,2024,40.7127281,-74.0060152
1446,Uber Freight,San Francisco,San Francisco Bay Area,California,USA,North America,40.0,2024-01-09,,,,Logistics,Subsidiary,3.0,2024,37.7792588,-122.4193286
1447,Branch,Columbus,other,Ohio,USA,North America,85.0,2024-01-09,,,,Finance,Series C,229.0,2024,39.9622601,-83.0007065
1448,EVBox,Amsterdam,other,non,Netherlands,Europe,,2024-01-09,,,,Energy,Post-IPO,,2024,52.3730796,4.8924534
1449,FullStory,Atlanta,other,Georgia,USA,North America,50.0,2024-01-09,10.0,500.0,450.0,Marketing,Unknown,197.0,2024,33.7489924,-84.3902644
1450,Humane,San Francisco,San Francisco Bay Area,California,USA,North America,10.0,2024-01-09,4.0,250.0,240.0,Hardware,Series C,230.0,2024,37.7792588,-122.4193286
1451,Morning Consult,Washington DC,other,District of Columbia,USA,North America,,2024-01-09,,,,Data,Series B,91.0,2024,38.8950368,-77.0365427
1452,Nevro,Redwood City,San Francisco Bay Area,California,USA,North America,63.0,2024-01-09,5.0,1260.0,1197.0,Healthcare,Post-IPO,556.0,2024,37.4863239,-122.232523
1453,Rent the Runway,New York City,other,New York,USA,North America,37.0,2024-01-09,10.0,370.0,333.0,Retail,Post-IPO,526.0,2024,40.7127281,-74.0060152
1454,Treasure Financial,San Francisco,San Francisco Bay Area,California,USA,North America,14.0,2024-01-09,60.0,23.0,9.0,Finance,Series A,14.0,2024,37.7792588,-122.4193286
1455,Trend Micro,Tokyo,Tokyo,Tokyo,Japan,Asia,,2024-01-09,2.0,,,Security,Unknown,,2024,35.6821936,139.762221
1456,Twitch,San Francisco,San Francisco Bay Area,California,USA,North America,500.0,2024-01-09,35.0,1428.0,928.0,Consumer,Acquired,35.0,2024,37.7792588,-122.4193286
1457,Instagram,Palo Alto,San Francisco Bay Area,California,USA,North America,60.0,2024-01-10,,,,Consumer,Acquired,57.0,2024,37.4443293,-122.1598465
1458,IAC,New York City,other,New York,USA,North America,330.0,2024-01-10,,,,Consumer,Post-IPO,,2024,40.7127281,-74.0060152
1459,SoFi,San Francisco,San Francisco Bay Area,California,USA,North America,,2024-01-10,4.0,,,Finance,Post-IPO,3.0,2024,37.7792588,-122.4193286
1460,Google,Mountain View,San Francisco Bay Area,California,USA,North America,1000.0,2024-01-10,,,,Consumer,Post-IPO,26.0,2024,37.3893889,-122.0832101
1461,Citrix,Miami,other,Florida,USA,North America,1000.0,2024-01-10,12.0,8333.0,7333.0,Infrastructure,Acquired,20.0,2024,25.7741728,-80.19362
1462,ChargePoint,Campbell,San Francisco Bay Area,California,USA,North America,,2024-01-10,12.0,,,Manufacturing,Unknown,1.0,2024,37.287167,-121.949959
1463,Beam Benefits,Columbus,other,Ohio,USA,North America,74.0,2024-01-10,,,,Healthcare,Series E,168.0,2024,39.9622601,-83.0007065
1464,Amazon,Seattle,Cascadia,Washington,USA,North America,,2024-01-10,,,,Retail,Post-IPO,108.0,2024,47.6038321,-122.330062
1465,FreshDirect,New York City,other,New York,USA,North America,100.0,2024-01-10,3.0,3333.0,3233.0,Food,Acquired,280.0,2024,40.7127281,-74.0060152
1466,Cloudflare,San Francisco,San Francisco Bay Area,California,USA,North America,40.0,2024-01-11,,,,Security,Post-IPO,332.0,2024,37.7792588,-122.4193286
1467,888,Tel Aviv,other,non,Israel,Asia,,2024-01-11,,,,Consumer,Post-IPO,,2024,32.0852997,34.7818064
1468,7Shifts,Saskatoon,other,Saskatchewan,Canada,North America,68.0,2024-01-11,19.0,358.0,290.0,Food,Series C,131.0,2024,52.131802,-106.660767
1469,Audible,New York City,other,New York,USA,North America,100.0,2024-01-11,5.0,2000.0,1900.0,Media,Acquired,14.0,2024,40.7127281,-74.0060152
1470,Certinia,San Jose,San Francisco Bay Area,California,USA,North America,,2024-01-11,,,,Other,Unknown,194.0,2024,37.3361663,-121.890591
1471,Chief,New York City,other,New York,USA,North America,,2024-01-11,,,,HR,Series B,140.0,2024,40.7127281,-74.0060152
1472,Dextrous Robotics,Memphis,other,Tennessee,USA,North America,,2024-01-11,100.0,,0.0,Logistics,Unknown,,2024,35.1460249,-90.0517638
1473,Discord,San Francisco,San Francisco Bay Area,California,USA,North America,170.0,2024-01-11,17.0,1000.0,830.0,Consumer,Series H,995.0,2024,37.7792588,-122.4193286
1474,Inmobi,Bengaluru,other,Karnataka,India,Asia,125.0,2024-01-11,5.0,2500.0,2375.0,Marketing,Unknown,320.0,2024,12.98815675,77.62260004
1475,New Work SE,Hamburg,other,Hamburg,Germany,Europe,400.0,2024-01-11,,,,Consumer,Post-IPO,,2024,53.550341,10.000654
1476,Playtika,Tel Aviv,other,non,Israel,Asia,300.0,2024-01-11,10.0,3000.0,2700.0,Consumer,Post-IPO,,2024,32.0852997,34.7818064
1477,Sisense,New York City,other,New York,USA,North America,60.0,2024-01-11,13.0,461.0,401.0,Data,Series F,274.0,2024,40.7127281,-74.0060152
1478,Dastgyr,Karachi,other,non,Pakistan,Asia,,2024-01-12,80.0,,,Retail,Series A,41.0,2024,24.8546842,67.0207055
1479,Vendr,Boston,other,Massachusetts,USA,North America,,2024-01-12,,,,Other,Series B,216.0,2024,42.3554334,-71.060511
1480,Veeam,Columbus,other,Ohio,USA,North America,300.0,2024-01-12,,,,Data,Acquired,500.0,2024,39.9622601,-83.0007065
1481,Artifact,San Francisco,San Francisco Bay Area,California,USA,North America,,2024-01-12,100.0,,0.0,Media,Unknown,,2024,37.7792588,-122.4193286
1482,GrabCAD,Tallinn,other,non,Estonia,Europe,13.0,2024-01-12,,,,Other,Acquired,28.0,2024,59.4372155,24.7453688
1483,Hologram,Chicago,other,Illinois,USA,North America,,2024-01-12,,,,Infrastructure,Unknown,82.0,2024,41.8755616,-87.6244212
1484,ALI Technologies,Tokyo,Tokyo,Tokyo,Japan,Asia,,2024-01-16,100.0,,0.0,Transportation,Unknown,,2024,35.6821936,139.762221
1485,First Mode,Seattle,Cascadia,Washington,USA,North America,48.0,2024-01-16,20.0,240.0,192.0,Transportation,Acquired,9.0,2024,47.6038321,-122.330062
1486,Google,Mountain View,San Francisco Bay Area,California,USA,North America,,2024-01-16,,,,Consumer,Post-IPO,26.0,2024,37.3893889,-122.0832101
1487,SonderMind,Denver,other,Colorado,USA,North America,49.0,2024-01-16,17.0,288.0,239.0,Healthcare,Series C,183.0,2024,39.7392364,-104.984862
1488,Thursday,London,other,England,UK,Europe,,2024-01-16,70.0,,,Consumer,Seed,3.0,2024,51.4893335,-0.144055085
1489,Sirplus,Berlin,other,Berlin,Germany,Europe,60.0,2024-01-17,,,,Food,Seed,,2024,52.5170365,13.3888599
1490,YouTube,San Bruno,San Francisco Bay Area,California,USA,North America,100.0,2024-01-17,,,,Media,Acquired,11.0,2024,37.6248536,-122.4145986
1491,Amazon,Seattle,Cascadia,Washington,USA,North America,30.0,2024-01-18,,,,Retail,Post-IPO,108.0,2024,47.6038321,-122.330062
1492,Fashinza,New York City,other,New York,USA,North America,,2024-01-18,,,,Retail,Unknown,153.0,2024,40.7127281,-74.0060152
1493,Stitch Fix,Dallas,other,Texas,USA,North America,,2024-01-18,,,,Retail,Post-IPO,79.0,2024,32.7762719,-96.7968559
1494,Wayfair,Boston,other,Massachusetts,USA,North America,1650.0,2024-01-19,13.0,12692.0,11042.0,Retail,Post-IPO,2.0,2024,42.3554334,-71.060511
1495,SolarEdge,Tel Aviv,other,non,Israel,Asia,900.0,2024-01-21,16.0,5625.0,4725.0,Energy,Post-IPO,155.0,2024,32.0852997,34.7818064
1496,Xendit,Jakarta,other,non,Indonesia,Asia,200.0,2024-01-22,,,,Finance,Series D,534.0,2024,-6.175247,106.8270488
1497,Riot Gaming,Los Angeles,other,California,USA,North America,530.0,2024-01-22,11.0,4818.0,4288.0,Consumer,Acquired,21.0,2024,34.0536909,-118.242766
1498,TikTok,Los Angeles,other,California,USA,North America,60.0,2024-01-22,,,,Entertainment Providers,Acquired,,2024,34.0536909,-118.242766
1499,Google,Mountain View,San Francisco Bay Area,California,USA,North America,,2024-01-22,,,,Consumer,Post-IPO,26.0,2024,37.3893889,-122.0832101
1500,2U,Washington DC,other,District of Columbia,USA,North America,,2024-01-22,,,,Education,Post-IPO,426.0,2024,38.8950368,-77.0365427
1501,Seedr,London,other,England,UK,Europe,15.0,2024-01-23,,,,Finance,Acquired,28.0,2024,51.4893335,-0.144055085
1502,SAP,Walldorf,other,Baden-Würtemberg,Germany,Europe,8000.0,2024-01-23,7.0,114286.0,106286.0,Other,Post-IPO,1.0,2024,49.3038134,8.6433518
1503,GoTo,Boston,other,Massachusetts,USA,North America,29.0,2024-01-23,,,,Other,Acquired,2.0,2024,42.3554334,-71.060511
1504,Vroom,New York City,other,New York,USA,North America,800.0,2024-01-23,90.0,889.0,89.0,Transportation,Post-IPO,1.0,2024,40.7127281,-74.0060152
1505,eBay,San Francisco,San Francisco Bay Area,California,USA,North America,1000.0,2024-01-23,9.0,11111.0,10111.0,e-commerce,Post-IPO,1.0,2024,37.7792588,-122.4193286
1506,Cure.fit,Bengaluru,other,Karnataka,India,Asia,120.0,2024-01-23,,,,Fitness,Series F,625.0,2024,12.98815675,77.62260004
1507,Brex,San Francisco,San Francisco Bay Area,California,USA,North America,282.0,2024-01-23,20.0,1410.0,1128.0,Finance,Series D,2.0,2024,37.7792588,-122.4193286
1508,GoStudent,Vienna,other,non,Austria,Europe,100.0,2024-01-23,,,,Education,Series D,686.0,2024,48.2083537,16.3725042
1509,Aurora,Pittsburgh,other,Pennsylvania,USA,North America,,2024-01-24,3.0,,,Transportation,Post-IPO,4.0,2024,40.4416941,-79.9900861
1510,Desktop Metal,Boston,other,Massachusetts,USA,North America,,2024-01-24,20.0,,,Other,Post-IPO,811.0,2024,42.3554334,-71.060511
1511,HubSpot,Boston,other,Massachusetts,USA,North America,,2024-01-24,,,,Marketing,Post-IPO,100.0,2024,42.3554334,-71.060511
1512,Personio,Munich,other,Bayern,Germany,Europe,100.0,2024-01-24,,,,HR,Series E,724.0,2024,48.1371079,11.5753822
1513,Storytel,Stockholm,other,non,Sweden,Europe,80.0,2024-01-24,13.0,615.0,535.0,Media,Post-IPO,275.0,2024,59.3251172,18.0710935
1514,MVPindex,Austin,other,Texas,USA,North America,12.0,2024-01-25,30.0,40.0,28.0,Marketing,Series B,27.0,2024,30.2711286,-97.7436995
1515,Veho,Boulder,other,Colorado,USA,North America,65.0,2024-01-25,19.0,342.0,277.0,Logistics,Series B,299.0,2024,40.0149856,-105.270545
1516,Swiggy,Bengaluru,other,Karnataka,India,Asia,400.0,2024-01-25,7.0,5714.0,5314.0,Food,Unknown,4.0,2024,12.98815675,77.62260004
1517,Jamf,Minneapolis,other,Minnesota,USA,North America,,2024-01-25,6.0,,,Other,Post-IPO,332.0,2024,44.9772995,-93.2654692
1518,Amperity,Seattle,Cascadia,Washington,USA,North America,20.0,2024-01-25,,,,Marketing,Series D,187.0,2024,47.6038321,-122.330062
1519,Cova,Lagos,other,non,Nigeria,Africa,,2024-01-25,100.0,,0.0,Finance,Unknown,,2024,6.4550575,3.3941795
1520,Business Insider,New York City,other,New York,USA,North America,,2024-01-25,8.0,,,Media,Acquired,56.0,2024,40.7127281,-74.0060152
1521,Microsoft,Seattle,Cascadia,Washington,USA,North America,1900.0,2024-01-25,,,,Software Development,Post-IPO,,2024,47.6038321,-122.330062
1522,Flexport,San Francisco,San Francisco Bay Area,California,USA,North America,,2024-01-26,20.0,,,Logistics,Series E,2.0,2024,37.7792588,-122.4193286
1523,Productboard,San Francisco,San Francisco Bay Area,California,USA,North America,,2024-01-26,,,,Product,Series D,,2024,37.7792588,-122.4193286
1524,Salesforce,San Francisco,San Francisco Bay Area,California,USA,North America,700.0,2024-01-26,1.0,70000.0,69300.0,Sales,Post-IPO,65.0,2024,37.7792588,-122.4193286
1525,DispatchHealth,Denver,other,Colorado,USA,North America,88.0,2024-01-29,,,,Healthcare,Series E,733.0,2024,39.7392364,-104.984862
1526,iRobot,Boston,other,Massachusetts,USA,North America,350.0,2024-01-29,31.0,1129.0,779.0,Consumer,Post-IPO,30.0,2024,42.3554334,-71.060511
1527,Loopio,Toronto,other,Ontario,Canada,North America,,2024-01-29,6.0,,,Sales,Private Equity,263.0,2024,43.6534817,-79.3839347
1528,Procore,Santa Barbara,other,California,USA,North America,,2024-01-30,4.0,,,Construction,Post-IPO,654.0,2024,34.4221319,-119.702667
1529,TechCrunch,San Francisco,San Francisco Bay Area,California,USA,North America,7.0,2024-01-30,,,,Media,Acquired,,2024,37.7792588,-122.4193286
1530,PayPal,San Jose,San Francisco Bay Area,California,USA,North America,2500.0,2024-01-30,9.0,27778.0,25278.0,Finance,Post-IPO,216.0,2024,37.3361663,-121.890591
1531,Vipps,Vilnius,other,non,Lithuania,Europe,,2024-01-30,,,,Finance,Unknown,,2024,54.6870458,25.2829111
1532,Kiwi.com,Brno,other,non,Czech Republic,Europe,216.0,2024-01-30,18.0,1200.0,984.0,Travel,Unknown,107.0,2024,49.1922443,16.6113382
1533,Block,San Francisco,San Francisco Bay Area,California,USA,North America,1000.0,2024-01-30,10.0,10000.0,9000.0,Finance,Post-IPO,150.0,2024,37.7792588,-122.4193286
1534,Aurora Solar,San Francisco,San Francisco Bay Area,California,USA,North America,111.0,2024-01-30,20.0,555.0,444.0,Energy,Series D,523.0,2024,37.7792588,-122.4193286
1535,Noom,New York City,other,New York,USA,North America,,2024-01-30,,,,Fitness,Series F,657.0,2024,40.7127281,-74.0060152
1536,Wattpad,Toronto,other,Ontario,Canada,North America,20.0,2024-01-30,10.0,200.0,180.0,Media,Acquired,117.0,2024,43.6534817,-79.3839347
1537,Trove Recommerce,Brisbane,other,Queensland,Australia,Oceana,130.0,2024-01-31,,,,Retail,Series E,152.0,2024,-27.4689682,153.0234991
1538,Zuora,Redwood City,San Francisco Bay Area,California,USA,North America,,2024-01-31,8.0,,,Finance,Post-IPO,647.0,2024,37.4863239,-122.232523
1539,The Messenger,Miami,other,Florida,USA,North America,,2024-01-31,100.0,,0.0,Media,Unknown,,2024,25.7741728,-80.19362
1540,Thinx,New York City,other,New York,USA,North America,95.0,2024-01-31,,,,Retail,Acquired,26.0,2024,40.7127281,-74.0060152
1541,Innoviz,Tel Aviv,other,non,Israel,Asia,60.0,2024-01-31,13.0,462.0,402.0,Transportation,Post-IPO,547.0,2024,32.0852997,34.7818064
1542,CircleCI,San Francisco,San Francisco Bay Area,California,USA,North America,100.0,2024-01-31,,,,Product,Series F,315.0,2024,37.7792588,-122.4193286
1543,Proofpoint,Sunnyvale,San Francisco Bay Area,California,USA,North America,280.0,2024-01-31,6.0,4667.0,4387.0,Security,Acquired,885.0,2024,37.3688301,-122.036349
1544,Illumina,San Diego,other,California,USA,North America,111.0,2024-02-01,,,,Healthcare,Post-IPO,28.0,2024,32.7174202,-117.162772
1545,Indigo,Boston,other,Massachusetts,USA,North America,,2024-02-01,,,,Other,Series F,1.0,2024,42.3554334,-71.060511
1546,Okta,San Francisco,San Francisco Bay Area,California,USA,North America,400.0,2024-02-01,7.0,5714.0,5314.0,Security,Post-IPO,1.0,2024,37.7792588,-122.4193286
1547,Polygon,Cayman Islands,other,non,Cayman Islands,North America,60.0,2024-02-01,19.0,316.0,256.0,Crypto,Unknown,451.0,2024,19.70318225,-79.91746272
1548,Zoom,San Jose,San Francisco Bay Area,California,USA,North America,150.0,2024-02-01,2.0,7500.0,7350.0,Other,Post-IPO,276.0,2024,37.3361663,-121.890591
1549,Cake Bikes,Stockholm,other,non,Sweden,Europe,,2024-02-02,100.0,,0.0,Transportation,Unknown,74.0,2024,59.3251172,18.0710935
1550,Cue Health,San Diego,other,California,USA,North America,245.0,2024-02-02,30.0,817.0,572.0,Healthcare,Post-IPO,899.0,2024,32.7174202,-117.162772
1551,Small Robot Computer,Salisbury,other,England,UK,Europe,,2024-02-02,100.0,,0.0,Food,Unknown,10.0,2024,51.0690613,-1.7954134
1552,Top Hat,Toronto,other,Ontario,Canada,North America,35.0,2024-02-02,7.0,500.0,465.0,Education,Series E,234.0,2024,43.6534817,-79.3839347
1553,Twig,London,other,England,UK,Europe,,2024-02-02,100.0,,0.0,Finance,Unknown,41.0,2024,51.4893335,-0.144055085
1554,Snap,Los Angeles,other,California,USA,North America,500.0,2024-02-05,10.0,5000.0,4500.0,Consumer,Post-IPO,5.0,2024,34.0536909,-118.242766
1555,Nomad Health,New York City,other,New York,USA,North America,,2024-02-05,,,,Healthcare,Unknown,218.0,2024,40.7127281,-74.0060152
1556,Zwift,Los Angeles,other,California,USA,North America,,2024-02-05,,,,Fitness,Series C,619.0,2024,34.0536909,-118.242766
1557,Meetup,New York City,other,New York,USA,North America,,2024-02-05,,,,Consumer,Acquired,18.0,2024,40.7127281,-74.0060152
1558,Muvin,Bengaluru,other,Karnataka,India,Asia,,2024-02-05,100.0,,0.0,Finance,Seed,4.0,2024,12.98815675,77.62260004
1559,Drizly,Boston,other,Massachusetts,USA,North America,168.0,2024-02-05,100.0,168.0,0.0,Retail,Acquired,119.0,2024,42.3554334,-71.060511
1560,BillGO,Fort Collins,other,Colorado,USA,North America,80.0,2024-02-05,,,,Finance,Series B,119.0,2024,40.5871782,-105.0770113
1561,Astrate Medical,Philadelphia,other,Pennsylvania,USA,North America,,2024-02-05,100.0,,0.0,Healthcare,Series A,13.0,2024,39.9527237,-75.1635262
1562,Impact.com,Los Angeles,other,California,USA,North America,40.0,2024-02-05,3.0,1333.0,1293.0,Sales,Private Equity,361.0,2024,34.0536909,-118.242766
1563,Amazon,Seattle,Cascadia,Washington,USA,North America,400.0,2024-02-06,,,,Retail,Post-IPO,108.0,2024,47.6038321,-122.330062
1564,DocuSign,San Francisco,San Francisco Bay Area,California,USA,North America,440.0,2024-02-06,6.0,7333.0,6893.0,Sales,Post-IPO,536.0,2024,37.7792588,-122.4193286
1565,Glowforge,Seattle,Cascadia,Washington,USA,North America,,2024-02-06,,,,Manufacturing,Series E,133.0,2024,47.6038321,-122.330062
1566,Tenable,Baltimore,other,Maryland,USA,North America,,2024-02-07,5.0,,,Security,Post-IPO,565.0,2024,39.2908816,-76.610759
1567,Workfellow,Espoo,other,non,Finland,Europe,,2024-02-07,100.0,,0.0,HR,Seed,3.0,2024,60.2047672,24.6568435
1568,Grammarly,San Francisco,San Francisco Bay Area,California,USA,North America,230.0,2024-02-07,,,,Consumer,Unknown,400.0,2024,37.7792588,-122.4193286
1569,Fireblocks,New York City,other,New York,USA,North America,20.0,2024-02-07,3.0,667.0,647.0,Crypto,Series E,1.0,2024,40.7127281,-74.0060152
1570,Getaround,San Francisco,San Francisco Bay Area,California,USA,North America,,2024-02-08,30.0,,,Transportation,Post-IPO,948.0,2024,37.7792588,-122.4193286
1571,Journera,Chicago,other,Illinois,USA,North America,,2024-02-08,100.0,,0.0,Travel,Series B,31.0,2024,41.8755616,-87.6244212
1572,Otovo,Oslo,other,non,Norway,Europe,65.0,2024-02-08,15.0,433.0,368.0,Energy,Post-IPO,247.0,2024,59.9133301,10.7389701
1573,Pure Storage,Santa Clara,San Francisco Bay Area,California,USA,North America,275.0,2024-02-08,,,,Data,Post-IPO,529.0,2024,37.354107,-121.955238
1574,BlissClub,Bengaluru,other,Karnataka,India,Asia,21.0,2024-02-09,18.0,117.0,96.0,Retail,Series A,20.0,2024,12.98815675,77.62260004
1575,Kandji,San Diego,other,California,USA,North America,,2024-02-09,,,,Other,Series C,188.0,2024,32.7174202,-117.162772
1576,Licious,Bengaluru,other,Karnataka,India,Asia,80.0,2024-02-09,3.0,2667.0,2587.0,Food,Series F,490.0,2024,12.98815675,77.62260004
1577,SiriusXM,New York City,other,New York,USA,North America,160.0,2024-02-12,3.0,5333.0,5173.0,Media,Post-IPO,525.0,2024,40.7127281,-74.0060152
1578,Riskified,New York City,other,New York,USA,North America,40.0,2024-02-13,6.0,667.0,627.0,Retail,Post-IPO,229.0,2024,40.7127281,-74.0060152
1579,Instacart,San Francisco,San Francisco Bay Area,California,USA,North America,250.0,2024-02-13,7.0,3571.0,3321.0,Food,Post-IPO,3.0,2024,37.7792588,-122.4193286
1580,Wisense,Tel Aviv,other,non,Israel,Asia,,2024-02-13,100.0,,0.0,Transportation,Unknown,37.0,2024,32.0852997,34.7818064
1581,Popcore,Berlin,other,Berlin,Germany,Europe,,2024-02-13,,,,Consumer,Acquired,,2024,52.5170365,13.3888599
1582,Impinj,Seattle,Cascadia,Washington,USA,North America,50.0,2024-02-13,10.0,500.0,450.0,Other,Post-IPO,137.0,2024,47.6038321,-122.330062
1583,Everybuddy,Tel Aviv,other,non,Israel,Asia,,2024-02-13,100.0,,0.0,Consumer,Series A,15.0,2024,32.0852997,34.7818064
1584,Mozilla,San Francisco,San Francisco Bay Area,California,USA,North America,60.0,2024-02-13,5.0,1200.0,1140.0,Consumer,Unknown,2.0,2024,37.7792588,-122.4193286
1585,Away,New York City,other,New York,USA,North America,,2024-02-14,25.0,,,Retail,Series D,181.0,2024,40.7127281,-74.0060152
1586,Cisco,San Jose,San Francisco Bay Area,California,USA,North America,4250.0,2024-02-14,5.0,85000.0,80750.0,Infrastructure,Post-IPO,2.0,2024,37.3361663,-121.890591
1587,Wint Wealth,Nashik,other,Maharashtra,India,Asia,19.0,2024-02-14,20.0,95.0,76.0,Finance,Series A,16.0,2024,20.0112475,73.7902364
1588,CodeSee,San Francisco,San Francisco Bay Area,California,USA,North America,,2024-02-15,100.0,,0.0,Data,Seed,10.0,2024,37.7792588,-122.4193286
1589,Gro Intelligence,New York City,other,New York,USA,North America,20.0,2024-02-15,10.0,200.0,180.0,Food,Series B,118.0,2024,40.7127281,-74.0060152
1590,May Mobility,Ann Arbor,other,Michigan,USA,North America,,2024-02-15,13.0,,,Transportation,Series D,303.0,2024,42.2813722,-83.7484616
1591,Sonder,San Francisco,San Francisco Bay Area,California,USA,North America,106.0,2024-02-15,17.0,623.0,517.0,Travel,Post-IPO,839.0,2024,37.7792588,-122.4193286
1592,Storytel,Stockholm,other,non,Sweden,Europe,80.0,2024-02-15,13.0,615.0,535.0,Consumer,Post-IPO,312.0,2024,59.3251172,18.0710935
1593,Toast,Boston,other,Massachusetts,USA,North America,550.0,2024-02-15,10.0,5500.0,4950.0,Food,Post-IPO,962.0,2024,42.3554334,-71.060511
1594,Farfetch,London,other,England,UK,Europe,2000.0,2024-02-16,25.0,8000.0,6000.0,Retail,Acquired,2.0,2024,51.4893335,-0.144055085
1595,Voi,Stockholm,other,non,Sweden,Europe,120.0,2024-02-16,12.0,1000.0,880.0,Transportation,Series D,515.0,2024,59.3251172,18.0710935
1596,Tails.com,London,other,England,UK,Europe,55.0,2024-02-20,25.0,220.0,165.0,Retail,Series A,5.0,2024,51.4893335,-0.144055085
1597,KnownOrigin,Manchester,other,England,UK,Europe,,2024-02-20,30.0,,,Crypto,Acquired,3.0,2024,53.4794892,-2.2451148
1598,Meati,Boulder,other,Colorado,USA,North America,,2024-02-20,30.0,,,Food,Series C,274.0,2024,40.0149856,-105.270545
1599,Aptiv,Krakow,other,non,Poland,Europe,250.0,2024-02-20,,,,Transportation,Post-IPO,8.0,2024,50.0469432,19.99715344
1600,Auctane,Austin,other,Texas,USA,North America,,2024-02-20,,,,Retail,Unknown,,2024,30.2711286,-97.7436995
1601,Affirm,Pittsburgh,other,Pennsylvania,USA,North America,60.0,2024-02-21,,,,Finance,Post-IPO,2.0,2024,40.4416941,-79.9900861
1602,BuzzFeed,New York City,other,New York,USA,North America,,2024-02-21,16.0,,,Media,Post-IPO,696.0,2024,40.7127281,-74.0060152
1603,Finder,Sydney,other,New South Wales,Australia,Oceana,60.0,2024-02-21,17.0,353.0,292.0,Retail,Unknown,30.0,2024,-33.8698439,151.2082848
1604,Rivian,Detroit,other,Michigan,USA,North America,,2024-02-21,10.0,,,Transportation,Post-IPO,11.0,2024,42.3315509,-83.0466403
1605,Vice Media,New York City,other,New York,USA,North America,,2024-02-22,,,,Media,Unknown,2.0,2024,40.7127281,-74.0060152
1606,Redesign Health,New York City,other,New York,USA,North America,77.0,2024-02-23,,,,Healthcare,Series C,315.0,2024,40.7127281,-74.0060152
1607,Carbon Health,San Francisco,San Francisco Bay Area,California,USA,North America,56.0,2024-02-23,,,,Healthcare,Series D,522.0,2024,37.7792588,-122.4193286
1608,Daraz,Singapore,other,non,Singapore,Asia,,2024-02-26,,,,Retail,Unknown,,2024,1.2899175,103.8519072
1609,Expedia,Seattle,Cascadia,Washington,USA,North America,1500.0,2024-02-26,8.0,18750.0,17250.0,Travel,Post-IPO,3.0,2024,47.6038321,-122.330062
1610,WayCool,Chennai,other,Tamil Nadu,India,Asia,70.0,2024-02-26,,,,Food,Unknown,363.0,2024,13.0836939,80.270186
1611,PropertyGuru,Singapore,other,non,Singapore,Asia,79.0,2024-02-27,,,,Real Estate,Post-IPO,676.0,2024,1.2899175,103.8519072
1612,Sony Interactive,San Mateo,San Francisco Bay Area,California,USA,North America,900.0,2024-02-27,8.0,11250.0,10350.0,Consumer,Subsidiary,,2024,37.496904,-122.3330573
1613,Apple,Cupertino,San Francisco Bay Area,California,USA,North America,,2024-02-27,,,,Transportation,Post-IPO,1.0,2024,37.3228934,-122.0322895
1614,Bumble,Austin,other,Texas,USA,North America,350.0,2024-02-27,30.0,1167.0,817.0,Consumer,Post-IPO,313.0,2024,30.2711286,-97.7436995
1615,Motional,Boston,other,Massachusetts,USA,North America,,2024-02-28,5.0,,,Transportation,Unknown,,2024,42.3554334,-71.060511
1616,Treasury Prime,San Francisco,San Francisco Bay Area,California,USA,North America,40.0,2024-02-28,40.0,100.0,60.0,Finance,Series C,71.0,2024,37.7792588,-122.4193286
1617,Electronic Arts,Redwood City,San Francisco Bay Area,California,USA,North America,670.0,2024-02-28,5.0,13400.0,12730.0,Consumer,Post-IPO,2.0,2024,37.4863239,-122.232523
1618,Vacasa,Portland,Cascadia,Oregon,USA,North America,320.0,2024-02-28,5.0,6400.0,6080.0,Travel,Post-IPO,834.0,2024,45.5202471,-122.674194
1619,Fisker,Los Angeles,other,California,USA,North America,,2024-02-29,15.0,,,Transportation,Post-IPO,2.0,2024,34.0536909,-118.242766
1620,Kevin,Vilnius,other,non,Lithuania,Europe,,2024-02-29,14.0,,,Finance,Series A,79.0,2024,54.6870458,25.2829111
1621,Tonik,Singapore,other,non,Singapore,Asia,,2024-03-01,,,,Finance,Series B,175.0,2024,1.2899175,103.8519072
1622,Project Ronin,San Mateo,San Francisco Bay Area,California,USA,North America,150.0,2024-03-01,100.0,150.0,0.0,Healthcare,Unknown,,2024,37.496904,-122.3330573
1623,Gro Intelligence,New York City,other,New York,USA,North America,90.0,2024-03-01,60.0,150.0,60.0,Food,Series B,118.0,2024,40.7127281,-74.0060152
1624,Pristyn Care,Gurugram,other,Haryana,India,Asia,120.0,2024-03-01,7.0,1714.0,1594.0,Healthcare,Series E,177.0,2024,28.4646148,77.0299194
1625,Edgio,Phoenix,other,Arizona,USA,North America,80.0,2024-03-04,10.0,800.0,720.0,Infrastructure,Post-IPO,462.0,2024,33.4484367,-112.074141
1626,Melio,New York City,other,New York,USA,North America,40.0,2024-03-04,7.0,571.0,531.0,Finance,Series D,504.0,2024,40.7127281,-74.0060152
1627,Our Next Energy,Detroit,other,Michigan,USA,North America,40.0,2024-03-04,13.0,308.0,268.0,Transportation,Series B,390.0,2024,42.3315509,-83.0466403
1628,Form Energy,Boston,other,Massachusetts,USA,North America,,2024-03-05,,,,Energy,Unknown,966.0,2024,42.3554334,-71.060511
1629,MessageBird,Amsterdam,other,non,Netherlands,Europe,90.0,2024-03-05,20.0,450.0,360.0,Other,Series C,1.0,2024,52.3730796,4.8924534
1630,Verbit,New York City,other,New York,USA,North America,,2024-03-05,,,,Data,Series E,569.0,2024,40.7127281,-74.0060152
1631,Sorare,New York City,other,New York,USA,North America,22.0,2024-03-06,13.0,169.0,147.0,Crypto,Series B,739.0,2024,40.7127281,-74.0060152
1632,PlanetScale,San Francisco,San Francisco Bay Area,California,USA,North America,,2024-03-06,,,,Data,Series C,105.0,2024,37.7792588,-122.4193286
1633,Meta,Menlo Park,San Francisco Bay Area,California,USA,North America,,2024-03-06,,,,Consumer,Post-IPO,26.0,2024,37.4519671,-122.177992
1634,Totango,Redwood City,San Francisco Bay Area,California,USA,North America,,2024-03-07,,,,Support,Acquired,147.0,2024,37.4863239,-122.232523
1635,Turnitin,Oakland,San Francisco Bay Area,California,USA,North America,15.0,2024-03-07,2.0,750.0,735.0,Education,Acquired,,2024,37.8044557,-122.271356
1636,Inscribe,San Francisco,San Francisco Bay Area,California,USA,North America,,2024-03-08,40.0,,,Finance,Series B,39.0,2024,37.7792588,-122.4193286
1637,Niche,Pittsburgh,other,Pennsylvania,USA,North America,24.0,2024-03-08,7.0,343.0,319.0,Education,Series C,44.0,2024,40.4416941,-79.9900861
1638,Deadspin,New York City,other,New York,USA,North America,11.0,2024-03-11,100.0,11.0,0.0,Media,Acquired,,2024,40.7127281,-74.0060152
1639,IBM,New York City,other,New York,USA,North America,,2024-03-12,,,,Hardware,Post-IPO,,2024,40.7127281,-74.0060152
1640,Phantom Auto,San Francisco,San Francisco Bay Area,California,USA,North America,100.0,2024-03-12,100.0,100.0,0.0,Transportation,Unknown,86.0,2024,37.7792588,-122.4193286
1641,Stash,New York City,other,New York,USA,North America,80.0,2024-03-13,25.0,320.0,240.0,Finance,Unknown,480.0,2024,40.7127281,-74.0060152
1642,Textio,Seattle,Cascadia,Washington,USA,North America,14.0,2024-03-14,16.0,88.0,74.0,HR,Unknown,42.0,2024,47.6038321,-122.330062
1643,Blueboard,San Diego,other,California,USA,North America,,2024-03-15,100.0,,0.0,HR,Series A,16.0,2024,32.7174202,-117.162772
1644,Chipper Cash,San Francisco,San Francisco Bay Area,California,USA,North America,20.0,2024-03-15,,,,Finance,Series C,302.0,2024,37.7792588,-122.4193286
1645,Flock Freight,San Diego,other,California,USA,North America,54.0,2024-03-16,,,,Logistics,Series D,399.0,2024,32.7174202,-117.162772
1646,Longi,Xi'an,other,non,China,Asia,,2024-03-18,5.0,,,Energy,Unknown,,2024,34.261004,108.9423363
1647,Airmeet,Bengaluru,other,Karnataka,India,Asia,,2024-03-19,20.0,,,Marketing,Series B,50.0,2024,12.98815675,77.62260004
1648,Orbotech,Yavne,other,non,Israel,Asia,100.0,2024-03-19,,,,Manufacturing,Acquired,,2024,31.8768863,34.7382974
1649,ShopBack,Singapore,other,non,Singapore,Asia,195.0,2024-03-19,24.0,813.0,618.0,Retail,Series F,355.0,2024,1.2899175,103.8519072
1650,Cybereason,Boston,other,Massachusetts,USA,North America,,2024-03-20,,,,Security,Series F,750.0,2024,42.3554334,-71.060511
1651,Verily,San Francisco,San Francisco Bay Area,California,USA,North America,,2024-03-22,,,,Healthcare,Subsidiary,4.0,2024,37.7792588,-122.4193286
1652,Dell,Austin,other,Texas,USA,North America,6000.0,2024-03-25,5.0,120000.0,114000.0,Hardware,Post-IPO,,2024,30.2711286,-97.7436995
1653,Synctera,Palo Alto,San Francisco Bay Area,California,USA,North America,17.0,2024-03-26,15.0,113.0,96.0,Finance,Series A,79.0,2024,37.4443293,-122.1598465
1654,ChowNow,Los Angeles,other,California,USA,North America,60.0,2024-03-28,20.0,300.0,240.0,Food,Series C,64.0,2024,34.0536909,-118.242766
1655,Identiq,Tel Aviv,other,non,Israel,Asia,20.0,2024-04-01,44.0,45.0,25.0,Security,Series A,52.0,2024,32.0852997,34.7818064
1656,Osso VR,San Francisco,San Francisco Bay Area,California,USA,North America,67.0,2024-04-01,,,,Healthcare,Series C,109.0,2024,37.7792588,-122.4193286
1657,Ranger Insurance,New York City,other,New York,USA,North America,,2024-04-01,100.0,,0.0,Finance,Seed,5.0,2024,40.7127281,-74.0060152
1658,Rezi,New York City,other,New York,USA,North America,,2024-04-01,100.0,,0.0,Real Estate,Series B,230.0,2024,40.7127281,-74.0060152
1659,Brave Care,Portland,Cascadia,Oregon,USA,North America,,2024-04-02,100.0,,0.0,Healthcare,Series B,43.0,2024,45.5202471,-122.674194
1660,Thepeer,Lagos,other,non,Nigeria,Africa,,2024-04-02,100.0,,0.0,Finance,Seed,2.0,2024,6.4550575,3.3941795
1661,Epicery,Paris,other,non,France,Europe,,2024-04-02,100.0,,0.0,Food,Acquired,7.0,2024,48.8588897,2.320041022
1662,Byju's,Bengaluru,other,Karnataka,India,Asia,500.0,2024-04-02,3.0,16667.0,16167.0,Education,Private Equity,,2024,12.98815675,77.62260004
1663,Bell,Montreal,other,Quebec,Canada,North America,400.0,2024-04-02,,,,Telecommunications,Unknown,,2024,45.5031824,-73.5698065
1664,Lentra,Pune,other,Maharashtra,India,Asia,,2024-04-02,,,,Fintech,Series B,104.0,2024,18.521428,73.8544541
1665,Vivian Health,San Francisco,San Francisco Bay Area,California,USA,North America,13.0,2024-04-03,,,,Healthcare,Acquired,,2024,37.7792588,-122.4193286
1666,New Relic,San Francisco,San Francisco Bay Area,California,USA,North America,,2024-04-03,,,,Infrastructure,Acquired,214.0,2024,37.7792588,-122.4193286
1667,Lightspeed Commerce,Montreal,other,Quebec,Canada,North America,280.0,2024-04-03,10.0,2800.0,2520.0,Retail,Post-IPO,1200.0,2024,45.5031824,-73.5698065
1668,Yummly,San Carlos,San Francisco Bay Area,California,USA,North America,,2024-04-03,100.0,,0.0,Food,Acquired,24.0,2024,37.504936,-122.261823
1669,CoRover,Bengaluru,other,Karnataka,India,Asia,,2024-04-03,,,,IT Services,Unknown,,2024,12.98815675,77.62260004
1670,Amazon,Seattle,Cascadia,Washington,USA,North America,,2024-04-03,,,,IT Services,Unknown,,2024,47.6038321,-122.330062
1671,Kaseya,Miami,other,Florida,USA,North America,150.0,2024-04-03,,,,Software Development,Unknown,547.0,2024,25.7741728,-80.19362
1672,Agility Robotics,Portland,Cascadia,Oregon,USA,North America,,2024-04-04,,,,Other,Series B,,2024,45.5202471,-122.674194
1673,Apple,Cupertino,San Francisco Bay Area,California,USA,North America,614.0,2024-04-05,,,,Hardware,Unknown,,2024,37.3228934,-122.0322895
1674,Ghost Autonomy,Mountain View,San Francisco Bay Area,California,USA,North America,100.0,2024-04-05,100.0,100.0,0.0,Transportation,Series E,247.0,2024,37.3893889,-122.0832101
1675,Bolt.Earth,Bengaluru,other,Karnataka,India,Asia,70.0,2024-04-06,40.0,175.0,105.0,Software Development,Unknown,,2024,12.98815675,77.62260004
1676,EXL,New York City,other,New York,USA,North America,800.0,2024-04-06,2.0,40000.0,39200.0,IT Services,Unknown,,2024,40.7127281,-74.0060152
1677,Fission,Vancouver,Cascadia,British Columbia,Canada,North America,,2024-04-07,100.0,,0.0,Other,Unknown,,2024,49.2608724,-123.113952
1678,Singularity 6,Los Angeles,other,California,USA,North America,49.0,2024-04-08,35.0,140.0,91.0,Gaming,Series B,49.0,2024,34.0536909,-118.242766
1679,Trendsales,Copenhagen,other,non,Denmark,Europe,79.0,2024-04-08,100.0,79.0,0.0,Retail,Acquired,,2024,55.6867243,12.5700724
1680,Checkr,San Francisco,San Francisco Bay Area,California,USA,North America,382.0,2024-04-09,32.0,1194.0,812.0,HR,Series D,,2024,37.7792588,-122.4193286
1681,Intel,Santa Clara,San Francisco Bay Area,California,USA,North America,62.0,2024-04-09,,,,Semiconductors,Post-IPO,12.0,2024,37.354107,-121.955238
1682,Scaler,Bengaluru,other,Karnataka,India,Asia,150.0,2024-04-10,,,,Education,Series B,55.0,2024,12.98815675,77.62260004
1683,Cornershop,Santiago,other,non,Chile,South America,200.0,2024-04-10,,,,Food,Acquired,32.0,2024,-33.4377756,-70.6504502
1684,Fabric,New York City,other,New York,USA,North America,30.0,2024-04-11,15.0,200.0,170.0,Logistics,Series C,336.0,2024,40.7127281,-74.0060152
1685,Hinge Health,San Francisco,San Francisco Bay Area,California,USA,North America,,2024-04-11,10.0,,,Healthcare,Series E,826.0,2024,37.7792588,-122.4193286
1686,Zoe,London,other,England,UK,Europe,,2024-04-11,20.0,,,Healthcare,Series B,89.0,2024,51.4893335,-0.144055085
1687,Criteo,Paris,other,non,France,Europe,140.0,2024-04-12,4.0,3500.0,3360.0,Marketing,Unknown,,2024,48.8588897,2.320041022
1688,Criteo,Paris,other,non,France,Europe,140.0,2024-04-12,4.0,3500.0,3360.0,Marketing,Post-IPO,61.0,2024,48.8588897,2.320041022
1689,Glovo,Barcelona,other,Catalonia,Spain,Europe,25.0,2024-04-12,,,,Food,Acquired,1200.0,2024,41.3828939,2.1774322
1690,TikTok,Dublin,other,non,Ireland,Europe,250.0,2024-04-13,,,,Entertainment Providers,Acquired,,2024,53.3493795,-6.2605593
1691,Tesla,Austin,other,Texas,USA,North America,14000.0,2024-04-15,10.0,140000.0,126000.0,Motor Vehicle Manufacturing,Unknown,,2024,30.2711286,-97.7436995
1692,McKinsey & Co,New York City,other,New York,USA,North America,360.0,2024-04-15,3.0,12000.0,11640.0,Business Consulting and Services,Unknown,,2024,40.7127281,-74.0060152
1693,Tome,San Francisco,San Francisco Bay Area,California,USA,North America,12.0,2024-04-16,25.0,48.0,36.0,AI,Series B,75.0,2024,37.7792588,-122.4193286
1694,Tome,San Francisco,San Francisco Bay Area,California,USA,North America,12.0,2024-04-16,20.0,60.0,48.0,AI,Series B,75.0,2024,37.7792588,-122.4193286
1695,Kwalee,Leamington Spa,other,England,UK,Europe,40.0,2024-04-16,10.0,400.0,360.0,Gaming,Unknown,,2024,52.2913394,-1.536404
1696,Take-Two,New York City,other,New York,USA,North America,600.0,2024-04-16,5.0,12000.0,11400.0,Entertainment Providers,Post-IPO,4100.0,2024,40.7127281,-74.0060152
1697,Rivian,Detroit,other,Michigan,USA,North America,,2024-04-17,1.0,,0.0,Transportation,Post-IPO,10700.0,2024,42.3315509,-83.0466403
1698,ConnectWise,Tampa,other,Florida,USA,North America,80.0,2024-04-17,,,,Software Development,Unknown,,2024,27.9477595,-82.458444
1699,Data.ai,San Francisco,San Francisco Bay Area,California,USA,North America,44.0,2024-04-17,11.0,400.0,356.0,Software Development,Unknown,,2024,37.7792588,-122.4193286
1700,Google,Mountain View,San Francisco Bay Area,California,USA,North America,,2024-04-17,,,,Consumer,Post-IPO,26.0,2024,37.3893889,-122.0832101
1701,Toshiba,Tokyo,Tokyo,Tokyo,Japan,Asia,5000.0,2024-04-17,10.0,50000.0,45000.0,Appliances,Post-IPO,574.0,2024,35.6821936,139.762221
1702,Stability AI,London,other,England,UK,Europe,20.0,2024-04-18,10.0,200.0,180.0,AI,Unknown,174.0,2024,51.4893335,-0.144055085
1703,The Good Glamour,New Delhi,other,Delhi,India,Asia,150.0,2024-04-18,15.0,1000.0,850.0,Retail,Unknown,180.0,2024,28.6138954,77.2090057
1704,Showpad,Ghent,other,non,Belgium,Europe,50.0,2024-04-18,10.0,500.0,450.0,Marketing,Series D,159.0,2024,51.0538286,3.7250121
1705,Pax8,Greenwood Village,other,Colorado,USA,North America,,2024-04-18,5.0,,,IT Services,Unknown,400.0,2024,39.6172101,-104.950814
1706,Good Glamm Group,New Delhi,other,Delhi,India,Asia,150.0,2024-04-18,15.0,1000.0,850.0,IT Services,Unknown,,2024,28.6138954,77.2090057
1707,Homie,Salt Lake City,other,Utah,USA,North America,,2024-04-19,,,,Real Estate,Series B,35.0,2024,40.7596198,-111.886797
1708,OutSystems,Boston,other,Massachusetts,USA,North America,150.0,2024-04-19,8.0,1875.0,1725.0,Product,Series G,802.0,2024,42.3554334,-71.060511
1709,Post.,New York City,other,New York,USA,North America,,2024-04-19,100.0,,0.0,Social posting site,Unknown,,2024,40.7127281,-74.0060152
1710,98point6,Seattle,Cascadia,Washington,USA,North America,,2024-04-23,,,,Healthcare,Acquired,,2024,47.6038321,-122.330062
1711,Tesla,Palo Alto,San Francisco Bay Area,California,USA,North America,6020.0,2024-04-24,,,,Motor Vehicle Manufacturing,Unknown,,2024,37.4443293,-122.1598465
1712,Heureka Group,Prague,other,non,Czech Republic,Europe,100.0,2024-04-24,16.0,625.0,525.0,Retail,Acquired,,2024,50.0874654,14.4212535
1713,SunPower,Los Angeles,other,California,USA,North America,1000.0,2024-04-24,,,,Semiconductors,Unknown,,2024,34.0536909,-118.242766
1714,Expedia,Austin,other,Texas,USA,North America,84.0,2024-04-24,,,,Travel,Post-IPO,3.0,2024,30.2711286,-97.7436995
1715,Freenome,San Francisco,San Francisco Bay Area,California,USA,North America,100.0,2024-04-24,20.0,500.0,400.0,Healthcare,Unknown,,2024,37.7792588,-122.4193286
1716,Grin,Sacramento,other,California,USA,North America,,2024-04-25,,,,Marketing,Series B,145.0,2024,38.5810606,-121.493895
1717,A2Mac1 LLC,Belleville,other,Michigan,USA,North America,70.0,2024-04-26,,,,Software Development,Unknown,,2024,38.5135805,-89.9841627
1718,Phononic,Durham,other,North Carolina,USA,North America,50.0,2024-04-26,,,,Semiconductors,Unknown,,2024,35.996653,-78.9018053
1719,True Anomaly,Denver,other,Colorado,USA,North America,30.0,2024-04-26,25.0,120.0,90.0,Aerospace,Series B,158.0,2024,39.7392364,-104.984862
1720,Yuga Labs,Coral Gables,other,Florida,USA,North America,,2024-04-26,,,,Software Development,Unknown,,2024,25.7331105,-80.2585107
1721,HealthifyMe,Bengaluru,other,Karnataka,India,Asia,150.0,2024-04-27,27.0,556.0,406.0,Healthcare,Series D,130.0,2024,12.98815675,77.62260004
1722,Ola,Bengaluru,other,Karnataka,India,Asia,180.0,2024-04-29,10.0,1800.0,1620.0,Transportation,Series J,3800.0,2024,12.98815675,77.62260004
1723,Ninja Van,Singapore,other,non,Singapore,Asia,21.0,2024-04-29,10.0,210.0,189.0,Transportation,Series E,974.0,2024,1.2899175,103.8519072
1724,ComplYant,Los Angeles,other,California,USA,North America,,2024-04-29,100.0,,0.0,Finance,Seed,6.0,2024,34.0536909,-118.242766
1725,Getir,London,other,England,UK,Europe,3300.0,2024-04-29,,,,Food,Unknown,,2024,51.4893335,-0.144055085
1726,Akili Interactive,Boston,other,Massachusetts,USA,North America,,2024-04-30,46.0,,,Healthcare,Post-IPO,,2024,42.3554334,-71.060511
1727,Google,Mountain View,San Francisco Bay Area,California,USA,North America,,2024-04-30,,,,Consumer,Post-IPO,26.0,2024,37.3893889,-122.0832101
1728,KeokeN,Hoofddorp,other,non,Netherlands,Europe,,2024-04-30,100.0,,0.0,Gaming,Unknown,,2024,52.305554,4.6926644
1729,RiseUp,London,other,England,UK,Europe,50.0,2024-04-30,50.0,100.0,50.0,Fintech,Series B,30.0,2024,51.4893335,-0.144055085
1730,Tesla,Austin,other,Texas,USA,North America,500.0,2024-04-30,,,,Transportation,Unknown,,2024,30.2711286,-97.7436995
1731,Sproutt,Hartford,other,Connecticut,USA,North America,,2024-05-01,100.0,,0.0,Insurance,Series B,38.0,2024,41.764582,-72.6908547
1732,Assurance,Seattle,Cascadia,Washington,USA,North America,112.0,2024-05-01,100.0,112.0,0.0,Insurance,Unknown,,2024,47.6038321,-122.330062
1733,Google,Mountain View,San Francisco Bay Area,California,USA,North America,200.0,2024-05-01,,,,Consumer,Post-IPO,26.0,2024,37.3893889,-122.0832101
1734,Cabify,Madrid,other,Community of Madrid,Spain,Europe,29.0,2024-05-02,,,,Transportation,Unknown,,2024,40.4167047,-3.7035825
1735,Google,Mountain View,San Francisco Bay Area,California,USA,North America,200.0,2024-05-02,,,,Consumer,Post-IPO,26.0,2024,37.3893889,-122.0832101
1736,Peloton,New York City,other,New York,USA,North America,400.0,2024-05-02,15.0,2667.0,2267.0,Fitness,Post-IPO,1900.0,2024,40.7127281,-74.0060152
1737,Bakkt,Atlanta,other,Georgia,USA,North America,28.0,2024-05-03,,,,Crypto,Post-IPO,,2024,33.7489924,-84.3902644
1738,Rivian,Los Angeles,other,California,USA,North America,150.0,2024-05-03,,,,Transportation,Post-IPO,10700.0,2024,34.0536909,-118.242766
1739,Sprinklr,New York City,other,New York,USA,North America,116.0,2024-05-03,3.0,3867.0,3751.0,Software Development,Post-IPO,429.0,2024,40.7127281,-74.0060152
1740,Luminar,Orlando,other,Florida,USA,North America,147.0,2024-05-04,20.0,735.0,588.0,Transportation,Post-IPO,780.0,2024,28.5421109,-81.3790304
1741,Cue Health,San Diego,other,California,USA,North America,230.0,2024-05-04,49.0,469.0,239.0,Healthcare,Post-IPO,899.0,2024,32.7174202,-117.162772
1742,Enovix,Fremont,San Francisco Bay Area,California,USA,North America,170.0,2024-05-06,33.0,515.0,345.0,Energy,Post-IPO,516.0,2024,37.5482697,-121.988571
1743,Motional,Pittsburgh,other,Pennsylvania,USA,North America,,2024-05-07,,,,Transportation,Unknown,,2024,40.4416941,-79.9900861
1744,Hopin,London,other,England,UK,Europe,,2024-05-07,,,,Other,Series D,1000.0,2024,51.4893335,-0.144055085
1745,Arkane Studios,Austin,other,Texas,USA,North America,96.0,2024-05-08,100.0,96.0,0.0,Consumer,Unknown,,2024,30.2711286,-97.7436995
1746,Brilliant,San Francisco,San Francisco Bay Area,California,USA,North America,,2024-05-08,100.0,,0.0,Hardware,Unknown,,2024,37.7792588,-122.4193286
1747,Kinaxis,Ottawa,other,Ontario,Canada,North America,,2024-05-08,6.0,,,Other,Post-IPO,79.0,2024,45.4208777,-75.6901106
1748,PrepLadder,New Delhi,other,Delhi,India,Asia,145.0,2024-05-08,25.0,580.0,435.0,Education,Unknown,,2024,28.6138954,77.2090057
1749,Simpl,Bengaluru,other,Karnataka,India,Asia,100.0,2024-05-08,15.0,667.0,567.0,Finance,Series B,71.0,2024,12.98815675,77.62260004
1750,Sight Diagnostics,Tel Aviv,other,non,Israel,Asia,40.0,2024-05-09,30.0,133.0,93.0,Healthcare,Series D,124.0,2024,32.0852997,34.7818064
1751,Vacasa,Portland,Cascadia,Oregon,USA,North America,800.0,2024-05-09,13.0,6154.0,5354.0,Hospitality,Unknown,,2024,45.5202471,-122.674194
1752,Rivian,Palo Alto,San Francisco Bay Area,California,USA,North America,120.0,2024-05-10,,,,Transportation,Post-IPO,10700.0,2024,37.4443293,-122.1598465
1753,Motional,Pittsburgh,other,Pennsylvania,USA,North America,550.0,2024-05-10,40.0,1375.0,825.0,Transportation,Unknown,,2024,40.4416941,-79.9900861
1754,Google,Mountain View,San Francisco Bay Area,California,USA,North America,57.0,2024-05-10,,,,Consumer,Post-IPO,26.0,2024,37.3893889,-122.0832101
1755,CI Gaming,Warsaw,other,non,Poland,Europe,30.0,2024-05-10,,,,Gaming,Unknown,,2024,52.2337172,21.07143224
1756,Indeed,Austin,other,Texas,USA,North America,1000.0,2024-05-13,8.0,12500.0,11500.0,HR,Acquired,5.0,2024,30.2711286,-97.7436995
1757,Mighty Kingdom,Adelaide,other,South Australia,Australia,Oceana,,2024-05-13,28.0,,,Gaming,Unknown,,2024,-34.9281805,138.5999312
1758,Mainvest,Boston,other,Massachusetts,USA,North America,,2024-05-14,100.0,,0.0,Finance,Unknown,3.0,2024,42.3554334,-71.060511
1759,Atmosphere,Austin,other,Texas,USA,North America,100.0,2024-05-15,,,,Entertainment Providers,Series D,214.0,2024,30.2711286,-97.7436995
1760,Wefox,Berlin,other,Berlin,Germany,Europe,60.0,2024-05-16,,,,Finance,Series D,1300.0,2024,52.5170365,13.3888599
1761,Toshiba,Tokyo,Tokyo,Tokyo,Japan,Asia,4000.0,2024-05-16,,,,Appliances,Post-IPO,,2024,35.6821936,139.762221
1762,Singularity 6,Los Angeles,other,California,USA,North America,36.0,2024-05-16,,,,Gaming,Series B,39.0,2024,34.0536909,-118.242766
1763,Replit,San Francisco,San Francisco Bay Area,California,USA,North America,30.0,2024-05-16,20.0,150.0,120.0,Software Development,Unknown,222.0,2024,37.7792588,-122.4193286
1764,Karhoo,London,other,England,UK,Europe,,2024-05-16,100.0,,0.0,Transportation,Acquired,39.0,2024,51.4893335,-0.144055085
1765,Gopuff,Philadelphia,other,Pennsylvania,USA,North America,,2024-05-16,6.0,,,Food,Series H,3400.0,2024,39.9527237,-75.1635262
1766,Phoenix Labs,Vancouver,Cascadia,British Columbia,Canada,North America,100.0,2024-05-16,,,,Gaming,Unknown,,2024,49.2608724,-123.113952
1767,Joonko,New York City,other,New York,USA,North America,,2024-05-19,100.0,,0.0,HR,Series B,38.0,2024,40.7127281,-74.0060152
1768,SeekOut,Seattle,Cascadia,Washington,USA,North America,,2024-05-20,30.0,,,HR,Series C,,2024,47.6038321,-122.330062
1769,Exscientia,Oxford,other,England,UK,Europe,,2024-05-21,25.0,,,Biotechnology Research,Unknown,,2024,51.7520131,-1.2578499
1770,TikTok,Los Angeles,other,California,USA,North America,1000.0,2024-05-21,,,,Entertainment Providers,Acquired,,2024,34.0536909,-118.242766
1771,Guild,Denver,other,Colorado,USA,North America,300.0,2024-05-22,25.0,1200.0,900.0,Education,Series F,643.0,2024,39.7392364,-104.984862
1772,Silo,San Francisco,San Francisco Bay Area,California,USA,North America,,2024-05-22,30.0,,,Food,Series C,272.0,2024,37.7792588,-122.4193286
1773,Cue Health,San Diego,other,California,USA,North America,180.0,2024-05-23,100.0,180.0,0.0,Healthcare,Post-IPO,899.0,2024,32.7174202,-117.162772
1774,Lucid Motors,Newark,San Francisco Bay Area,California,USA,North America,400.0,2024-05-24,6.0,6667.0,6267.0,Transportation,Post-IPO,8300.0,2024,37.52966,-122.04024
1775,Satellogic,Montevideo,other,non,Uruquay,South America,34.0,2024-05-24,13.0,262.0,228.0,Aerospace,Post-IPO,424.0,2024,-34.901112,-56.164532
1776,Foursquare,New York City,other,New York,USA,North America,105.0,2024-05-27,25.0,420.0,315.0,Marketing,Series G,390.0,2024,40.7127281,-74.0060152
1777,Ualá,Buenos Aires,other,non,Argentina,South America,140.0,2024-05-28,9.0,1556.0,1416.0,Fintech,Unknown,,2024,-34.6037181,-58.38153
1778,Take-Two Interactive,New York City,other,New York,USA,North America,70.0,2024-05-29,,,,Gaming,Unknown,,2024,40.7127281,-74.0060152
1779,Walnut,Tel Aviv,other,non,Israel,Asia,15.0,2024-05-29,20.0,75.0,60.0,Sales,Series B,56.0,2024,32.0852997,34.7818064
1780,Apeks,Oslo,other,non,Norway,Europe,,2024-05-29,,,,E-sport,Unknown,,2024,59.9133301,10.7389701
1781,Funding Circle,London,other,England,UK,Europe,,2024-05-29,,,,Finance,Post-IPO,746.0,2024,51.4893335,-0.144055085
1782,ICANN,Los Angeles,other,California,USA,North America,33.0,2024-05-30,7.0,471.0,438.0,Infrastructure,Unknown,,2024,34.0536909,-118.242766
1783,FlightStats,Portland,Cascadia,Oregon,USA,North America,73.0,2024-05-30,,,,Travel,Acquired,3.0,2024,45.5202471,-122.674194
1784,Tropic,New York City,other,New York,USA,North America,40.0,2024-05-31,,,,Finance,Series B,67.0,2024,40.7127281,-74.0060152
1785,Jasper Health,Boise,other,Idaho,USA,North America,,2024-05-31,,,,Healthcare,Series A,32.0,2024,43.6166163,-116.200886
1786,Google,Mountain View,San Francisco Bay Area,California,USA,North America,100.0,2024-05-31,,,,Consumer,Post-IPO,26.0,2024,37.3893889,-122.0832101
1787,Gro Intelligence,New York City,other,New York,USA,North America,,2024-05-31,10.0,,,Food,Series B,118.0,2024,40.7127281,-74.0060152
1788,Microsoft,Seattle,Cascadia,Washington,USA,North America,1000.0,2024-06-03,,,,Software Development,Post-IPO,,2024,47.6038321,-122.330062
1789,OrCam,Jerusalem,other,non,Israel,Asia,100.0,2024-06-03,,,,Healthcare,Unknown,86.0,2024,31.78847185,35.21879441
1790,Microsoft,Seattle,Cascadia,Washington,USA,North America,3000.0,2024-06-04,,,,Software Development,Post-IPO,,2024,47.6038321,-122.330062
1791,Aleph Farms,Tel Aviv,other,non,Israel,Asia,30.0,2024-06-05,30.0,100.0,70.0,Food,Unknown,,2024,32.0852997,34.7818064
1792,MoonPay,Dover,other,Ohio,USA,North America,30.0,2024-06-05,10.0,300.0,270.0,Crypto,Unknown,651.0,2024,39.158168,-75.5243682
1793,Pagaya,Tel Aviv,other,non,Israel,Asia,100.0,2024-06-05,14.0,714.0,614.0,Finance,Post-IPO,571.0,2024,32.0852997,34.7818064
1794,Yext,New York City,other,New York,USA,North America,,2024-06-05,12.0,,,Marketing,Post-IPO,117.0,2024,40.7127281,-74.0060152
1795,Revel,New York City,other,New York,USA,North America,1000.0,2024-06-06,,,,Transportation,Unknown,214.0,2024,40.7127281,-74.0060152
1796,Oda,Oslo,other,non,Norway,Europe,150.0,2024-06-06,,,,Food,Unknown,377.0,2024,59.9133301,10.7389701
1797,Copia,Nairobi,other,non,Kenya,Africa,1060.0,2024-06-07,,,,Retail,Unknown,,2024,-1.2832533,36.8172449
1798,Simpl,Bengaluru,other,Karnataka,India,Asia,30.0,2024-06-07,,,,Finance,Series B,71.0,2024,12.98815675,77.62260004
1799,Kissflow,Chennai,other,Tamil Nadu,India,Asia,45.0,2024-06-10,11.0,409.0,364.0,SaaS,Unknown,,2024,13.0836939,80.270186
1800,Paytm,Noida,other,Uttar Pradesh,India,Asia,3500.0,2024-06-10,,,,Finance,Unknown,,2024,28.5706333,77.3272147
1801,Sumo Group,Sheffield,other,Alabama,USA,North America,,2024-06-11,15.0,,,Gaming,Unknown,,2024,34.7650888,-87.6986407
1802,Agilent Technologies,Santa Clara,San Francisco Bay Area,California,USA,North America,184.0,2024-06-11,,,,Biotechnology Research,Unknown,,2024,37.354107,-121.955238
1803,Ladenzeile,Berlin,other,Berlin,Germany,Europe,,2024-06-11,100.0,,0.0,Retail,Subsidiary,,2024,52.5170365,13.3888599
1804,Lionbridge,Waltham,other,Massachusetts,USA,North America,160.0,2024-06-11,,,,Translation and Localization,Unknown,,2024,42.3756401,-71.2358004
1805,SCiFi Foods,San Leandro,San Francisco Bay Area,California,USA,North America,,2024-06-12,100.0,,0.0,Food,Series A,39.0,2024,37.7249296,-122.1560768
1806,Meta,Menlo Park,San Francisco Bay Area,California,USA,North America,50.0,2024-06-12,,,,Software Development,Unknown,,2024,37.4519671,-122.177992
1807,Paxos,New York City,other,New York,USA,North America,65.0,2024-06-12,20.0,325.0,260.0,Finance,Unknown,543.0,2024,40.7127281,-74.0060152
1808,Medtronic,Santa Clara,San Francisco Bay Area,California,USA,North America,,2024-06-13,,,,Healthcare,Post-IPO,5900.0,2024,37.354107,-121.955238
1809,VRChat,San Francisco,San Francisco Bay Area,California,USA,North America,,2024-06-13,30.0,,,cloud,Series D,95.0,2024,37.7792588,-122.4193286
1810,ByteDance,Jakarta,other,non,Indonesia,Asia,450.0,2024-06-14,,,,Consumer,Unknown,,2024,-6.175247,106.8270488
1811,Cypress.io,Atlanta,other,Georgia,USA,North America,11.0,2024-06-14,,,,Product,Series B,54.0,2024,33.7489924,-84.3902644
1812,Care/of,New York City,other,New York,USA,North America,143.0,2024-06-15,100.0,143.0,0.0,Healthcare,Acquired,83.0,2024,40.7127281,-74.0060152
1813,Running Tide,Portland,Cascadia,Oregon,USA,North America,,2024-06-16,100.0,,0.0,Environmental Services,Acquired,83.0,2024,45.5202471,-122.674194
1814,Galvanic Gaming,Seattle,Cascadia,Washington,USA,North America,,2024-06-16,100.0,,0.0,Gaming,Unknown,,2024,47.6038321,-122.330062
1815,Moovit,Ness Ziona,other,non,Israel,Asia,23.0,2024-06-16,10.0,230.0,207.0,Transportation,Acquired,131.0,2024,31.9208636,34.79413999
1816,Chegg,Santa Clara,San Francisco Bay Area,California,USA,North America,441.0,2024-06-17,23.0,1917.0,1476.0,Education,Post-IPO,,2024,37.354107,-121.955238
1817,Loop,Austin,other,Texas,USA,North America,23.0,2024-06-17,77.0,30.0,7.0,Insurance,Series A,34.0,2024,30.2711286,-97.7436995
1818,Satellogic,Montevideo,other,non,Uruquay,South America,70.0,2024-06-17,30.0,233.0,163.0,Aerospace,Post-IPO,424.0,2024,-34.901112,-56.164532
1819,Stackpath,Dallas,other,Texas,USA,North America,,2024-06-17,100.0,,,Infrastructure,Series B,396.0,2024,32.7762719,-96.7968559
1820,Chegg,Santa Clara,San Francisco Bay Area,California,USA,North America,441.0,2024-06-17,23.0,1917.0,1476.0,Education,Post-IPO,227.0,2024,37.354107,-121.955238
1821,Stackpath,Dallas,other,Texas,USA,North America,,2024-06-17,100.0,0.0,0.0,Infrastructure,Series B,396.0,2024,32.7762719,-96.7968559
1822,PayPal,San Jose,San Francisco Bay Area,California,USA,North America,85.0,2024-06-18,,,,Finance,Post-IPO,216.0,2024,37.3361663,-121.890591
1823,Rapyd,Tel Aviv,other,non,Israel,Asia,30.0,2024-06-18,,,,Finance,Unknown,770.0,2024,32.0852997,34.7818064
1824,Rapyd,Tel Aviv,other,non,Israel,Asia,30.0,2024-06-18,4.0,750.0,720.0,Finance,Unknown,770.0,2024,32.0852997,34.7818064
1825,Fisker,Los Angeles,other,California,USA,North America,,2024-06-18,100.0,,0.0,Transportion,Post-IPO,2.0,2024,34.0536909,-118.242766
1826,C2FO,Kansas City,other,Kansas,USA,North America,16.0,2024-06-18,,,,Finance,Series H,537.0,2024,39.100105,-94.5781416
1827,Wex,Portland,Cascadia,Oregon,USA,North America,375.0,2024-06-18,5.0,7500.0,7125.0,Finance,Post-IPO,400.0,2024,45.5202471,-122.674194
1828,Fisker,Los Angeles,other,California,USA,North America,,2024-06-18,100.0,,,Transportation,Post-IPO,1700.0,2024,34.0536909,-118.242766
1829,Unit,New York City,other,New York,USA,North America,,2024-06-18,15.0,,,Finance,Series C,170.0,2024,40.7127281,-74.0060152
1830,PayPal,Dublin,other,non,Ireland,Europe,85.0,2024-06-18,,,,Finance,Post-IPO,,2024,53.3493795,-6.2605593
1831,Chegg,Santa Clara,San Francisco Bay Area,California,USA,North America,441.0,2024-06-18,23.0,1917.0,1476.0,Education,Post-IPO,227.0,2024,37.354107,-121.955238
1832,C2FO,Kansas City,other,Kansas,USA,North America,16.0,2024-06-18,,,,Finance,Series H,537.0,2024,39.100105,-94.5781416
1833,Wex,Portland,Cascadia,Oregon,USA,North America,375.0,2024-06-18,5.0,7500.0,7125.0,Finance,Post-IPO,400.0,2024,45.5202471,-122.674194
1834,Intel,Santa Clara,San Francisco Bay Area,California,USA,North America,22.0,2024-06-19,10.0,220.0,198.0,Semiconductors,Post-IPO,12.0,2024,37.354107,-121.955238
1835,Emma Sleep,Frankfurt am Main,other,Hessen,Germany,Europe,200.0,2024-06-19,18.0,1111.0,911.0,Retail,Acquired,,2024,50.1106444,8.6820917
1836,Moovit,Tel Aviv,other,non,Israel,Asia,20.0,2024-06-19,10.0,200.0,180.0,Transportion,Acquired,131.0,2024,32.0852997,34.7818064
1837,ReshaMandi,Bengaluru,other,Karnataka,India,Asia,,2024-06-20,80.0,,,Food,Unknown,54.0,2024,12.98815675,77.62260004
1838,Bluevine,Tel Aviv,other,non,Israel,Asia,,2024-06-20,,,,Finance,Unknown,769.0,2024,32.0852997,34.7818064
1839,Bluevine,Tel Aviv,other,non,Israel,Asia,,2024-06-20,12.0,,,Finance,Unknown,769.0,2024,32.0852997,34.7818064
1840,Ginkgo Bioworks,Boston,other,Massachusetts,USA,North America,400.0,2024-06-20,35.0,1143.0,743.0,Healthcare,Post-IPO,2.0,2024,42.3554334,-71.060511
1841,Emma Sleep,Frankfurt am Main,other,Hessen,Germany,Europe,200.0,2024-06-21,18.0,1111.0,911.0,Retail,Acquired,,2024,50.1106444,8.6820917
1842,ReshaMandi,Bengaluru,other,Karnataka,India,Asia,,2024-06-21,80.0,,,Food,Unknown,54.0,2024,12.98815675,77.62260004
1843,Trade Republic,Berlin,other,Berlin,Germany,Europe,,2024-06-23,,,,Finance,Unknown,1300.0,2024,52.5170365,13.3888599
1844,Trade Republic,Berlin,other,Berlin,Germany,Europe,,2024-06-23,,,,Finance,Unknown,1.0,2024,52.5170365,13.3888599
1845,Ginkgo Bioworks,Boston,other,Massachusetts,USA,North America,,2024-06-24,,,,Healthcare,Post-IPO,2.0,2024,42.3554334,-71.060511
1846,Flutterwave,San Francisco,San Francisco Bay Area,California,USA,North America,30.0,2024-06-24,3.0,1000.0,970.0,Finance,Unknown,509.0,2024,37.7792588,-122.4193286
1847,Flutterwave,San Francisco,San Francisco Bay Area,California,USA,North America,30.0,2024-06-24,3.0,1000.0,970.0,Finance,Unknown,509.0,2024,37.7792588,-122.4193286
1848,Ginkgo Bioworks,Boston,other,Massachusetts,USA,North America,400.0,2024-06-24,35.0,1143.0,743.0,Healthcare,Post-IPO,100.0,2024,42.3554334,-71.060511
1849,BeReal,Paris,other,non,France,Europe,,2024-06-25,,,,Consumer,Acquired,,2024,48.8588897,2.320041022
1850,Octopus Ventures,London,other,England,UK,Europe,8.0,2024-06-25,16.0,50.0,42.0,Finance,Unknown,,2024,51.4893335,-0.144055085
1851,Perion,Tel Aviv,other,non,Israel,Asia,35.0,2024-06-25,5.0,700.0,665.0,Marketing,Post-IPO,76.0,2024,32.0852997,34.7818064
1852,BeReal,Paris,other,non,France,Europe,,2024-06-25,,,,Consumer,Acquired,,2024,48.8588897,2.320041022
1853,eBay,Tel Aviv,other,non,Israel,Asia,,2024-06-26,,,,e-commerce,Post-IPO,1200.0,2024,32.0852997,34.7818064
1854,Moxion Power,Richmond,San Francisco Bay Area,California,USA,North America,101.0,2024-06-26,,,,Energy,Unknown,124.0,2024,37.5385087,-77.43428
1855,Perion,Tel Aviv,other,non,Israel,Asia,35.0,2024-06-26,5.0,700.0,665.0,Marketing,Post-IPO,76.0,2024,32.0852997,34.7818064
1856,Planet,San Francisco,San Francisco Bay Area,California,USA,North America,180.0,2024-06-26,17.0,1059.0,879.0,Aerospace,Post-IPO,574.0,2024,37.7792588,-122.4193286
1857,Planet,San Francisco,San Francisco Bay Area,California,USA,North America,180.0,2024-06-26,17.0,1059.0,879.0,Aerospace,Post-IPO,574.0,2024,37.7792588,-122.4193286
1858,Moxion Power,Richmond,San Francisco Bay Area,California,USA,North America,101.0,2024-06-26,,,,Energy,Unknown,124.0,2024,37.5385087,-77.43428
1859,eBay,Tel Aviv,other,non,Israel,Asia,,2024-06-26,,,,Other,Post-IPO,1.0,2024,32.0852997,34.7818064
1860,RealPage,Dallas,other,Texas,USA,North America,20.0,2024-06-27,4.0,500.0,480.0,Real Estate,Acquired,105.0,2024,32.7762719,-96.7968559
1861,RealPage,Dallas,other,Texas,USA,North America,260.0,2024-06-27,4.0,6500.0,6240.0,Real Estate,Acquired,105.0,2024,32.7762719,-96.7968559
1862,Priceline,Norwalk,other,Connecticut,USA,North America,103.0,2024-06-28,7.0,1471.0,1368.0,Travel,Acquired,77.0,2024,41.1175966,-73.4078968
1863,Priceline,Norwalk,other,Connecticut,USA,North America,103.0,2024-06-28,17.0,606.0,503.0,Travel,Acquired,77.0,2024,41.1175966,-73.4078968
1864,Ninja Van,Singapore,other,non,Singapore,Asia,,2024-07-01,5.0,,,Transportion,Series E,974.0,2024,1.2899175,103.8519072
1865,Cint,Stockholm,other,non,Sweden,Europe,,2024-07-01,,,,Data,Post-IPO,17.0,2024,59.3251172,18.0710935
1866,Lightricks,Jerusalem,other,non,Israel,Asia,70.0,2024-07-01,12.0,583.0,513.0,Consumer,Series D,335.0,2024,31.78847185,35.21879441
1867,Upside Foods,Berkeley,San Francisco Bay Area,California,USA,North America,26.0,2024-07-01,,,,Food,Unknown,598.0,2024,37.8708393,-122.272863
1868,Sightful,Tel Aviv,other,non,Israel,Asia,20.0,2024-07-01,33.0,61.0,41.0,Hardware,Unknown,61.0,2024,32.0852997,34.7818064
1869,Unacademy,Bengaluru,other,Karnataka,India,Asia,250.0,2024-07-02,,,,Education,Series H,838.0,2024,12.98815675,77.62260004
1870,Koo,Bengaluru,other,Karnataka,India,Asia,,2024-07-02,100.0,,0.0,Consumer,Unknown,51.0,2024,12.98815675,77.62260004
1871,UKG,Boston,other,Massachusetts,USA,North America,2200.0,2024-07-03,14.0,15714.0,13514.0,HR,Unknown,,2024,42.3554334,-71.060511
1872,OpenText,Waterloo,other,Ontario,Canada,North America,1200.0,2024-07-03,2.0,60000.0,58800.0,Data,Post-IPO,1.0,2024,43.4652699,-80.5222961
1873,Microsoft,Seattle,Cascadia,Washington,USA,North America,,2024-07-03,,,,Other,Post-IPO,1.0,2024,47.6038321,-122.330062
1874,UIPath,New York City,other,New York,USA,North America,420.0,2024-07-09,10.0,4200.0,3780.0,Other,Post-IPO,2.0,2024,40.7127281,-74.0060152
1875,Intuit,Mountain View,San Francisco Bay Area,California,USA,North America,1800.0,2024-07-10,10.0,18000.0,16200.0,Finance,Post-IPO,18.0,2024,37.3893889,-122.0832101
1876,Redbox,Chicago,other,Illinois,USA,North America,1000.0,2024-07-10,100.0,1000.0,0.0,Media,Acquired,51.0,2024,41.8755616,-87.6244212
1877,CyberProof,Los Angeles,other,California,USA,North America,,2024-07-10,7.0,,,Security,Subsidiary,,2024,34.0536909,-118.242766
1878,MoxiWorks,Seattle,Cascadia,Washington,USA,North America,,2024-07-11,,,,Real Estate,Private Equity,,2024,47.6038321,-122.330062
1879,SadaPay,Islamabad,other,non,Pakistan,Asia,,2024-07-12,30.0,,,Finance,Acquired,20.0,2024,33.738045,73.084488
1880,SolarEdge,Tel Aviv,other,non,Israel,Asia,400.0,2024-07-15,,,,Energy,Post-IPO,155.0,2024,32.0852997,34.7818064
1881,Salesforce,San Francisco,San Francisco Bay Area,California,USA,North America,300.0,2024-07-15,,,,Sales,Post-IPO,65.0,2024,37.7792588,-122.4193286
1882,Spotify,Stockholm,other,non,Sweden,Europe,40.0,2024-07-15,,,,Media,Post-IPO,2.0,2024,59.3251172,18.0710935
1883,Kaspersky,Boston,other,Massachusetts,USA,North America,,2024-07-16,,,,Security,Private Equity,,2024,42.3554334,-71.060511
1884,Unbounce,Vancouver,Cascadia,British Columbia,Canada,North America,,2024-07-16,,,,Marketing,Acquired,39.0,2024,49.2608724,-123.113952
1885,ON,San Francisco,San Francisco Bay Area,California,USA,North America,60.0,2024-07-16,100.0,60.0,0.0,Retail,Unknown,81.0,2024,37.7792588,-122.4193286
1886,Aqua Security,Boston,other,Massachusetts,USA,North America,50.0,2024-07-17,10.0,500.0,450.0,Security,Series E,325.0,2024,42.3554334,-71.060511
1887,EverC,Tel Aviv,other,non,Israel,Asia,16.0,2024-07-17,10.0,160.0,144.0,Security,Unknown,61.0,2024,32.0852997,34.7818064
1888,Lex,New York City,other,New York,USA,North America,,2024-07-17,,,,Consumer,Seed,7.0,2024,40.7127281,-74.0060152
1889,Magic Leap,Miami,other,Florida,USA,North America,75.0,2024-07-19,,,,Consumer,Series E,4.0,2024,25.7741728,-80.19362
1890,Mercari U.S.,Palo Alto,San Francisco Bay Area,California,USA,North America,,2024-07-19,50.0,,,Retail,Subsidiary,,2024,37.4443293,-122.1598465
1891,Bluelearn,Bengaluru,other,Karnataka,India,Asia,,2024-07-22,100.0,,0.0,Education,Seed,4.0,2024,12.98815675,77.62260004
1892,Humble Games,San Francisco,San Francisco Bay Area,California,USA,North America,36.0,2024-07-23,100.0,36.0,0.0,Media,Acquired,4.0,2024,37.7792588,-122.4193286
1893,Cohere,Toronto,other,Ontario,Canada,North America,20.0,2024-07-23,5.0,400.0,380.0,AI,Series D,935.0,2024,43.6534817,-79.3839347
1894,Webflow,San Francisco,San Francisco Bay Area,California,USA,North America,,2024-07-25,8.0,,,Marketing,Series C,335.0,2024,37.7792588,-122.4193286
1895,WayCool,Chennai,other,Tamil Nadu,India,Asia,200.0,2024-07-26,,,,Food,Unknown,363.0,2024,13.0836939,80.270186
1896,Pocket FM,Bengaluru,other,Karnataka,India,Asia,200.0,2024-07-27,,,,Media,Series D,212.0,2024,12.98815675,77.62260004
1897,OrCam,Jerusalem,other,non,Israel,Asia,,2024-07-28,,,,Healthcare,Unknown,86.0,2024,31.78847185,35.21879441
1898,Moxion Power,Richmond,San Francisco Bay Area,California,USA,North America,248.0,2024-07-29,100.0,248.0,0.0,Energy,Unknown,124.0,2024,37.5385087,-77.43428
1899,NerdWallet,San Francisco,San Francisco Bay Area,California,USA,North America,,2024-07-30,15.0,,,Finance,Post-IPO,105.0,2024,37.7792588,-122.4193286
1900,Bungie,Seattle,Cascadia,Washington,USA,North America,220.0,2024-07-31,17.0,1294.0,1074.0,Consumer,Acquired,100.0,2024,47.6038321,-122.330062
1901,Delivery Hero,Berlin,other,Berlin,Germany,Europe,200.0,2024-07-31,,,,Food,Post-IPO,10.0,2024,52.5170365,13.3888599
1902,Match Group,New York City,other,New York,USA,North America,,2024-07-31,6.0,0.0,0.0,Consumer,Post-IPO,,2024,40.7127281,-74.0060152
1903,Rad Power Bikes,Seattle,Cascadia,Washington,USA,North America,,2024-08-01,,,,Transportion,Series D,329.0,2024,47.6038321,-122.330062
1904,Intel,Santa Clara,San Francisco Bay Area,California,USA,North America,15000.0,2024-08-01,15.0,100000.0,85000.0,Hardware,Post-IPO,12.0,2024,37.354107,-121.955238
1905,ShareChat,Bengaluru,other,Karnataka,India,Asia,30.0,2024-08-03,5.0,600.0,570.0,Marketing,Series D,222.0,2024,12.98815675,77.62260004
1906,Infineon,Munich,other,Bayern,Germany,Europe,1400.0,2024-08-05,,,,Manufacturing,Post-IPO,2.0,2024,48.1371079,11.5753822
1907,Jam City,Los Angeles,other,California,USA,North America,85.0,2024-08-05,10.0,850.0,765.0,Consumer,Unknown,652.0,2024,34.0536909,-118.242766
1908,Dell,Austin,other,Texas,USA,North America,,2024-08-05,,,,Hardware,Post-IPO,,2024,30.2711286,-97.7436995
1909,Axios Media,Washington DC,other,District of Columbia,USA,North America,50.0,2024-08-06,10.0,500.0,450.0,Media,Acquired,57.0,2024,38.8950368,-77.0365427
1910,Mobius Motors,Nairobi,other,non,Kenya,Africa,,2024-08-06,100.0,,0.0,Transportion,Unknown,6.0,2024,-1.2832533,36.8172449
1911,Teradata,San Diego,other,California,USA,North America,,2024-08-06,13.0,,,Data,Post-IPO,,2024,32.7174202,-117.162772
1912,Eventbrite,San Francisco,San Francisco Bay Area,California,USA,North America,100.0,2024-08-07,11.0,909.0,809.0,Consumer,Post-IPO,557.0,2024,37.7792588,-122.4193286
1913,LegalZoom,Los Angeles,other,California,USA,North America,,2024-08-07,15.0,,,Legal,Post-IPO,952.0,2024,34.0536909,-118.242766
1914,Fastly,San Francisco,San Francisco Bay Area,California,USA,North America,,2024-08-08,11.0,,,Infrastructure,Post-IPO,219.0,2024,37.7792588,-122.4193286
1915,Cisco,San Jose,San Francisco Bay Area,California,USA,North America,5600.0,2024-08-09,7.0,80000.0,74400.0,Infrastructure,Post-IPO,2.0,2024,37.3361663,-121.890591
1916,Branch.io,Palo Alto,San Francisco Bay Area,California,USA,North America,100.0,2024-08-09,,,,Marketing,Series F,667.0,2024,37.4443293,-122.1598465
1917,iCIMS,Holmdel,other,New Jersey,USA,North America,69.0,2024-08-09,,,,Recruiting,Acquired,93.0,2024,40.3306,-74.141
1918,Ready Robotics,Columbus,other,Ohio,USA,North America,,2024-08-09,,,,Manufacturing,Unknown,41.0,2024,39.9622601,-83.0007065
1919,Tally,San Francisco,San Francisco Bay Area,California,USA,North America,,2024-08-12,100.0,,0.0,Finance,Series C,172.0,2024,37.7792588,-122.4193286
1920,DayTwo,Walnut Creek,San Francisco Bay Area,California,USA,North America,,2024-08-13,100.0,,0.0,Healthcare,Series B,90.0,2024,37.910076,-122.065186
1921,Quizac,Lagos,other,non,Nigeria,Africa,,2024-08-13,100.0,,0.0,Education,Acquired,,2024,6.4550575,3.3941795
1922,Grail,Menlo Park,San Francisco Bay Area,California,USA,North America,350.0,2024-08-13,,,,Healthcare,Post-IPO,,2024,37.4519671,-122.177992
1923,Sonos,Santa Barbara,other,California,USA,North America,100.0,2024-08-14,6.0,1667.0,1567.0,Consumer,Post-IPO,455.0,2024,34.4221319,-119.702667
1924,AppLovin,Palo Alto,San Francisco Bay Area,California,USA,North America,61.0,2024-08-15,,,,Marketing,Post-IPO,2.0,2024,37.4443293,-122.1598465
1925,Inuitive,Ra'anana,other,non,Israel,Asia,16.0,2024-08-15,20.0,80.0,64.0,Manufacturing,Unknown,23.0,2024,32.1860244,34.8678359
1926,Formlabs,Boston,other,Massachusetts,USA,North America,,2024-08-15,,,,Hardware,Series E,254.0,2024,42.3554334,-71.060511
1927,Mister Spex,Berlin,other,Berlin,Germany,Europe,,2024-08-15,10.0,,,Retail,Post-IPO,158.0,2024,52.5170365,13.3888599
1928,PacketFabric,Los Angeles,other,California,USA,North America,,2024-08-15,,,,Infrastructure,Unknown,110.0,2024,34.0536909,-118.242766
1929,Sampler,Toronto,other,Ontario,Canada,North America,,2024-08-15,100.0,,0.0,Retail,Series B,10.0,2024,43.6534817,-79.3839347
1930,Paper,Montreal,other,Quebec,Canada,North America,81.0,2024-08-16,45.0,180.0,99.0,Education,Series D,389.0,2024,45.5031824,-73.5698065
1931,Retention.com,Austin,other,Texas,USA,North America,15.0,2024-08-16,,,,Marketing,Unknown,,2024,30.2711286,-97.7436995
1932,Loop,Columbus,other,Ohio,USA,North America,,2024-08-16,,,,Retail,Series B,125.0,2024,39.9622601,-83.0007065
1933,Regrow Ag,Durham,other,North Carolina,USA,North America,,2024-08-16,19.0,,,Food,Series B,64.0,2024,35.996653,-78.9018053
1934,GoPro,San Mateo,San Francisco Bay Area,California,USA,North America,139.0,2024-08-19,15.0,927.0,788.0,Consumer,Post-IPO,288.0,2024,37.496904,-122.3330573
1935,Localize,New York City,other,New York,USA,North America,,2024-08-19,,,,Real Estate,Series A,40.0,2024,40.7127281,-74.0060152
1936,Five9,San Ramon,San Francisco Bay Area,California,USA,North America,190.0,2024-08-20,7.0,2714.0,2524.0,Support,Post-IPO,862.0,2024,37.77466357,-121.9734961
1937,ReshaMandi,Bengaluru,other,Karnataka,India,Asia,,2024-08-20,100.0,,0.0,Food,Unknown,54.0,2024,12.98815675,77.62260004
1938,Skip the Dishes,Winnipeg,other,Manitoba,Canada,North America,800.0,2024-08-20,,,,Food,Acquired,8.0,2024,49.895077,-97.138451
1939,Kaiyo,New York City,other,New York,USA,North America,,2024-08-21,100.0,,0.0,Retail,Series B,43.0,2024,40.7127281,-74.0060152
1940,Redfin,Seattle,Cascadia,Washington,USA,North America,82.0,2024-08-22,2.0,4100.0,4018.0,Real Estate,Post-IPO,320.0,2024,47.6038321,-122.330062
1941,Received,New York City,other,New York,USA,North America,,2024-08-23,100.0,,0.0,Finance,Unknown,,2024,40.7127281,-74.0060152
1942,Sandvine,Waterloo,other,Ontario,Canada,North America,,2024-08-23,,,,Infrastructure,Acquired,63.0,2024,43.4652699,-80.5222961
1943,Kenko Health,Mumbai,other,Maharashtra,India,Asia,,2024-08-23,100.0,,0.0,Healthcare,Series A,14.0,2024,19.0785451,72.878176
1944,Velo3D,Fremont,San Francisco Bay Area,California,USA,North America,42.0,2024-08-26,,,,Manufacturing,Post-IPO,305.0,2024,37.5482697,-121.988571
1945,Tome Biosciences,Boston,other,Massachusetts,USA,North America,131.0,2024-08-26,100.0,131.0,0.0,Healthcare,Series A,213.0,2024,42.3554334,-71.060511
1946,IBM,Beijing,other,non,China,Asia,1000.0,2024-08-26,,,,Hardware,Post-IPO,,2024,39.916668,116.383331
1947,Apple,Cupertino,San Francisco Bay Area,California,USA,North America,100.0,2024-08-27,,,,Hardware,Post-IPO,1.0,2024,37.3228934,-122.0322895
1948,Brave,San Francisco,San Francisco Bay Area,California,USA,North America,27.0,2024-08-28,14.0,193.0,166.0,Consumer,Series B,42.0,2024,37.7792588,-122.4193286
1949,Character.ai,Menlo Park,San Francisco Bay Area,California,USA,North America,6.0,2024-08-29,5.0,120.0,114.0,AI,Series A,150.0,2024,37.4519671,-122.177992
1950,Dunzo,Bengaluru,other,Karnataka,India,Asia,150.0,2024-08-31,75.0,200.0,50.0,Food,Unknown,458.0,2024,12.98815675,77.62260004
1951,Dozee,Bengaluru,other,Karnataka,India,Asia,40.0,2024-09-02,,,,Healthcare,Series A,26.0,2024,12.98815675,77.62260004
1952,ABL,Los Angeles,other,California,USA,North America,,2024-09-03,,,,Aerospace,Unknown,479.0,2024,34.0536909,-118.242766
1953,Matter Labs,Berlin,other,Berlin,Germany,Europe,,2024-09-03,16.0,,,Crypto,Unknown,380.0,2024,52.5170365,13.3888599
1954,Lyft,San Francisco,San Francisco Bay Area,California,USA,North America,30.0,2024-09-04,1.0,3000.0,2970.0,Transportion,Post-IPO,5.0,2024,37.7792588,-122.4193286
1955,Fly.io,Chicago,other,Illinois,USA,North America,40.0,2024-09-04,,,,Infrastructure,Series C,110.0,2024,41.8755616,-87.6244212
1956,ChargePoint,Campbell,San Francisco Bay Area,California,USA,North America,250.0,2024-09-04,15.0,1667.0,1417.0,Manufacturing,Unknown,1.0,2024,37.287167,-121.949959
1957,Goop,Los Angeles,other,California,USA,North America,39.0,2024-09-06,18.0,217.0,178.0,Retail,Unknown,75.0,2024,34.0536909,-118.242766
1958,Motif Foodworks,Boston,other,Massachusetts,USA,North America,,2024-09-06,100.0,,0.0,Food,Unknown,343.0,2024,42.3554334,-71.060511
1959,WeTransfer,Amsterdam,other,non,Netherlands,Europe,260.0,2024-09-08,75.0,347.0,87.0,Other,Acquired,64.0,2024,52.3730796,4.8924534
1960,Mobileye,Jerusalem,other,non,Israel,Asia,100.0,2024-09-09,,,,Transportion,Post-IPO,2.0,2024,31.78847185,35.21879441
1961,InsurStaq.ai,New Delhi,other,Delhi,India,Asia,,2024-09-09,100.0,,0.0,AI,Seed,,2024,28.6138954,77.2090057
1962,Nori,Seattle,Cascadia,Washington,USA,North America,,2024-09-09,100.0,,0.0,Energy,Unknown,19.0,2024,47.6038321,-122.330062
1963,Udemy,San Francisco,San Francisco Bay Area,California,USA,North America,280.0,2024-09-11,,,,Education,Post-IPO,311.0,2024,37.7792588,-122.4193286
1964,Amperity,Seattle,Cascadia,Washington,USA,North America,,2024-09-12,13.0,,0.0,Marketing,Series D,187.0,2024,47.6038321,-122.330062
1965,Microsoft,Seattle,Cascadia,Washington,USA,North America,650.0,2024-09-12,,,,Other,Post-IPO,1.0,2024,47.6038321,-122.330062
1966,Runtastic,Linz,other,non,Austria,Europe,170.0,2024-09-16,,,,Fitness,Acquired,,2024,48.30639,14.28611
1967,Aakash,New Delhi,other,Delhi,India,Asia,80.0,2024-09-18,,,,Education,Acquired,,2024,28.6138954,77.2090057
1968,IBM,New York City,other,New York,USA,North America,,2024-09-18,,,,Hardware,Post-IPO,,2024,40.7127281,-74.0060152
1969,CarTrawler,Dublin,other,non,Ireland,Europe,40.0,2024-09-19,10.0,400.0,360.0,Transportion,Acquired,,2024,53.3493795,-6.2605593
1970,ApplyBoard,Waterloo,other,Ontario,Canada,North America,,2024-09-19,4.0,,,Education,Series D,483.0,2024,43.4652699,-80.5222961
1971,Reverb,Chicago,other,Illinois,USA,North America,40.0,2024-09-20,,,,Retail,Acquired,47.0,2024,41.8755616,-87.6244212
1972,Luminar,Orlando,other,Florida,USA,North America,,2024-09-20,15.0,,,Transportion,Post-IPO,780.0,2024,28.5421109,-81.3790304
1973,Notable Labs,Foster City,San Francisco Bay Area,California,USA,North America,,2024-09-20,65.0,,,Healthcare,Series B,,2024,37.5618811,-122.266445
1974,Healthy.io,Tel Aviv,other,non,Israel,Asia,40.0,2024-09-22,30.0,133.0,93.0,Healthcare,Series D,185.0,2024,32.0852997,34.7818064
1975,Northvolt,Stockholm,other,non,Sweden,Europe,1600.0,2024-09-23,20.0,8000.0,6400.0,Energy,Unknown,14.0,2024,59.3251172,18.0710935
1976,Olo,New York City,other,New York,USA,North America,,2024-09-23,9.0,,,Food,Post-IPO,184.0,2024,40.7127281,-74.0060152
1977,FreightWaves,Chattanooga,other,Tennessee,USA,North America,16.0,2024-09-24,,,,Logistics,Private Equity,92.0,2024,35.045631,-85.309677
1978,F5,Seattle,Cascadia,Washington,USA,North America,,2024-09-24,,,,Security,Post-IPO,,2024,47.6038321,-122.330062
1979,Moov,Cedar Falls,other,Iowa,USA,North America,50.0,2024-09-25,,,,Finance,Series B,77.0,2024,42.534901,-92.445312
1980,Drata,San Diego,other,California,USA,North America,40.0,2024-09-26,9.0,444.0,404.0,Security,Series C,328.0,2024,32.7174202,-117.162772
1981,ABBYY,Nicosia,other,non,Cyprus,Europe,200.0,2024-10-01,,,,Data,Unknown,6.0,2024,35.166666,33.3666652
1982,FreshBooks,Toronto,other,Ontario,Canada,North America,140.0,2024-10-01,,,,Finance,Unknown,331.0,2024,43.6534817,-79.3839347
1983,Alma,New York City,other,New York,USA,North America,,2024-10-02,,,,Healthcare,Series D,220.0,2024,40.7127281,-74.0060152
1984,Flexport,San Francisco,San Francisco Bay Area,California,USA,North America,,2024-10-02,2.0,,,Logistics,Series E,2.0,2024,37.7792588,-122.4193286
1985,Tome,San Francisco,San Francisco Bay Area,California,USA,North America,12.0,2024-10-02,31.0,39.0,27.0,Sales,Series B,75.0,2024,37.7792588,-122.4193286
1986,Eaze,San Francisco,San Francisco Bay Area,California,USA,North America,500.0,2024-10-07,100.0,500.0,0.0,Consumer,Series D,202.0,2024,37.7792588,-122.4193286
1987,PubMatic,Redwood City,San Francisco Bay Area,California,USA,North America,12.0,2024-10-07,1.0,1200.0,1188.0,Marketing,Post-IPO,63.0,2024,37.4863239,-122.232523
1988,Zapata Computing,Boston,other,Massachusetts,USA,North America,,2024-10-07,100.0,,0.0,Other,Post-IPO,82.0,2024,42.3554334,-71.060511
1989,BeepKart,Bengaluru,other,Karnataka,India,Asia,130.0,2024-10-08,40.0,325.0,195.0,Retail,Series A,1.0,2024,12.98815675,77.62260004
1990,Zapp,London,other,England,UK,Europe,,2024-10-08,,,,Food,Series B,300.0,2024,51.4893335,-0.144055085
1991,Grabango,Berkeley,San Francisco Bay Area,California,USA,North America,,2024-10-09,100.0,,0.0,Food,Unknown,4.0,2024,37.8708393,-122.272863
1992,GoWild,Louisville,other,Kentucky,USA,North America,,2024-10-10,100.0,,0.0,Retail,Seed,8.0,2024,38.2239991,-85.74299703
1993,Toptal,Palo Alto,San Francisco Bay Area,California,USA,North America,,2024-10-10,,,,Recruiting,Unknown,,2024,37.4443293,-122.1598465
1994,CareerBuilder + Monster,Chicago,other,Illinois,USA,North America,200.0,2024-10-10,15.0,1333.0,1133.0,Recruiting,Acquired,,2024,41.8755616,-87.6244212
1995,Bytedance,Jakarta,other,non,Indonesia,Asia,500.0,2024-10-11,,,,Consumer,Unknown,0.0,2024,-6.175247,106.8270488
1996,Nikola,Phoenix,other,Arizona,USA,North America,130.0,2024-10-11,15.0,867.0,737.0,Transportation,Post-IPO,3.0,2024,33.4484367,-112.074141
1997,Toplyne,Bengaluru,other,Karnataka,India,Asia,,2024-10-11,100.0,,0.0,Sales,Series A,17.0,2024,12.98815675,77.62260004
1998,Gigamon,Santa Clara,San Francisco Bay Area,California,USA,North America,6.0,2024-10-15,,,,Data,Acquired,23.0,2024,37.354107,-121.955238
1999,Fable,New York City,other,New York,USA,North America,,2024-10-15,100.0,,0.0,Product,Series A,1.0,2024,40.7127281,-74.0060152
2000,Meta,Menlo Park,San Francisco Bay Area,California,USA,North America,,2024-10-16,,,,Consumer,Post-IPO,26.0,2024,37.4519671,-122.177992
2001,CapWay,Atlanta,other,Georgia,USA,North America,,2024-10-17,100.0,,0.0,Finance,Unknown,,2024,33.7489924,-84.3902644
2002,Chief,New York City,other,New York,USA,North America,,2024-10-20,,,,HR,Series B,140.0,2024,40.7127281,-74.0060152
2003,Jellysmack,New York City,other,New York,USA,North America,22.0,2024-10-21,,,,Media,Series C,22.0,2024,40.7127281,-74.0060152
2004,Venminder,Louisville,other,Kentucky,USA,North America,100.0,2024-10-21,,,,Security,Acquired,4.0,2024,38.2239991,-85.74299703
2005,Catena Media,Sliema,other,non,Malta,Europe,2.0,2024-10-23,,,,Marketing,Unknown,,2024,35.9125,14.50222
2006,Upwork,San Francisco,San Francisco Bay Area,California,USA,North America,,2024-10-23,21.0,,,Other,Post-IPO,168.0,2024,37.7792588,-122.4193286
2007,Airthings,Oslo,other,non,Norway,Europe,,2024-10-24,,,,Hardware,Unknown,,2024,59.9133301,10.7389701
2008,Coursera,Mountain View,San Francisco Bay Area,California,USA,North America,150.0,2024-10-25,10.0,1500.0,1350.0,Education,Post-IPO,458.0,2024,37.3893889,-122.0832101
2009,Kyte,San Francisco,San Francisco Bay Area,California,USA,North America,,2024-10-25,40.0,,,Transportation,Unknown,548.0,2024,37.7792588,-122.4193286
2010,Twelve,Berkeley,San Francisco Bay Area,California,USA,North America,,2024-10-25,,,,Energy,Unknown,844.0,2024,37.8708393,-122.272863
2011,dYdX,San Francisco,San Francisco Bay Area,California,USA,North America,,2024-10-29,35.0,,,Crypto,Series C,87.0,2024,37.7792588,-122.4193286
2012,Docker,Palo Alto,San Francisco Bay Area,California,USA,North America,,2024-10-29,10.0,,,Infrastructure,Series C,436.0,2024,37.4443293,-122.1598465
2013,ConsenSys,New York City,other,New York,USA,North America,163.0,2024-10-29,20.0,815.0,652.0,Crypto,Series D,726.0,2024,40.7127281,-74.0060152
2014,F5,Seattle,Cascadia,Washington,USA,North America,100.0,2024-10-29,2.0,5000.0,4900.0,Security,Post-IPO,,2024,47.6038321,-122.330062
2015,Dropbox,San Francisco,San Francisco Bay Area,California,USA,North America,527.0,2024-10-30,20.0,2635.0,2108.0,Other,Post-IPO,2.0,2024,37.7792588,-122.4193286
2016,Kraken,San Francisco,San Francisco Bay Area,California,USA,North America,400.0,2024-10-30,15.0,2667.0,2267.0,Crypto,Unknown,134.0,2024,37.7792588,-122.4193286
2017,Miro,San Francisco,San Francisco Bay Area,California,USA,North America,275.0,2024-10-30,18.0,1528.0,1253.0,Other,Series C,476.0,2024,37.7792588,-122.4193286
2018,Tidal,New York City,other,New York,USA,North America,,2024-10-31,,,,Consumer,Acquired,,2024,40.7127281,-74.0060152
2019,Maven Clinic,New York City,other,New York,USA,North America,60.0,2024-11-01,10.0,600.0,540.0,Healthcare,Series F,417.0,2024,40.7127281,-74.0060152
2020,Bowery Farming,New York City,other,New York,USA,North America,,2024-11-01,100.0,0.0,0.0,Food,Unknown,626.0,2024,40.7127281,-74.0060152
2021,Atera,Tel Aviv,other,non,Israel,Asia,20.0,2024-11-03,6.0,333.0,313.0,Other,Series B,102.0,2024,32.0852997,34.7818064
2022,Incredibuild,Tel Aviv,other,non,Israel,Asia,18.0,2024-11-04,11.0,164.0,146.0,Product,Acquired,35.0,2024,32.0852997,34.7818064
2023,Mozilla,San Francisco,San Francisco Bay Area,California,USA,North America,,2024-11-05,30.0,0.0,0.0,Consumer,Subsidiary,2.0,2024,37.7792588,-122.4193286
2024,Avaya,Durham,other,North Carolina,USA,North America,,2024-11-06,,,,Other,Post-IPO,700.0,2024,35.996653,-78.9018053
2025,Outreach,Seattle,Cascadia,Washington,USA,North America,67.0,2024-11-06,,,,Sales,Series G,48.0,2024,47.6038321,-122.330062
2026,iRobot,Boston,other,Massachusetts,USA,North America,105.0,2024-11-06,16.0,656.0,551.0,Consumer,Post-IPO,30.0,2024,42.3554334,-71.060511
2027,Freshworks,San Mateo,San Francisco Bay Area,California,USA,North America,660.0,2024-11-07,13.0,5077.0,4417.0,Support,Post-IPO,484.0,2024,37.496904,-122.3330573
2028,Just Eat,Amsterdam,other,non,Netherlands,Europe,300.0,2024-11-07,2.0,15000.0,14700.0,Food,Acquired,12.0,2024,52.3730796,4.8924534
2029,Opendoor,San Francisco,San Francisco Bay Area,California,USA,North America,300.0,2024-11-07,17.0,1765.0,1465.0,Real Estate,Post-IPO,1.0,2024,37.7792588,-122.4193286
2030,Akamai,Boston,other,Massachusetts,USA,North America,250.0,2024-11-07,2.0,12500.0,12250.0,Security,Post-IPO,35.0,2024,42.3554334,-71.060511
2031,ShareFile,Raleigh,other,North Carolina,USA,North America,1.0,2024-11-07,,,,Other,Acquired,,2024,35.7803977,-78.6390989
2032,Personio,Munich,other,Bayern,Germany,Europe,115.0,2024-11-07,6.0,1917.0,1802.0,HR,Series E,724.0,2024,48.1371079,11.5753822
2033,Exosonic,Los Angeles,other,California,USA,North America,,2024-11-08,100.0,0.0,0.0,Aerospace,Seed,4.0,2024,34.0536909,-118.242766
2034,Booking.com,Grand Rapids,other,Michigan,USA,North America,,2024-11-08,,,,Travel,Acquired,,2024,42.96687219,-85.65825527
2035,Monarch Tractor,Livermore,San Francisco Bay Area,California,USA,North America,35.0,2024-11-08,10.0,350.0,315.0,Other,Unknown,214.0,2024,37.68402337,-121.7712919
2036,BigCommerce,Austin,other,Texas,USA,North America,,2024-11-08,,,,Retail,Post-IPO,224.0,2024,30.2711286,-97.7436995
2037,Enphase Energy,Fremont,San Francisco Bay Area,California,USA,North America,500.0,2024-11-11,17.0,2941.0,2441.0,Energy,Post-IPO,116.0,2024,37.5482697,-121.988571
2038,23andMe,San Francisco,San Francisco Bay Area,California,USA,North America,200.0,2024-11-11,40.0,500.0,300.0,Healthcare,Post-IPO,1.0,2024,37.7792588,-122.4193286
2039,Sword Health,New York City,other,New York,USA,North America,13.0,2024-11-11,,,,Healthcare,Unknown,450.0,2024,40.7127281,-74.0060152
2040,Stoa,Bengaluru,other,Karnataka,India,Asia,,2024-11-12,100.0,0.0,0.0,Education,Seed,,2024,12.98815675,77.62260004
2041,Chegg,Santa Clara,San Francisco Bay Area,California,USA,North America,31.0,2024-11-12,21.0,148.0,117.0,Education,Post-IPO,227.0,2024,37.354107,-121.955238
2042,Forward,San Francisco,San Francisco Bay Area,California,USA,North America,200.0,2024-11-12,100.0,200.0,0.0,Healthcare,Series E,325.0,2024,37.7792588,-122.4193286
2043,Lyra Health,Burlingame,San Francisco Bay Area,California,USA,North America,77.0,2024-11-12,2.0,3850.0,3773.0,Healthcare,Series F,10.0,2024,37.5780965,-122.3473099
2044,New Relic,San Francisco,San Francisco Bay Area,California,USA,North America,,2024-11-12,,,,Infrastructure,Acquired,214.0,2024,37.7792588,-122.4193286
2045,AppLovin,Palo Alto,San Francisco Bay Area,California,USA,North America,120.0,2024-11-13,,,,Marketing,Post-IPO,2.0,2024,37.4443293,-122.1598465
2046,AMD,Santa Clara,San Francisco Bay Area,California,USA,North America,1000.0,2024-11-13,4.0,25000.0,24000.0,Hardware,Post-IPO,,2024,37.354107,-121.955238
2047,Kuku FM,Mumbai,other,Maharashtra,India,Asia,80.0,2024-11-14,,,,Media,Series C,71.0,2024,19.0785451,72.878176
2048,TrueLayer,London,other,England,UK,Europe,71.0,2024-11-15,25.0,284.0,213.0,Finance,Series E,321.0,2024,51.4893335,-0.144055085
2049,Own,New York City,other,New York,USA,North America,,2024-11-19,,,,Data,Acquired,507.0,2024,40.7127281,-74.0060152
2050,Headspace,Los Angeles,other,California,USA,North America,,2024-11-20,13.0,0.0,0.0,Healthcare,Unknown,216.0,2024,34.0536909,-118.242766
2051,LinkedIn,Sunnyvale,San Francisco Bay Area,California,USA,North America,202.0,2024-11-21,1.0,20200.0,19998.0,Recruiting,Acquired,154.0,2024,37.3688301,-122.036349
2052,Ola Electric,Bengaluru,other,Karnataka,India,Asia,500.0,2024-11-22,,,,Transportation,Post-IPO,2.0,2024,12.98815675,77.62260004
2053,Adjust,Berlin,other,Berlin,Germany,Europe,304.0,2024-11-22,,,,Marketing,Acquired,256.0,2024,52.5170365,13.3888599
2054,Hopper,Montreal,other,Quebec,Canada,North America,,2024-11-22,,,,Travel,Unknown,730.0,2024,45.5031824,-73.5698065
2055,Sprout Social,Chicago,other,Illinois,USA,North America,,2024-11-25,,,,Marketing,Post-IPO,111.0,2024,41.8755616,-87.6244212
2056,AlphaSense,New York City,other,New York,USA,North America,150.0,2024-11-27,8.0,1875.0,1725.0,Other,Series F,1.0,2024,40.7127281,-74.0060152
2057,Klub,Bengaluru,other,Karnataka,India,Asia,60.0,2024-11-29,,,,Finance,Unknown,35.0,2024,12.98815675,77.62260004
2058,Lightspeed Commerce,Montreal,other,Quebec,Canada,North America,200.0,2024-12-02,,,,Retail,Post-IPO,1.0,2024,45.5031824,-73.5698065
2059,Skai,Tel Aviv,other,non,Israel,Asia,80.0,2024-12-03,14.0,571.0,491.0,Marketing,Series E,60.0,2024,32.0852997,34.7818064
2060,Stash,New York City,other,New York,USA,North America,88.0,2024-12-04,40.0,220.0,132.0,Finance,Unknown,480.0,2024,40.7127281,-74.0060152
2061,Booking Holdings,Norwalk,other,Connecticut,USA,North America,60.0,2024-12-04,,,,Travel,Post-IPO,3.0,2024,41.1175966,-73.4078968
2062,2U,Washington DC,other,District of Columbia,USA,North America,,2024-12-04,,,,Education,Post-IPO,426.0,2024,38.8950368,-77.0365427
2063,Circle,Boston,other,Massachusetts,USA,North America,50.0,2024-12-05,6.0,833.0,783.0,Crypto,Private Equity,1.0,2024,42.3554334,-71.060511
2064,Vox Media,Washington DC,other,District of Columbia,USA,North America,,2024-12-05,,,,Media,Series F,307.0,2024,38.8950368,-77.0365427
2065,Mixtroz,Birmingham,other,Alabama,USA,North America,,2024-12-06,100.0,0.0,0.0,Other,Seed,2.0,2024,33.5166646,-86.7999968
2066,Carousell,Singapore,other,non,Singapore,Asia,76.0,2024-12-06,7.0,1086.0,1010.0,Retail,Unknown,375.0,2024,1.2899175,103.8519072
2067,EasyKnock,New York City,other,New York,USA,North America,,2024-12-09,100.0,0.0,0.0,Real Estate,Series D,440.0,2024,40.7127281,-74.0060152
2068,Bluevine,Tel Aviv,other,non,Israel,Asia,100.0,2024-12-10,18.0,556.0,456.0,Finance,Unknown,76.0,2024,32.0852997,34.7818064
2069,Spectrm,Berlin,other,Berlin,Germany,Europe,,2024-12-10,,,,Marketing,Series B,11.0,2024,52.5170365,13.3888599
2070,Foundry,Boston,other,Massachusetts,USA,North America,74.0,2024-12-11,27.0,274.0,200.0,Crypto,Subsidiary,,2024,42.3554334,-71.060511
2071,Calendly,Atlanta,other,Georgia,USA,North America,70.0,2024-12-11,13.0,538.0,468.0,Other,Series B,351.0,2024,33.7489924,-84.3902644
2072,Canoo,Los Angeles,other,California,USA,North America,20.0,2024-12-11,,,,Transportation,Post-IPO,300.0,2024,34.0536909,-118.242766
2073,OfferUp,Seattle,Cascadia,Washington,USA,North America,,2024-12-11,22.0,0.0,0.0,Retail,Unknown,381.0,2024,47.6038321,-122.330062
2074,Spotter,Los Angeles,other,California,USA,North America,,2024-12-11,,,,Other,Unknown,238.0,2024,34.0536909,-118.242766
2075,Yahoo,Sunnyvale,San Francisco Bay Area,California,USA,North America,,2024-12-12,,,,Consumer,Acquired,6.0,2024,37.3688301,-122.036349
2076,Thrive,Mumbai,other,Maharashtra,India,Asia,,2024-12-14,100.0,0.0,0.0,Food,Series A,,2024,19.0785451,72.878176
2077,Refinery29,New York City,other,New York,USA,North America,,2024-12-17,,,,Media,Acquired,134.0,2024,40.7127281,-74.0060152
2078,BionicHIVE,Sderot,other,non,Israel,Asia,,2024-12-22,100.0,0.0,0.0,Hardware,Unknown,,2024,31.52688699,34.59479517
2079,Lilium,Munich,other,Bayern,Germany,Europe,1000.0,2024-12-23,100.0,1000.0,0.0,Aerospace,Post-IPO,1.0,2024,48.1371079,11.5753822
2080,Bench,Vancouver,Cascadia,British Columbia,Canada,North America,450.0,2024-12-27,100.0,450.0,0.0,Finance,Series C,10.0,2024,49.2608724,-123.113952
2081,Level,New York City,other,New York,USA,North America,,2025-01-02,100.0,,0.0,Finance,Series B,27.0,2025,40.7127281,-74.0060152
2082,SolarEdge,Tel Aviv,other,non,Israel,Asia,400.0,2025-01-06,,,,Energy,Post-IPO,155.0,2025,32.0852997,34.7818064
2083,Cloud Software Group,Santa Clara,San Francisco Bay Area,California,USA,North America,,2025-01-07,,,,Other,Unknown,,2025,37.354107,-121.955238
2084,Microsoft,Seattle,Cascadia,Washington,USA,North America,,2025-01-07,,,,Other,Post-IPO,1.0,2025,47.6038321,-122.330062
2085,Altruist,San Francisco,San Francisco Bay Area,California,USA,North America,37.0,2025-01-07,10.0,370.0,333.0,Finance,Series E,449.0,2025,37.7792588,-122.4193286
2086,Aqua Security,Boston,other,Massachusetts,USA,North America,,2025-01-07,,,,Security,Series E,325.0,2025,42.3554334,-71.060511
2087,Redfin,Seattle,Cascadia,Washington,USA,North America,450.0,2025-01-09,,,,Real Estate,Post-IPO,320.0,2025,47.6038321,-122.330062
2088,Icon,Austin,other,Texas,USA,North America,114.0,2025-01-09,,,,Construction,Series B,451.0,2025,30.2711286,-97.7436995
2089,Wayfair,Berlin,other,Berlin,Germany,Europe,730.0,2025-01-10,3.0,24333.0,23603.0,Retail,Post-IPO,1700.0,2025,52.5170365,13.3888599
2090,Pandion,Seattle,Cascadia,Washington,USA,North America,63.0,2025-01-10,100.0,63.0,0.0,Logistics,Series B,76.0,2025,47.6038321,-122.330062
2091,Zillow,Seattle,Cascadia,Washington,USA,North America,,2025-01-10,,,,Real Estate,Post-IPO,97.0,2025,47.6038321,-122.330062
2092,Alza,New York City,other,New York,USA,North America,,2025-01-13,100.0,,0.0,Finance,Seed,7.0,2025,40.7127281,-74.0060152
2093,Boozt,Malmö,other,non,Sweden,Europe,,2025-01-13,10.0,,,Retail,Post-IPO,56.0,2025,55.6052931,13.0001566
2094,TechCrunch,San Francisco,San Francisco Bay Area,California,USA,North America,,2025-01-14,,,,Media,Acquired,,2025,37.7792588,-122.4193286
2095,Advisor Credit Exchange,Philadelphia,other,Pennsylvania,USA,North America,,2025-01-14,100.0,,0.0,Finance,Unknown,31.0,2025,39.9527237,-75.1635262
2096,HeyJobs,Berlin,other,Berlin,Germany,Europe,90.0,2025-01-15,,,,Recruiting,Series B,62.0,2025,52.5170365,13.3888599
2097,ShareChat,Bengaluru,other,Karnataka,India,Asia,27.0,2025-01-15,5.0,540.0,513.0,Marketing,Series D,222.0,2025,12.98815675,77.62260004
2098,Textio,Seattle,Cascadia,Washington,USA,North America,15.0,2025-01-15,,,,Recruiting,Unknown,42.0,2025,47.6038321,-122.330062
2099,Chrono24,Karlsruhe,other,Baden-Würtemberg,Germany,Europe,110.0,2025-01-16,24.0,458.0,348.0,Retail,Series C,205.0,2025,49.0068705,8.4034195
2100,Pocket FM,Bengaluru,other,Karnataka,India,Asia,75.0,2025-01-16,,,,Media,Series D,212.0,2025,12.98815675,77.62260004
2101,Aurora Solar,San Francisco,San Francisco Bay Area,California,USA,North America,58.0,2025-01-16,,,,Energy,Series D,523.0,2025,37.7792588,-122.4193286
2102,Unbabel,Lisbon,other,non,Portugal,Europe,66.0,2025-01-20,25.0,264.0,198.0,Support,Series C,91.0,2025,38.7077507,-9.1365919
2103,Turso,London,other,England,Canada,Europe,,2025-01-21,,,,Product,Seed,7.0,2025,51.4893335,-0.144055085
2104,Stripe,San Francisco,San Francisco Bay Area,California,USA,North America,300.0,2025-01-21,3.0,10000.0,9700.0,Finance,Series I,8700.0,2025,37.7792588,-122.4193286
2105,Moon Active,Tel Aviv,other,non,Israel,Asia,,2025-01-27,,,,Consumer,Unknown,425.0,2025,32.0852997,34.7818064
2106,Digital River,Minneapolis,other,Minnesota,USA,North America,122.0,2025-01-28,,,,Retail,Private Equity,50.0,2025,44.9772995,-93.2654692
2107,Amazon,Seattle,Cascadia,Washington,USA,North America,,2025-01-28,,,,Retail,Post-IPO,8100.0,2025,47.6038321,-122.330062
2108,Placer.ai,Los Altos,San Francisco Bay Area,California,USA,North America,150.0,2025-01-29,18.0,833.0,683.0,Data,Unknown,267.0,2025,37.38522,-122.11413
2109,Cushion,San Francisco,San Francisco Bay Area,California,USA,North America,,2025-01-30,100.0,,0.0,Finance,Series A,20.0,2025,37.7792588,-122.4193286
2110,Salesforce,San Francisco,San Francisco Bay Area,California,USA,North America,1000.0,2025-02-03,1.0,100000.0,99000.0,Sales,Post-IPO,65.0,2025,37.7792588,-122.4193286
2111,Sure,New York City,other,New York,USA,North America,70.0,2025-02-03,,,,Finance,Series C,123.0,2025,40.7127281,-74.0060152
2112,TripAdvisor,Boston,other,Massachusetts,USA,North America,75.0,2025-02-04,,,,Travel,Post-IPO,3.0,2025,42.3554334,-71.060511
2113,Asana,San Francisco,San Francisco Bay Area,California,USA,North America,100.0,2025-02-04,,,,Other,Post-IPO,453.0,2025,37.7792588,-122.4193286
2114,Intel,Sacramento,other,California,USA,North America,58.0,2025-02-04,,,,Hardware,Post-IPO,12.0,2025,38.5810606,-121.493895
2115,Okta,San Francisco,San Francisco Bay Area,California,USA,North America,180.0,2025-02-04,3.0,6000.0,5820.0,Security,Post-IPO,1200.0,2025,37.7792588,-122.4193286
2116,Cruise,San Francisco,San Francisco Bay Area,California,USA,North America,1000.0,2025-02-04,50.0,2000.0,1000.0,Transportation,Acquired,15000.0,2025,37.7792588,-122.4193286
2117,AppsFlyer,San Francisco,San Francisco Bay Area,California,USA,North America,100.0,2025-02-04,7.0,1429.0,1329.0,Data,Unknown,293.0,2025,37.7792588,-122.4193286
2118,Workday,Pleasanton,San Francisco Bay Area,California,USA,North America,1750.0,2025-02-05,8.0,21875.0,20125.0,HR,Post-IPO,230.0,2025,37.6624312,-121.8746789
2119,Outbrain,New York City,other,New York,USA,North America,200.0,2025-02-05,,,,Marketing,Post-IPO,394.0,2025,40.7127281,-74.0060152
2120,Sonos,Santa Barbara,other,California,USA,North America,200.0,2025-02-05,12.0,1667.0,1467.0,Consumer,Post-IPO,455.0,2025,34.4221319,-119.702667
2121,SRTX,Montreal,other,Quebec,Canada,North America,140.0,2025-02-05,,,,Manufacturing,Unknown,151.0,2025,45.5031824,-73.5698065
2122,Tabnine,Tel Aviv,other,non,Israel,Asia,15.0,2025-02-05,18.0,83.0,68.0,AI,Series B,57.0,2025,32.0852997,34.7818064
2123,Hugging Face,New York City,other,New York,USA,North America,10.0,2025-02-05,4.0,250.0,240.0,AI,Series D,395.0,2025,40.7127281,-74.0060152
2124,Sprinklr,New York City,other,New York,USA,North America,500.0,2025-02-06,15.0,3333.0,2833.0,Support,Post-IPO,429.0,2025,40.7127281,-74.0060152
2125,NanoLock,Tel Aviv,other,non,Israel,Asia,,2025-02-06,100.0,,0.0,Security,Series B,18.0,2025,32.0852997,34.7818064
2126,MessageBird,Amsterdam,other,non,Netherlands,Europe,120.0,2025-02-10,33.0,364.0,244.0,Other,Series C,1100.0,2025,52.3730796,4.8924534
2127,Justworks,New York City,other,New York,USA,North America,200.0,2025-02-10,,,,HR,Unknown,160.0,2025,40.7127281,-74.0060152
2128,Meta,Menlo Park,San Francisco Bay Area,California,USA,North America,3600.0,2025-02-10,5.0,72000.0,68400.0,Consumer,Post-IPO,26000.0,2025,37.4519671,-122.177992
2129,Wise,Tampa Bay,other,Florida,USA,North America,300.0,2025-02-10,,,,Finance,Post-IPO,300.0,2025,27.6886419,-82.5723193
2130,Unity,San Francisco,San Francisco Bay Area,California,USA,North America,,2025-02-11,,,,Other,Post-IPO,1300.0,2025,37.7792588,-122.4193286
2131,Zepz,London,other,England,United Kingdom,Europe,200.0,2025-02-12,20.0,1000.0,800.0,Finance,Series E,700.0,2025,51.4893335,-0.144055085
2132,Getaround,San Francisco,San Francisco Bay Area,California,USA,North America,,2025-02-12,,,,Transportation,Series D,403.0,2025,37.7792588,-122.4193286
2133,Redfin,Seattle,Cascadia,Washington,USA,North America,46.0,2025-02-12,,,,Real Estate,Post-IPO,320.0,2025,47.6038321,-122.330062
2134,Blue Origin,Seattle,Cascadia,Washington,USA,North America,1000.0,2025-02-13,10.0,10000.0,9000.0,Aerospace,Unknown,167.0,2025,47.6038321,-122.330062
2135,Metro Africa Xpress,Lagos,other,non,Nigeria,Africa,150.0,2025-02-13,,,,Logistics,Unknown,64.0,2025,6.4550575,3.3941795
2136,Sophos,Oxford,other,England,USA,Europe,,2025-02-13,6.0,,,Security,Acquired,125.0,2025,51.7520131,-1.2578499
2137,Eviation Aircraft,Tel Aviv,other,non,Israel,Asia,,2025-02-14,,,,Aerospace,Acquired,140.0,2025,32.0852997,34.7818064
2138,Logically,Manchester,other,England,United Kingdom,Europe,40.0,2025-02-17,20.0,200.0,160.0,AI,Series A,37.0,2025,53.4794892,-2.2451148
2139,Vendease,Lagos,other,non,Nigeria,Africa,120.0,2025-02-19,44.0,273.0,153.0,Food,Series A,43.0,2025,6.4550575,3.3941795
2140,Riskified,New York City,other,New York,USA,North America,,2025-02-19,,,,Retail,Post-IPO,229.0,2025,40.7127281,-74.0060152
2141,SeatGeek,New York City,other,New York,USA,North America,150.0,2025-02-20,15.0,1000.0,850.0,Consumer,Series E,400.0,2025,40.7127281,-74.0060152
2142,Zendesk,San Francisco,San Francisco Bay Area,California,USA,North America,51.0,2025-02-21,,,,Support,Acquired,85.0,2025,37.7792588,-122.4193286
2143,Electriq Global,Tel Aviv,other,non,Israel,Asia,,2025-02-21,100.0,,0.0,Energy,Unknown,8.0,2025,32.0852997,34.7818064
2144,Ibotta,Denver,other,Colorado,USA,North America,70.0,2025-02-22,8.0,875.0,805.0,Retail,Post-IPO,93.0,2025,39.7392364,-104.984862
2145,NetEase,Tokyo,Tokyo,Tokyo,Japan,Asia,,2025-02-22,,,,Consumer,Post-IPO,,2025,35.6821936,139.762221
2146,HerMD,Cincinnati,other,Ohio,USA,North America,,2025-02-24,100.0,,0.0,Healthcare,Series A,28.0,2025,39.1014537,-84.5124602
2147,Skybox Security,San Jose,San Francisco Bay Area,California,USA,North America,300.0,2025-02-24,100.0,300.0,0.0,Security,Private Equity,335.0,2025,37.3361663,-121.890591
2148,Flywire,Boston,other,Massachusetts,USA,North America,125.0,2025-02-26,,,,Finance,Series E,263.0,2025,42.3554334,-71.060511
2149,eBay,Tel Aviv,other,non,Israel,Asia,20.0,2025-02-26,,,,Retail,Post-IPO,1200.0,2025,32.0852997,34.7818064
2150,Commercetools,Munich,other,Bayern,Germany,Europe,,2025-02-26,10.0,,,Retail,Series C,119.0,2025,48.1371079,11.5753822
2151,Dayforce,Toronto,other,Ontario,USA,North America,,2025-02-26,5.0,,,HR,Post-IPO,40.0,2025,43.6534817,-79.3839347
2152,Expedia,Seattle,Cascadia,Washington,USA,North America,,2025-02-26,,,,Travel,Post-IPO,3300.0,2025,47.6038321,-122.330062
2153,Autodesk,San Francisco,San Francisco Bay Area,California,USA,North America,1350.0,2025-02-27,9.0,15000.0,13650.0,Other,Post-IPO,,2025,37.7792588,-122.4193286
2154,Digimarc,Portland,Cascadia,Oregon,USA,North America,90.0,2025-02-27,40.0,225.0,135.0,Other,Post-IPO,105.0,2025,45.5202471,-122.674194
2155,Google,Mountain View,San Francisco Bay Area,California,USA,North America,,2025-02-27,,,,Consumer,Post-IPO,26.0,2025,37.3893889,-122.0832101
2156,Grubhub,San Francisco,San Francisco Bay Area,California,USA,North America,500.0,2025-02-28,23.0,2174.0,1674.0,Food,Acquired,284.0,2025,37.7792588,-122.4193286
2157,HP,Palo Alto,San Francisco Bay Area,California,USA,North America,2000.0,2025-02-28,,,,Hardware,Post-IPO,,2025,37.4443293,-122.1598465
2158,Automattic,San Francisco,San Francisco Bay Area,California,USA,North America,281.0,2025-03-02,16.0,1756.0,1475.0,Other,Series E,986.0,2025,37.7792588,-122.4193286
2159,ANS Commerce,Gurugram,other,Haryana,India,Asia,,2025-03-02,100.0,,0.0,Retail,Acquired,2.0,2025,28.4646148,77.0299194
2160,Ola Electric,Bengaluru,other,Karnataka,India,Asia,1000.0,2025-03-03,,,,Transportation,Post-IPO,1700.0,2025,12.98815675,77.62260004
2161,Rec Room,Seattle,Cascadia,Washington,USA,North America,,2025-03-03,16.0,,,Consumer,Series F,294.0,2025,47.6038321,-122.330062
2162,LiveRamp,San Francisco,San Francisco Bay Area,California,USA,North America,65.0,2025-03-05,5.0,1300.0,1235.0,Marketing,Post-IPO,16.0,2025,37.7792588,-122.4193286
2163,Hewlett Packard Enterprise,Palo Alto,San Francisco Bay Area,California,USA,North America,2500.0,2025-03-06,5.0,50000.0,47500.0,Hardware,Post-IPO,1400.0,2025,37.4443293,-122.1598465
2164,TikTok,Dublin,other,non,USA,Europe,300.0,2025-03-06,,,,Consumer,Acquired,,2025,53.3493795,-6.2605593
2165,Wayfair ,Boston,other,Massachusetts,Germany,North America,340.0,2025-03-07,,,,Retail,Post-IPO,1700.0,2025,42.3554334,-71.060511
2166,Zonar Systems,Seattle,Cascadia,Washington,USA,North America,,2025-03-09,,,,Logistics,Acquired,50.0,2025,47.6038321,-122.330062
2167,Arrival,London,other,England,United Kingdom,Europe,,2025-03-10,100.0,,0.0,Transportation,Post-IPO,629.0,2025,51.4893335,-0.144055085
2168,D-ID,Tel Aviv,other,non,Israel,Asia,22.0,2025-03-10,25.0,88.0,66.0,AI,Series B,48.0,2025,32.0852997,34.7818064
2169,ActiveFence,New York City,other,New York,USA,North America,22.0,2025-03-13,7.0,314.0,292.0,Security,Series B,100.0,2025,40.7127281,-74.0060152
2170,HelloFresh,Pleasanton,San Francisco Bay Area,California,USA,North America,273.0,2025-03-17,,,,Food,Post-IPO,367.0,2025,37.6624312,-121.8746789
2171,Otorio,Tel Aviv,other,non,Israel,Asia,45.0,2025-03-17,56.0,80.0,35.0,Security,Acquired,,2025,32.0852997,34.7818064
2172,Brightcove,Boston,other,Massachusetts,USA,North America,198.0,2025-03-19,33.0,600.0,402.0,Marketing,Acquired,145.0,2025,42.3554334,-71.060511
2173,Acxiom,Little Rock,other,Arkansas,USA,North America,130.0,2025-03-19,3.0,4333.0,4203.0,Marketing,Post-IPO,,2025,34.73499706,-92.32533203
2174,Block,Oakland,San Francisco Bay Area,California,USA,North America,931.0,2025-03-25,8.0,11638.0,10707.0,Finance,Post-IPO,150.0,2025,37.8044557,-122.271356
2175,Niantic,San Francisco,San Francisco Bay Area,California,USA,North America,68.0,2025-03-25,,,,Other,Series D,770.0,2025,37.7792588,-122.4193286
2176,Prefect,Washington DC,other,District of Columbia,USA,North America,20.0,2025-03-25,,,,Data,Series B,47.0,2025,38.8950368,-77.0365427
2177,Palantir,Denver,other,Colorado,USA,North America,120.0,2025-03-27,,,,Data,Post-IPO,3000.0,2025,39.7392364,-104.984862
2178,Canva,Sydney,other,New South Wales,Australia,Oceana,10.0,2025-03-31,,,,Consumer,Unknown,2500.0,2025,-33.8698439,151.2082848
2179,Northvolt,Stockholm,other,non,Sweden,Europe,2800.0,2025-03-31,62.0,4516.0,1716.0,Energy,Unknown,13800.0,2025,59.3251172,18.0710935
2180,2U,Washington DC,other,District of Columbia,USA,North America,,2025-03-31,,,,Education,Post-IPO,426.0,2025,38.8950368,-77.0365427
2181,WhyHive,Melbourne,other,Victoria,Australia,Oceana,,2025-04-02,100.0,,0.0,Data,Seed,,2025,-37.8142454,144.9631732
2182,Automattic,San Francisco,San Francisco Bay Area,California,USA,North America,281.0,2025-04-02,16.0,1756.0,1475.0,Other,Series E,986.0,2025,37.7792588,-122.4193286
2183,Canva,Sydney,other,New South Wales,Australia,Oceana,10.0,2025-04-02,,,,Consumer,Unknown,2500.0,2025,-33.8698439,151.2082848
2184,Five9,San Ramon,San Francisco Bay Area,California,USA,North America,123.0,2025-04-03,4.0,3075.0,2952.0,Support,Post-IPO,862.0,2025,37.77466357,-121.9734961
2185,Tract,London,other,England,United Kingdom,Europe,,2025-04-03,,,,Real Estate,Unknown,,2025,51.4893335,-0.144055085
2186,Coho AI,Tel Aviv,other,non,Israel,Asia,,2025-04-06,100.0,,0.0,Sales,Seed,8.0,2025,32.0852997,34.7818064
2187,Wing Cloud,Tel Aviv,other,non,Israel,Asia,,2025-04-09,100.0,,0.0,Infrastructure,Seed,,2025,32.0852997,34.7818064
2188,Marin Software,San Francisco,San Francisco Bay Area,California,USA,North America,,2025-04-20,100.0,,0.0,Marketing,Post-IPO,99.0,2025,37.7792588,-122.4193286
2189,NetApp,San Jose,San Francisco Bay Area,California,USA,North America,700.0,2025-04-20,6.0,11667.0,10967.0,Data,Post-IPO,,2025,37.3361663,-121.890591
2190,Google,Mountain View,San Francisco Bay Area,California,USA,North America,,2025-04-21,,,,Consumer,Post-IPO,26.0,2025,37.3893889,-122.0832101
2191,Forto,Berlin,other,Berlin,USA,Europe,200.0,2025-04-22,,,,Logistics,Series D,593.0,2025,52.5170365,13.3888599
2192,Intel,Sacramento,other,California,USA,North America,22000.0,2025-04-23,20.0,110000.0,88000.0,Hardware,Post-IPO,12.0,2025,38.5810606,-121.493895
2193,Meta,Menlo Park,San Francisco Bay Area,California,USA,North America,100.0,2025-04-24,,,,Consumer,Post-IPO,26000.0,2025,37.4519671,-122.177992
2194,Sonder,San Francisco,San Francisco Bay Area,California,USA,North America,,2025-04-24,,,,Travel,Post-IPO,839.0,2025,37.7792588,-122.4193286
2195,SambaNova,Palo Alto,San Francisco Bay Area,California,USA,North America,77.0,2025-04-25,15.0,513.0,436.0,AI,Series D,1100.0,2025,37.4443293,-122.1598465
2196,GupShup,Fremont,San Francisco Bay Area,California,India,North America,200.0,2025-04-25,,,,Other,Series F,484.0,2025,37.5482697,-121.988571
2197,Smashing,San Francisco,San Francisco Bay Area,California,USA,North America,7.0,2025-04-26,100.0,7.0,0.0,Consumer,Seed,3.0,2025,37.7792588,-122.4193286
2198,AppLovin,Palo Alto,San Francisco Bay Area,California,USA,North America,97.0,2025-04-26,,,,Marketing,Post-IPO,1600.0,2025,37.4443293,-122.1598465
2199,Turo,San Francisco,San Francisco Bay Area,California,USA,North America,150.0,2025-04-26,17.0,882.0,732.0,Transportation,Series E,467.0,2025,37.7792588,-122.4193286
2200,Cars24,Gurugram,other,Haryana,India,Asia,200.0,2025-04-26,,,,Transportation,Series G,1300.0,2025,28.4646148,77.0299194
2201,Zopper,Noida,other,Uttar Pradesh,India,Asia,100.0,2025-04-27,,,,Finance,Series D,125.0,2025,28.5706333,77.3272147
2202,Expedia,Seattle,Cascadia,Washington,USA,North America,,2025-04-28,3.0,,,Travel,Post-IPO,3300.0,2025,47.6038321,-122.330062
2203,Spotter,Los Angeles,other,California,USA,North America,,2025-04-28,,,,Other,Unknown,238.0,2025,34.0536909,-118.242766
2204,Tomorrow,Seattle,Cascadia,Washington,USA,North America,,2025-04-28,100.0,,0.0,Hardware,Unknown,,2025,47.6038321,-122.330062
2205,Electronic Arts,Redwood City,San Francisco Bay Area,California,USA,North America,300.0,2025-04-29,,,,Consumer,Post-IPO,2.0,2025,37.4863239,-122.232523
2206,Stem,San Francisco,San Francisco Bay Area,California,USA,North America,,2025-04-29,27.0,,,Energy,Post-IPO,583.0,2025,37.7792588,-122.4193286
2207,Bench,San Francisco,San Francisco Bay Area,California,USA,North America,,2025-05-01,,,,Finance,Acquired,109.0,2025,37.7792588,-122.4193286
2208,Beam,Bristol,other,England,United Kingdom,Europe,200.0,2025-05-01,100.0,200.0,0.0,Other,Unknown,,2025,51.4538022,-2.5972985
2209,Log 9 Materials,Bengaluru,other,Karnataka,India,Asia,,2025-05-02,100.0,,0.0,Manufacturing,Series B,32.0,2025,12.98815675,77.62260004
2210,Deep Instinct,Tel Aviv,other,non,Israel,Asia,20.0,2025-05-04,10.0,200.0,180.0,Security,Unknown,322.0,2025,32.0852997,34.7818064
2211,GenWise,New Delhi,other,Delhi,India,Asia,15.0,2025-05-05,20.0,75.0,60.0,Other,Seed,3.0,2025,28.6138954,77.2090057
2212,General Fusion,Vancouver,Cascadia,British Columbia,Canada,North America,,2025-05-05,25.0,,,Energy,Unknown,370.0,2025,49.2608724,-123.113952
2213,OpenText,Waterloo,other,Ontario,Canada,North America,1600.0,2025-05-06,,,,Data,Post-IPO,1100.0,2025,43.4652699,-80.5222961
2214,CrowdStrike,San Francisco,San Francisco Bay Area,California,USA,North America,500.0,2025-05-07,5.0,10000.0,9500.0,Security,Post-IPO,1200.0,2025,37.7792588,-122.4193286
2215,Match Group,New York City,other,New York,USA,North America,325.0,2025-05-08,13.0,2500.0,2175.0,Consumer,Post-IPO,,2025,40.7127281,-74.0060152
2216,Builder.ai,London,other,England,USA,Europe,,2025-05-20,100.0,,0.0,AI,Series D,445.0,2025,51.4893335,-0.144055085
2217,Luminar,Orlando,other,Florida,USA,North America,,2025-05-20,,,,Transportation,Post-IPO,780.0,2025,28.5421109,-81.3790304
2218,Hims & Hers,San Francisco,San Francisco Bay Area,California,USA,North America,68.0,2025-05-20,4.0,1700.0,1632.0,Healthcare,Post-IPO,1200.0,2025,37.7792588,-122.4193286
2219,Climeworks,Zurich,other,non,Switzerland,Europe,106.0,2025-05-21,22.0,482.0,376.0,Energy,Private Equity,734.0,2025,47.3744489,8.5410422
2220,LeddarTech,Quebec,other,Quebec,Canada,North America,138.0,2025-05-22,95.0,145.0,7.0,Transportation,Post-IPO,402.0,2025,46.81228,-71.21454
2221,Chegg,Santa Clara,San Francisco Bay Area,California,USA,North America,248.0,2025-05-22,22.0,1127.0,879.0,Education,Post-IPO,227.0,2025,37.354107,-121.955238
2222,Otipy,New Delhi,other,Delhi,India,Asia,300.0,2025-05-23,100.0,300.0,0.0,Food,Series B,44.0,2025,28.6138954,77.2090057
2223,Microsoft,Seattle,Cascadia,Washington,USA,North America,6000.0,2025-05-23,3.0,200000.0,194000.0,Other,Post-IPO,1.0,2025,47.6038321,-122.330062
2224,Amazon,Seattle,Cascadia,Washington,USA,North America,100.0,2025-05-24,,,,Retail,Post-IPO,8100.0,2025,47.6038321,-122.330062
2225,GroundGame Health,Tampa Bay,other,Florida,USA,North America,97.0,2025-05-25,,,,Healthcare,Series A,17.0,2025,27.6886419,-82.5723193
2226,Noogata,Tel Aviv,other,non,Israel,Asia,10.0,2025-05-25,100.0,10.0,0.0,AI,Series A,28.0,2025,32.0852997,34.7818064
2227,nCino,Wilmington,other,Delaware,USA,North America,,2025-05-27,7.0,,,Finance,Post-IPO,1100.0,2025,39.7459468,-75.546589
2228,Cars24,Gurugram,other,Haryana,India,Asia,120.0,2025-05-27,,,,Transportation,Series G,1300.0,2025,28.4646148,77.0299194
2229,eBay,Tel Aviv,other,non,Israel,Asia,200.0,2025-05-28,,,,Retail,Post-IPO,1200.0,2025,32.0852997,34.7818064
2230,VerSe Innovation copy,Bengaluru,other,Karnataka,India,Asia,350.0,2025-05-28,,,,Media,Series J,1700.0,2025,12.98815675,77.62260004
2231,Business Insider,New York City,other,New York,USA,North America,,2025-05-29,20.0,0.0,0.0,Media,Acquired,56.0,2025,40.7127281,-74.0060152
2232,Blink Charging,Baltimore,other,Maryland,USA,North America,,2025-05-29,20.0,,,Other,Post-IPO,110.0,2025,39.2908816,-76.610759
2233,Microsoft,Seattle,Cascadia,Washington,USA,North America,305.0,2025-06-02,3.0,10167.0,9862.0,Other,Post-IPO,1.0,2025,47.6038321,-122.330062
2234,Airtime,New York City,other,New York,USA,North America,25.0,2025-06-04,43.0,58.0,33.0,Consumer,Series B,33.0,2025,40.7127281,-74.0060152
2235,Playtika,Tel Aviv,other,non,Israel,Asia,90.0,2025-06-05,,,,Consumer,Post-IPO,,2025,32.0852997,34.7818064
2236,ZoomInfo,Vancouver,Cascadia,British Columbia,USA,North America,150.0,2025-06-09,4.0,3750.0,3600.0,Sales,Post-IPO,7.0,2025,49.2608724,-123.113952
2237,Salto,Tel Aviv,other,non,Israel,Asia,30.0,2025-06-20,50.0,60.0,30.0,Other,Series B,69.0,2025,32.0852997,34.7818064
2238,Khoros,Austin,other,Texas,USA,North America,116.0,2025-06-20,,,,Sales,Private Equity,138.0,2025,30.2711286,-97.7436995
2239,Google,Mountain View,San Francisco Bay Area,California,USA,North America,75.0,2025-06-24,,,,Consumer,Post-IPO,26.0,2025,37.3893889,-122.0832101
2240,Intel,Sacramento,other,California,USA,North America,,2025-06-24,,,,Hardware,Post-IPO,12.0,2025,38.5810606,-121.493895
2241,Microsoft,Seattle,Cascadia,Washington,USA,North America,,2025-06-24,,,,Other,Post-IPO,1.0,2025,47.6038321,-122.330062
2242,Pluralsight,Salt Lake City,other,Utah,USA,North America,,2025-06-24,17.0,,,Education,Acquired,192.0,2025,40.7596198,-111.886797
2243,Klue,Vancouver,Cascadia,British Columbia,USA,North America,85.0,2025-06-25,40.0,213.0,128.0,Sales,Series B,83.0,2025,49.2608724,-123.113952
2244,Bumble,Austin,other,Texas,USA,North America,240.0,2025-06-25,30.0,800.0,560.0,Consumer,Post-IPO,313.0,2025,30.2711286,-97.7436995
2245,Rivian,Los Angeles,other,California,USA,North America,140.0,2025-06-26,1.0,14000.0,13860.0,Transportation,Post-IPO,10700.0,2025,34.0536909,-118.242766
2246,Sabi,Lagos,other,non,Nigeria,Africa,50.0,2025-06-29,20.0,250.0,200.0,Retail,Series B,66.0,2025,6.4550575,3.3941795
2247,Okra,Lagos,other,non,Nigeria,Africa,,2025-07-02,100.0,,,Finance,,,2025,6.4550575,3.3941795
2248,retrain.ai,New York City,other,New York,USA,North America,20.0,2025-07-02,,,,Software Development,,,2025,40.7127281,-74.0060152
2249,Microsoft,Seattle,Cascadia,Washington,USA,North America,9000.0,2025-07-02,4.0,225000.0,216000.0,Other,Post-IPO,1.0,2025,47.6038321,-122.330062
2250,TikTok,Dublin,other,non,USA,Europe,,2025-07-02,,,,Consumer,Acquired,,2025,53.3493795,-6.2605593
2251,Subtl AI,Hyderabad,other,Telangana,India,Asia,,2025-07-07,100.0,,,AI,,,2025,17.42124912,78.38876713
2252,Nayax,Herzliya,other,non,Israel,Asia,70.0,2025-07-07,,,,Fintech,,,2025,32.17527727,34.8295478
2253,ByteDance,Seattle,Cascadia,Washington,USA,North America,65.0,2025-07-07,,,,Software Development,,,2025,47.6038321,-122.330062
2254,Eigen Labs,Seattle,Cascadia,Washington,USA,North America,,2025-07-08,25.0,,,Software Development,,,2025,47.6038321,-122.330062
2255,Intel,Portland,Cascadia,Oregon,USA,North America,500.0,2025-07-08,,,,Semiconductor Manufacturing,,,2025,45.5202471,-122.674194
2256,Recruit Holdings ( Indeed. Glassdoor),Austin,other,Texas,USA,North America,1300.0,2025-07-10,,,,Job Search,,,2025,30.2711286,-97.7436995
2257,Sony,Tel Aviv,other,non,Israel,Asia,100.0,2025-07-11,,,,Electronics,,,2025,32.0852997,34.7818064
2258,King,London,other,England,UK,Europe,200.0,2025-07-14,,,,Gaming,,,2025,51.4893335,-0.144055085
2259,FIS,Bellevue,other,Washington,USA,North America,133.0,2025-07-15,,,,FinTech,,,2025,47.59346795,-122.1908777
2260,Syqe Medical,Tel Aviv,other,non,Israel,Asia,50.0,2025-07-16,32.0,156.0,106.0,Biotechnology Research,,,2025,32.0852997,34.7818064
2261,Scale AI,San Francisco,San Francisco Bay Area,California,USA,North America,200.0,2025-07-16,14.0,1429.0,1229.0,Software Development,,,2025,37.7792588,-122.4193286
2262,Lenovo,Morrisville,other,North Carolina,USA,North America,,2025-07-16,3.0,,,IT Services and IT Consulting,,,2025,35.81625936,-78.83488419
2263,CDW,Vernon Hills,other,Illinois,USA,North America,,2025-07-16,,,,IT Services and IT Consulting,,,2025,42.23694183,-87.96305673
2264,JAMF,Minneapolis,other,Minnesota,USA,North America,,2025-07-16,6.0,,,Enterprise Apple device management,,,2025,44.9772995,-93.2654692
2265,Amazon,San Francisco,San Francisco Bay Area,California,USA,North America,,2025-07-17,,,,Software Development,,,2025,37.7792588,-122.4193286
2266,Intel,Santa Clara,San Francisco Bay Area,California,USA,North America,5000.0,2025-07-17,,,,Semiconductor Manufacturing,,,2025,37.354107,-121.955238
2267,Rocket Companies,Detroit,other,Michigan,USA,North America,,2025-07-21,2.0,,,Financial Services,,,2025,42.3315509,-83.0466403
2268,Supermassive Games,Guildford,other,England,UK,Europe,36.0,2025-07-22,,,,Computer games,,,2025,51.23546777,-0.568472361
2269,1047 Games,Zephyr Cove,other,Nevada,USA,North America,,2025-07-22,,,,Game studio,,,2025,39.0028732,-119.9373755
2270,ConsenSys,New York City,other,New York,USA,North America,47.0,2025-07-22,7.0,671.0,624.0,Crypto,,,2025,40.7127281,-74.0060152
2271,Zeen,San Francisco,San Francisco Bay Area,California,USA,North America,,2025-07-22,100.0,,0.0,Social media startup,,,2025,37.7792588,-122.4193286
2272,PlaxidityX,Ramat Gan,other,non,Israel,Asia,65.0,2025-07-23,,,,Vehicle Cybersecurity,,,2025,32.0626954,34.8256007
2273,Tipalti,Tel Aviv,other,non,Israel,Asia,,2025-07-24,,,,Financial Services,,,2025,32.0852997,34.7818064
2274,Ohm Mobility,Bengaluru,other,Karnataka,India,Asia,,2025-07-25,100.0,,,EV financing platform,,,2025,12.98815675,77.62260004
2275,Phase,Berlin,other,Berlin,Germany,Europe,30.0,2025-07-25,100.0,30.0,0.0,The Animation Tool for UI/UX Designers.,,,2025,52.5170365,13.3888599
2276,TCS,Mumbai,other,Maharashtra,India,Asia,12000.0,2025-07-27,2.0,600000.0,588000.0,IT Services and IT Consulting,,,2025,19.0785451,72.878176
2277,Krutrim,Bengaluru,other,Karnataka,India,Asia,100.0,2025-07-28,,,,AI. made in India. for the world.,,,2025,12.98815675,77.62260004
2278,Eyeo,Berlin,other,Berlin,Germany,Europe,,2025-07-28,40.0,,,Technology. Information and Internet,,,2025,52.5170365,13.3888599
2279,Atlassian,Sydney,other,New South Wales,Australia,Oceana,150.0,2025-07-30,,,,Software Development,,,2025,-33.8698439,151.2082848
2280,AstrumU,Bellevue,other,Washington,USA,North America,,2025-07-31,100.0,,0.0,Worker skills intelligence startup,,,2025,47.59346795,-122.1908777
2281,Lido Finance,George Town,other,non,Cayman Islands,North America,,2025-08-03,15.0,,,Finance,,,2025,19.29571393,-81.38006692
2282,Microsoft,Seattle,Cascadia,Washington,USA,North America,40.0,2025-08-04,,,,Software Development,,,2025,47.6038321,-122.330062
2283,Amazon,Seattle,Cascadia,Washington,USA,North America,110.0,2025-08-04,,,,Software Development,,,2025,47.6038321,-122.330062
2284,Cognition,San Francisco,San Francisco Bay Area,California,USA,North America,30.0,2025-08-05,,,,Software Development,,,2025,37.7792588,-122.4193286
2285,Yotpo,New York City,other,New York,USA,North America,200.0,2025-08-05,34.0,588.0,,Marketing,,,2025,40.7127281,-74.0060152
2286,Peloton,New York City,other,New York,USA,North America,,2025-08-07,6.0,,,Wellness and Fitness Services,,,2025,40.7127281,-74.0060152
2287,Kaltura,New York City,other,New York,USA,North America,70.0,2025-08-07,10.0,700.0,,Media,,,2025,40.7127281,-74.0060152
2288,TikTok,Berlin,other,Berlin,Germany,Europe,150.0,2025-08-10,,,,Video-sharing social network,,,2025,52.5170365,13.3888599
2289,Bithell Games,Suffolk,other,England,UK,Europe,11.0,2025-08-11,,,,Computer Games,,,2025,52.03652146,0.730925301
2290,Micron Technology,Shanghai,other,non,China,Asia,,2025-08-12,,,,Computer memory,,,2025,31.2312707,121.4700152
2291,Altera (Intel),San Jose,San Francisco Bay Area,California,USA,North America,82.0,2025-08-12,,,,Semiconductor Manufacturing,,,2025,37.3361663,-121.890591
2292,F5,Seattle,Cascadia,Washington,USA,North America,106.0,2025-08-13,,,,Networking and security,,,2025,47.6038321,-122.330062
2293,Amdocs,Ra'anana,other,non,Israel,Asia,4500.0,2025-08-13,100.0,4500.0,0.0,Software Development,,,2025,32.1860244,34.8678359
2294,Oracle,Seattle,Cascadia,Washington,USA,North America,150.0,2025-08-14,,,,Cloud Technology Company,,,2025,47.6038321,-122.330062
2295,Oracle,Bengaluru,other,Karnataka,India,Asia,3000.0,2025-08-22,,,,Cloud technology,,,2025,12.98815675,77.62260004
2296,BeepKart,Bengaluru,other,Karnataka,India,Asia,,2025-08-23,100.0,,0.0,Automotive,,,2025,12.98815675,77.62260004
2297,TechWerks,Arlington,other,Texas,USA,North America,87.0,2025-08-24,,,,IT Services and IT Consulting,,,2025,32.72913084,-97.11012249
2298,Tokopedia,Jakarta,other,non,Indonesia,Asia,420.0,2025-08-25,,,,E-commerce,,,2025,-6.175247,106.8270488
2299,Krutrim,Bengaluru,other,Karnataka,India,Asia,50.0,2025-09-01,,,,AI,,,2025,12.98815675,77.62260004
2300,Mobile Premier League,Bengaluru,other,Karnataka,India,Asia,300.0,2025-09-01,,,,Gaming,,,2025,12.98815675,77.62260004
2301,Games 24x7,Mumbai,other,Maharashtra,India,Asia,400.0,2025-09-01,,,,Gaming,,,2025,19.0785451,72.878176
2302,Salesforce,San Francisco,San Francisco Bay Area,California,USA,North America,4000.0,2025-09-02,,,,Software Development,,,2025,37.7792588,-122.4193286
2303,Dreamhaven,Irvine,other,California,USA,North America,,2025-09-03,,,,Computer Games,,,2025,33.67174019,-117.8029151
2304,theGist,Tel Aviv,other,non,Israel,Asia,,2025-09-03,100.0,,0.0,AI startup,,,2025,32.0852997,34.7818064
2305,Bobble AI,Gurugram,other,Haryana,India,Asia,50.0,2025-09-04,,,,Conversation Media Platform,,,2025,28.4646148,77.0299194
2306,Head Digital Works,Hyderabad,other,Telangana,India,Asia,500.0,2025-09-04,,,,Online Gaming,,,2025,17.42124912,78.38876713
2307,Oracle,San Francisco,San Francisco Bay Area,California,USA,North America,254.0,2025-09-04,,,,IT Services and IT Consulting,,,2025,37.7792588,-122.4193286
2308,Gupshup,San Francisco,San Francisco Bay Area,California,USA,North America,100.0,2025-09-04,,,,IT Services and IT Consulting,,,2025,37.7792588,-122.4193286
2309,2K,Novato,San Francisco Bay Area,California,USA,North America,,2025-09-04,,,,Computer Games,,,2025,38.08222498,-122.561957
2310,New Computer (Dot),Las Vegas,other,Nevada,USA,North America,,2025-09-05,100.0,,0.0,AI companion app,,,2025,36.1672559,-115.148516
2311,Scope3,New York City,other,New York,USA,North America,,2025-09-05,,,,Software Development,,,2025,40.7127281,-74.0060152
2312,Microsoft,Seattle,Cascadia,Washington,USA,North America,42.0,2025-09-08,,,,Software Development,,,2025,47.6038321,-122.330062
2313,Oracle,Austin,other,Texas,USA,North America,3000.0,2025-09-09,,,,IT Services and IT Consulting,,,2025,30.2711286,-97.7436995
2314,Scale,San Francisco,San Francisco Bay Area,California,USA,North America,12.0,2025-09-09,,,,Software Development,,,2025,37.7792588,-122.4193286
2315,Verbit,New York City,other,New York,USA,North America,22.0,2025-09-10,,,,AI transcription and captioning,,,2025,40.7127281,-74.0060152
2316,Atlassian,Sydney,other,New South Wales,Australia,Oceana,200.0,2025-09-10,,,,Software Development,,,2025,-33.8698439,151.2082848
2317,Ubisoft,Paris,other,non,France,Europe,9.0,2025-09-10,,,,Computer Games,,,2025,48.8588897,2.320041022
2318,Zupee,Gurugram,other,Haryana,India,Asia,170.0,2025-09-11,30.0,567.0,397.0,Entertainment Providers,,,2025,28.4646148,77.0299194
2319,Natcast,Las Vegas,other,Nevada,USA,North America,,2025-09-11,,,,Advancement of Semiconductor Technology,,,2025,36.1672559,-115.148516
2320,xAI,Palo Alto,San Francisco Bay Area,California,USA,North America,500.0,2025-09-13,,,,Technology. Information and Internet,,,2025,37.4443293,-122.1598465
2321,Hike,New Delhi,other,Delhi,India,Asia,,2025-09-13,100.0,,0.0,Gaming,,,2025,28.6138954,77.2090057
2322,Sorbet,Tel Aviv,other,non,Israel,Asia,,2025-09-14,,,,Fintech,,,2025,32.0852997,34.7818064
2323,Fiverr,Tel Aviv,other,non,Israel,Asia,250.0,2025-09-15,30.0,833.0,583.0,Freelance services marketplace,,,2025,32.0852997,34.7818064
2324,ZipRecruiter,Tel Aviv,other,non,Israel,Asia,80.0,2025-09-16,,,,Employment Marketplace,,,2025,32.0852997,34.7818064
2325,Google,Mountain View,San Francisco Bay Area,California,USA,North America,200.0,2025-09-16,,,,Software Development,,,2025,37.3893889,-122.0832101
2326,Olo,New York City,other,New York,USA,North America,,2025-09-17,,,,Software Development,,,2025,40.7127281,-74.0060152
2327,Gameskraft,Bengaluru,other,Karnataka,India,Asia,120.0,2025-09-18,,,,Online gaming,,,2025,12.98815675,77.62260004
2328,Agoda,Singapore,other,non,Singapore,Asia,50.0,2025-09-18,,,,Online travel agency and search engine,,,2025,1.2899175,103.8519072
2329,SoftBank,Minato,Tokyo,Tokyo,Japan,Asia,,2025-09-19,20.0,,,Venture capital fund,,,2025,35.63764305,139.7295584
2330,Snorkel AI,Redwood City,San Francisco Bay Area,California,USA,North America,31.0,2025-09-21,13.0,238.0,207.0,Software Development,,,2025,37.4863239,-122.232523
2331,Accenture,Dublin,other,non,Ireland,Europe,11000.0,2025-09-27,,,,Business Consulting and Services,,,2025,53.3493795,-6.2605593
2332,Simpl,Bengaluru,other,Karnataka,India,Asia,80.0,2025-10-01,,,,Consumer Services,,,2025,12.98815675,77.62260004
2333,Smartsheet,Bellevue,other,Washington,USA,North America,,2025-10-01,,,,Software Development,,,2025,47.59346795,-122.1908777
2334,Paycom,Oklahoma City,other,Oklahoma,USA,North America,500.0,2025-10-01,,,,HR and payroll software,,,2025,35.44319525,-97.512198
2335,Google,Mountain View,San Francisco Bay Area,California,USA,North America,100.0,2025-10-01,,,,Software Development,,,2025,37.3893889,-122.0832101
2336,Starbreeze Entertainment,Stockholm,other,non,Sweden,Europe,44.0,2025-10-02,,,,Computer Games,,,2025,59.3251172,18.0710935
2337,Texas Instruments,Dallas,other,Texas,USA,North America,163.0,2025-10-02,,,,Semiconductor Manufacturing,,,2025,32.7762719,-96.7968559
2338,Google,Sunnyvale,San Francisco Bay Area,California,USA,North America,50.0,2025-10-02,,,,Software Development,,,2025,37.3688301,-122.036349
2339,Heart Machine,Los Angeles,other,California,USA,North America,,2025-10-09,,,,Gaming,,,2025,34.0536909,-118.242766
2340,HP,Ra'anana,other,non,Israel,Asia,100.0,2025-10-12,,,,IT Services and IT Consulting,,,2025,32.1860244,34.8678359
2341,AccelerEd,Bethesda,other,Maryland,USA,North America,108.0,2025-10-15,100.0,108.0,0.0,Higher Education Industry,,,2025,38.9626279,-77.08155546
2342,Bill,San Jose,San Francisco Bay Area,California,USA,North America,,2025-10-15,6.0,,,Software Development,,,2025,37.3361663,-121.890591
2343,Tia,San Francisco,San Francisco Bay Area,California,USA,North America,72.0,2025-10-18,23.0,313.0,241.0,Healthcare,,,2025,37.7792588,-122.4193286
2344,Ludeo,El Segundo,other,California,USA,North America,25.0,2025-10-20,50.0,50.0,25.0,Computer Games,,,2025,33.91462502,-118.4071838
2345,Rovio,Espoo,other,non,Finland,Europe,36.0,2025-10-21,,,,Computer Games,,,2025,60.2047672,24.6568435
2346,Meta,Menlo Park,San Francisco Bay Area,California,USA,North America,600.0,2025-10-22,,,,Software Development,,,2025,37.4519671,-122.177992
2347,Kaseya,Miami,other,Florida,USA,North America,200.0,2025-10-23,,,,Software Development,,,2025,25.7741728,-80.19362
2348,Robin AI,London,other,England,UK,Europe,,2025-10-24,33.0,,,Legal Intelligence,,,2025,51.4893335,-0.144055085
2349,Hootsuite,Vancouver,Cascadia,British Columbia,Canada,North America,,2025-10-27,20.0,,,Social media management,,,2025,49.2608724,-123.113952
2350,Amazon,Seattle,Cascadia,Washington,USA,North America,30000.0,2025-10-28,,,,E-commerce,,,2025,47.6038321,-122.330062
2351,Chegg,Santa Clara,San Francisco Bay Area,California,USA,North America,388.0,2025-10-28,45.0,862.0,474.0,Higher Education,,,2025,37.354107,-121.955238
2352,Zepto,Bengaluru,other,Karnataka,India,Asia,150.0,2025-10-29,,,,Technology. Information and Internet,,,2025,12.98815675,77.62260004
2353,Applied Materials,Santa Clara,San Francisco Bay Area,California,USA,North America,1400.0,2025-10-29,4.0,35000.0,33600.0,Semiconductor Manufacturing,,,2025,37.354107,-121.955238
2354,NTT Data,Tokyo,Tokyo,Tokyo,Japan,Asia,108.0,2025-10-31,,,,IT Services and IT Consulting,,,2025,35.6821936,139.762221
2355,Luminar,Orlando,other,Florida,USA,North America,,2025-10-31,25.0,,,Automotive Technology,,,2025,28.5421109,-81.3790304
2356,Rockstar Games,New York City,other,New York,USA,North America,35.0,2025-11-01,,,,Computer Games,,,2025,40.7127281,-74.0060152
2357,IBM,New York City,other,New York,USA,North America,,2025-11-04,,,,IT Services and IT Consulting,,,2025,40.7127281,-74.0060152
2358,Tripadvisor,Needham,other,Massachusetts,USA,North America,,2025-11-04,,,,Travel Guidance Platform,,,2025,42.27954673,-71.2468039
2359,Porter,Bengaluru,other,Karnataka,India,Asia,350.0,2025-11-04,18.0,1944.0,1594.0,Logistic,,,2025,12.98815675,77.62260004
2360,HP,Houston,other,Texas,USA,North America,52.0,2025-11-05,,,,IT Services and IT Consulting,,,2025,29.72479255,-95.32954337
2361,MyBambu,Memphis,other,Tennessee,USA,North America,141.0,2025-11-05,100.0,141.0,0.0,Financial Services,,,2025,35.1460249,-90.0517638
2362,Indeed,Austin,other,Texas,USA,North America,,2025-11-06,,,,Recruiting Platform,,,2025,30.2711286,-97.7436995
2363,Axonius,New York City,other,New York,USA,North America,100.0,2025-11-06,11.0,909.0,809.0,Cybersecurity,,,2025,40.7127281,-74.0060152
2364,SAS,Cary,other,North Carolina,USA,North America,400.0,2025-11-09,,,,Software Development,,,2025,35.7749584,-78.79001532
2365,Sonder,San Francisco,San Francisco Bay Area,California,USA,North America,,2025-11-10,100.0,,,Hospitality,,,2025,37.7792588,-122.4193286
2366,GamesKraft,Bengaluru,other,Karnataka,India,Asia,280.0,2025-11-10,,,,Online Gaming,,,2025,12.98815675,77.62260004
2367,Deepwatch,Tampa,other,Florida,USA,North America,80.0,2025-11-12,,,,Cybersecurity,,,2025,27.9477595,-82.458444
2368,Synopsys,Sunnyvale,San Francisco Bay Area,California,USA,North America,2000.0,2025-11-13,10.0,20000.0,18000.0,Software Development,,,2025,37.3688301,-122.036349
2369,Verizon,New York City,other,New York,USA,North America,15000.0,2025-11-13,,,,Telecommunication,,,2025,40.7127281,-74.0060152
2370,AI Fleet,Austin,other,Texas,USA,North America,,2025-11-13,,,,Transportation,,,2025,30.2711286,-97.7436995
2371,Bitdefender,Bucharest,other,non,Romania,Europe,,2025-11-13,7.0,,,Cybersecurity,,,2025,44.43917757,26.07814862
2372,Crystal Dynamics,San Mateo,San Francisco Bay Area,California,USA,North America,30.0,2025-11-14,,,,Game Studio,,,2025,37.496904,-122.3330573
2373,Flipkart,Tel Aviv,other,non,Israel,Asia,40.0,2025-11-16,,,,e-commerce,,,2025,32.0852997,34.7818064
2374,Fanatics,New York City,other,New York,USA,North America,280.0,2025-11-17,,,,Sports Platform,,,2025,40.7127281,-74.0060152
2375,Playtika,Herzliya,other,non,Israel,Asia,800.0,2025-11-17,20.0,4000.0,3200.0,Computer Games,,,2025,32.17527727,34.8295478
2376,Cisco,San Jose,San Francisco Bay Area,California,USA,North America,,2025-11-18,,,,Software Development,,,2025,37.3361663,-121.890591
2377,Couchbase,San Jose,San Francisco Bay Area,California,USA,North America,50.0,2025-11-18,,,,Software Development,,,2025,37.3361663,-121.890591
2378,PitchBook,Seattle,Cascadia,Washington,USA,North America,,2025-11-18,,,,Venture Capital and Private Equity Principals,,,2025,47.6038321,-122.330062
2379,Pipe,San Francisco,San Francisco Bay Area,California,USA,North America,200.0,2025-11-18,50.0,400.0,200.0,Finance,,,2025,37.7792588,-122.4193286
2380,Pleo,Copenhagen,other,non,Denmark,Europe,100.0,2025-11-19,,,,Financial Services,,,2025,55.6867243,12.5700724
2381,ezCater,Boston,other,Massachusetts,USA,North America,40.0,2025-11-21,,,,Business catering,,,2025,42.3554334,-71.060511
2382,TheScore,Toronto,other,Ontario,Canada,North America,,2025-11-21,,,,Spectator Sports,,,2025,43.6534817,-79.3839347
2383,Amazon,Seattle,Cascadia,Washington,USA,North America,14000.0,2025-11-22,,,,Software Development,,,2025,47.6038321,-122.330062
2384,Shopify,Ottawa,other,Ontario,Canada,North America,,2025-11-25,,,,E-commerce,,,2025,45.4208777,-75.6901106
2385,Apple,Cupertino,San Francisco Bay Area,California,USA,North America,,2025-11-25,,,,Computers and Electronics Manufacturing,,,2025,37.3228934,-122.0322895
2386,HP,Palo Alto,San Francisco Bay Area,California,USA,North America,6000.0,2025-11-26,,,,IT Services and IT Consulting,,,2025,37.4443293,-122.1598465
2387,Thunderful Group,Gothenburg,other,non,Sweden,Europe,60.0,2025-11-26,,,,Computer Games,,,2025,57.7072326,11.9670171
2388,McKinsey,New York City,other,New York,USA,North America,200.0,2025-11-26,,,,Business Consulting and Services,,,2025,40.7127281,-74.0060152
2389,Haomo.AI,Beijing,other,non,China,Asia,,2025-11-28,100.0,,0.0,Autonomous Driving Company,,,2025,39.916668,116.383331
2390,Covalen,Dublin,other,non,Ireland,Europe,400.0,2025-11-28,,,,Outsourcing and Offshoring Consulting,,,2025,53.3493795,-6.2605593
2391,TCS,Mumbai,other,Maharashtra,India,Asia,365.0,2025-12-01,,,,IT Services and IT Consulting,,,2025,19.0785451,72.878176
2392,Aqua Security,Burlington,other,Vermont,USA,North America,,2025-12-01,,,,Computer and Network Security,,,2025,44.4761601,-73.212906
2393,Eidos-Montreal,Montreal,other,Quebec,Canada,North America,,2025-12-02,,,,Gaming,,,2025,45.5031824,-73.5698065
2394,Panasonic,Kadoma,Osaka,Osaka,Japan,Asia,70.0,2025-12-02,,,,Appliances. Electrical. and Electronics Manufacturing,,,2025,34.73753566,135.5975462
2395,Outright Games,London Colney,other,England,UK,Europe,27.0,2025-12-02,,,,Computer games,,,2025,51.71608671,-0.28567614
2396,Cellebrite,Petah Tikva,other,non,Israel,Europe,20.0,2025-12-03,,,,Digital Intelligence,,,2025,32.08729285,34.86950372
2397,Modern Hydrogen,Seattle,Cascadia,Washington,USA,North America,,2025-12-03,,,,Energy,,,2025,47.6038321,-122.330062
2398,Mobileye,Jerusalem,other,non,Israel,Asia,200.0,2025-12-08,4.0,5000.0,4800.0,Autonomous-driving vehicles,,,2025,31.78847185,35.21879441
2399,Payoneer,New York City,other,New York,USA,North America,60.0,2025-12-08,6.0,1000.0,940.0,Finance,,,2025,40.7127281,-74.0060152
2400,Glowmade,Guildford,other,England,UK,Europe,,2025-12-09,,,,Computer Games,,,2025,51.23546777,-0.568472361
2401,Intel,Santa Clara,San Francisco Bay Area,California,USA,North America,,2025-12-09,,,,Semiconductor Manufacturing,,,2025,37.354107,-121.955238
2402,Tenstorrent,Toronto,other,Ontario,Canada,North America,75.0,2025-12-09,7.5,1000.0,925.0,AI chip startup,,,2025,43.6534817,-79.3839347
2403,Lusha,Boston,other,Massachusetts,USA,North America,24.0,2025-12-10,8.0,300.0,276.0,Software Development,,,2025,42.3554334,-71.060511
2404,Teads,New York City,other,New York,USA,North America,180.0,2025-12-10,10.0,1800.0,1620.0,Advertising Services,,,2025,40.7127281,-74.0060152
2405,SE Ranking,Wilmington,other,Delaware,USA,North America,36.0,2025-12-10,15.0,240.0,204.0,SEO Software,,,2025,39.7459468,-75.546589
2406,Believer Meats,Rehovot,other,non,Israel,Asia,,2025-12-11,100.0,,0.0,Meat Technologies,,,2025,31.89164141,34.8102965
2407,PowerSchool,Folsom,other,California,USA,North America,,2025-12-12,,,,E-Learning,,,2025,38.66714631,-121.1594617
2408,Amazon,Seattle,Cascadia,Washington,USA,North America,84.0,2025-12-15,,,,E-commerce,,,2025,47.6038321,-122.330062
2409,The Trade Desk,Ventura,other,California,USA,North America,,2025-12-17,1.0,,,Technology. Information and Internet,,,2025,34.28114428,-119.2140613
2410,Amazon,Luxembourg,other,non,Luxembourg,Europe,370.0,2025-12-19,,,,E-commerce,,,2025,49.60956709,6.13357494
2411,Yellow.ai,San Mateo,San Francisco Bay Area,California,USA,North America,100.0,2025-12-23,,,,Conversational chatbot tools,,,2025,37.496904,-122.3330573
2412,Sapiens,Holon,other,,Israel,Asia,700.0,2025-12-28,15.0,4667.0,3967.0,Insurance Software Solutions,,,2025,32.01832293,34.77142384
2413,Ubisoft,France,other,non,France,Europe,,2026-01-07,,,,Computer Games,Unknown,,2026,50.1024606,2.7247515
2414,Cloudhead Games,Qualicum Beach,other,British Columbia,Canada,North America,,2026-01-07,70.0,,,Computer games,Unknown,,2026,49.3479861,-124.4439409
2415,TailwindCSS,Oklahoma City,other,Oklahoma,USA,North America,3.0,2026-01-08,75.0,4.0,1.0,Software Development,Unknown,,2026,35.4729886,-97.5170536
2416,Hailo,Tel Aviv-Yafo,other,non,Israel,Asia,30.0,2026-01-08,10.0,300.0,270.0,Semiconductor Manufacturing,Unknown,,2026,32.0852997,34.7818064
2417,OKX,San Jose,San Francisco Bay Area,California,USA,North America,10.0,2026-01-09,,,,Crypto Exchange,Unknown,,2026,37.3361663,-121.890591
2418,FormFactor,San Francisco,San Francisco Bay Area,California,USA,North America,200.0,2026-01-09,,,,Semiconductor test and measurement,Unknown,,2026,37.7879363,-122.4075201
2419,Amazon,,other,non,USA,Unknown,2500.0,2026-01-11,,,,Retail,Unknown,,2026,38.8939168,-77.0426534
2420,Meta,Menlo Park,San Francisco Bay Area,California,USA,North America,,2026-01-12,10.0,,,Software Development,Unknown,,2026,37.4519671,-122.177992
2421,Sapiens,Holon,other,non,Israel,Asia,,2026-01-12,10.0,,,Software,Unknown,,2026,32.0193121,34.7804076
2422,StoreDot,Herzliya,other,non,Israel,Asia,,2026-01-13,,,,Fast-charging battery developer,Unknown,,2026,32.1676842,34.8308279
2423,eToro,London,other,England,UK,Europe,105.0,2026-01-13,,,,Financial Services,Unknown,,2026,51.5074456,-0.1277653
2424,Playtika,Herzliya,other,non,Israel,Asia,500.0,2026-01-14,15.0,3333.0,2833.0,Computer Games,Unknown,,2026,32.1676842,34.8308279
2425,Ericsson,Sweden,other,non,Sweden,Europe,1600.0,2026-01-15,,,,Telecommunications,Unknown,,2026,59.3382751,18.0718928
2426,Polygon Labs,New York,other,New York,USA,North America,,2026-01-15,30.0,,,Blockchain,Unknown,,2026,40.7127281,-74.0060152
2427,Tipalti,Foster City,San Francisco Bay Area,non,USA,North America,100.0,2026-01-15,,,,Fintech,Unknown,,2026,37.5600336,-122.2688522
2428,Polygon Labs,New York,other,New York,USA,North America,60.0,2026-01-16,30.0,200.0,140.0,Crypto,Unknown,,2026,40.7127281,-74.0060152
2429,Code.org,Seattle,Cascadia,Washington,USA,North America,18.0,2026-01-21,,,,Primary and Secondary Education,Unknown,,2026,47.6038321,-122.330062
2430,Autodesk,San Francisco,San Francisco Bay Area,California,USA,North America,1000.0,2026-01-22,,,,Software Development,Unknown,,2026,37.7879363,-122.4075201
2431,Starbreeze,Stockholm,other,non,Sweden,Europe,,2026-01-23,,,,Computer Games,Unknown,,2026,59.3251172,18.0710935
2432,Vimeo,New York,other,New York,USA,North America,,2026-01-23,,,,Video Hosting Platform,Unknown,,2026,40.7127281,-74.0060152
2433,Nifty Gateway,New York,other,New York,USA,North America,,2026-01-24,100.0,,,Entertainment Providers,Unknown,,2026,40.7127281,-74.0060152
2434,Entropy,San Francisco,San Francisco Bay Area,California,USA,North America,,2026-01-25,100.0,,,Crypto,Unknown,,2026,37.7879363,-122.4075201
2435,Moon Active,Tel Aviv-Yafo,other,non,Israel,Asia,110.0,2026-01-27,5.0,2200.0,2090.0,Computer Games,Unknown,,2026,32.0852997,34.7818064
2436,Pinterest,San Francisco,San Francisco Bay Area,California,USA,North America,,2026-01-27,15.0,,,Social Networking Software,Unknown,,2026,37.7879363,-122.4075201
2437,NetEase,Hangzhou,other,non,China,Asia,,2026-01-28,,,,Online gaming,Unknown,,2026,30.2489634,120.2052342
2438,ASML,Veldhoven,other,non,Netherlands,Europe,1700.0,2026-01-29,,,,Semiconductor Manufacturing,Unknown,,2026,51.4190691,5.4045572
2439,Zillow,Seattle,Cascadia,Washington,USA,North America,200.0,2026-01-30,,,,Multiple Listing Service (MLS) Software,Unknown,,2026,47.6038321,-122.330062
2440,Zupee,Gurugram,other,Haryana,India,Asia,200.0,2026-01-30,40.0,500.0,300.0,Entertainment Providers,Unknown,,2026,28.4646148,77.0299194
2441,Amazon,Seattle,Cascadia,Washington,USA,North America,16000.0,2026-01-30,,,,Software Development,Unknown,,2026,47.6038321,-122.330062
2442,Ola Electric,Bengaluru,other,Karnataka,India,Asia,620.0,2026-01-31,5.0,12400.0,11780.0,Motor Vehicle Manufacturing,Unknown,,2026,12.9767936,77.590082
2443,Pinterest,San Francisco,San Francisco Bay Area,California,USA,North America,2.0,2026-02-04,,,,Social Networking Software,Unknown,,2026,37.7879363,-122.4075201
2444,Smartsheet,Bellevue,Cascadia,Washington,USA,North America,,2026-02-04,,,,Intelligent Work Management platform,Unknown,,2026,47.6144219,-122.192337
2445,Remitly,Israel,other,non,Israel,Asia,110.0,2026-02-04,,,,Financial Services,Unknown,,2026,-16.1606791,-67.1497938
2446,Scope3,New York,other,New York,USA,North America,,2026-02-05,,,,Adtech startup,Unknown,,2026,40.7127281,-74.0060152
2447,Angi,Denver,other,Colorado,USA,North America,350.0,2026-02-05,,,,Collection of marketplaces for home services,Unknown,,2026,39.7392364,-104.984862
2448,Western Digital,San Jose,San Francisco Bay Area,California,USA,North America,47.0,2026-02-05,,,,Computer Hardware Manufacturing,Unknown,,2026,37.3361663,-121.890591
2449,Myntra,Bengaluru,other,Karnataka,India,Asia,,2026-02-05,,,,E-commerce,Unknown,,2026,12.9767936,77.590082
2450,Gemini,New York,other,New York,USA,North America,200.0,2026-02-05,,,,Financial Services,Unknown,,2026,40.7127281,-74.0060152
2451,The Washington Post,Washington,other,District of Columbia,USA,North America,300.0,2026-02-05,,,,Newspaper Publishing,Unknown,,2026,38.8950982,-77.0363849
2452,Workday,Pleasanton,San Francisco Bay Area,non,USA,North America,400.0,2026-02-05,,,,Enterprise Cloud Platforms,Unknown,,2026,37.6624312,-121.8746789
2453,Ocado,Hatfield,other,non,UK,Europe,1000.0,2026-02-08,,,,Retail,Unknown,,2026,51.7634675,-0.2258741
2454,Block,Oakland,San Francisco Bay Area,California,USA,North America,,2026-02-08,10.0,,,Financial Services,Unknown,,2026,37.8044557,-122.271356
2455,ams OSRAM,Australia,other,non,Australia,Oceana,2000.0,2026-02-10,,,,Semiconductor Manufacturing,Unknown,,2026,-35.2965236,149.1295736
2456,Power Integrations,San Jose,San Francisco Bay Area,California,USA,North America,,2026-02-10,7.0,,,Semiconductor Manufacturing,Unknown,,2026,37.3361663,-121.890591
2457,Cycurion,McLean,other,non,USA,North America,,2026-02-11,,,,Computer and Network Security,Unknown,,2026,40.4631789,-88.8196613
2458,Fi,Bengaluru,other,Karnataka,India,Asia,,2026-02-11,,,,Fintech,Unknown,,2026,12.9767936,77.590082
2459,Salesforce,San Francisco,San Francisco Bay Area,California,USA,North America,1000.0,2026-02-11,,,,Software Development,Unknown,,2026,37.7879363,-122.4075201
2460,Glossier,New York,other,New York,USA,North America,50.0,2026-02-11,,,,Retail,Unknown,,2026,40.7127281,-74.0060152
2461,Telstra,Sydney,other,New South Wales,Australia,Oceana,650.0,2026-02-11,,,,Telecommunications,Unknown,,2026,-33.8698439,151.2082848
2462,Clari,Sunnyvale,San Francisco Bay Area,California,USA,North America,76.0,2026-02-12,,,,Revenue operations,Unknown,,2026,37.3688301,-122.036349
2463,Netflix,Los Gatos,other,California,USA,North America,50.0,2026-02-12,,,,Entertainment Providers,Unknown,,2026,37.226611,-121.9746797
2464,Hinterland,Vancouver,Cascadia,British Columbia,Canada,North America,10.0,2026-02-12,,,,Computer Games,Unknown,,2026,49.2608724,-123.113952
2465,xAI,San Francisco,San Francisco Bay Area,California,USA,North America,,2026-02-12,,,,Artificial intelligence research,Unknown,,2026,37.7879363,-122.4075201
2466,Startup Nation Central,Tel Aviv-Yafo,other,non,Israel,Asia,65.0,2026-02-13,81.0,80.0,15.0,Non-profit Organizations,Unknown,,2026,32.0852997,34.7818064
2467,Axonius,New York,other,New York,USA,North America,40.0,2026-02-15,4.0,1000.0,960.0,Cybersecurity,Unknown,,2026,40.7127281,-74.0060152
2468,Huawei,Tel Aviv-Yafo,other,non,Israel,Asia,50.0,2026-02-15,12.0,417.0,367.0,Consumer electronics and telecom equipment,Unknown,,2026,32.0852997,34.7818064
2469,Cyberark,Newton,other,non,USA,North America,500.0,2026-02-17,,,,Security,Unknown,,2026,30.8118989,-93.740504
2470,HCLTech,Noida,other,Uttar Pradesh,India,Asia,100.0,2026-02-19,,,,IT consulting,Unknown,,2026,28.5706333,77.3272147
2471,Ubisoft,Toronto,other,Ontario,Canada,North America,40.0,2026-02-19,,,,Computer Games,Unknown,,2026,43.6534817,-79.3839347
2472,Sony,Tokyo,other,non,Japan,Asia,70.0,2026-02-19,,,,Entertainment Providers,Unknown,,2026,35.6768601,139.7638947
2473,FanDuel,New York,other,New York,USA,North America,74.0,2026-02-20,,,,Entertainment Providers,Unknown,,2026,40.7127281,-74.0060152
2474,Firebolt,Palo Alto,San Francisco Bay Area,California,USA,North America,,2026-02-20,,,,Analytical Database,Unknown,,2026,37.4443293,-122.1598465
2475,AOL,New York,other,New York,USA,North America,100.0,2026-02-20,,,,Software Development,Unknown,,2026,40.7127281,-74.0060152
2476,Lucid Motors,Newark,San Francisco Bay Area,California,USA,North America,,2026-02-20,12.0,,,Lucid Motors,Unknown,,2026,40.735657,-74.1723667
2477,Livspace,Bengaluru,other,Karnataka,India,Asia,1000.0,2026-02-20,12.0,8333.0,7333.0,Consumer,Unknown,,2026,12.9767936,77.590082
2478,Tencent,Shenzhen,other,non,China,Asia,,2026-02-22,,,,Software Development,Unknown,,2026,22.5445741,114.0545429
2479,C3.ai,Redwood City,San Francisco Bay Area,California,USA,North America,71.0,2026-02-24,,,,Enterprise AI,Unknown,,2026,37.4863239,-122.232523
2480,TrueCar,Santa Monica,other,California,USA,North America,,2026-02-24,30.0,,,Car marketplace,Unknown,,2026,34.0194704,-118.491227
2481,WiseTech Global,Sydney,other,New South Wales,Australia,Oceana,2000.0,2026-02-25,30.0,6667.0,4667.0,Logistics software,Unknown,,2026,-33.8698439,151.2082848
2482,Block,Oakland,San Francisco Bay Area,California,USA,North America,4000.0,2026-02-27,,,,Financial Services,Unknown,,2026,37.8044557,-122.271356
2483,MicroVision,Redmond,Cascadia,non,USA,North America,49.0,2026-03-02,,,,Computers and Electronics Manufacturing,Unknown,,2026,47.6694141,-122.1238767
2484,Verint Systems,New York,other,New York,USA,North America,,2026-03-02,,,,Security,Unknown,,2026,40.7127281,-74.0060152
2485,Underdog,Brooklyn,other,New York,USA,North America,125.0,2026-03-02,20.0,625.0,500.0,Spectator Sports,Unknown,,2026,40.6526006,-73.9497211
2486,Amazon,Seattle,Cascadia,Washington,USA,North America,,2026-03-04,,,,E-commerce,Unknown,,2026,47.6038321,-122.330062
2487,At-Bay,Tel Aviv-Yafo,other,non,Israel,Asia,25.0,2026-03-04,,,,Insurance for cybersecurity threats,Unknown,,2026,32.0852997,34.7818064
2488,Envato,Melbourne,other,Victoria,Australia,Oceana,200.0,2026-03-04,30.0,667.0,467.0,Creative Marketplace,Unknown,,2026,-37.8142454,144.9631732
2489,Halfbrick,Brisbane,other,Queensland,Australia,Oceana,41.0,2026-03-04,,,,Computer Games,Unknown,,2026,-27.4689623,153.0235009
2490,SSense,Montreal,other,Quebec,Canada,North America,215.0,2026-03-05,,,,Retail,Unknown,,2026,45.5031824,-73.5698065
2491,nDreams,Farnborough,other,non,UK,Europe,,2026-03-05,,,,Computer Games,Unknown,,2026,51.2918693,-0.7539836
2492,Compass,New York,other,New York,USA,North America,110.0,2026-03-06,,,,Real Estate Technology,Unknown,,2026,40.7127281,-74.0060152
2493,Flipkart,Bengaluru,other,Karnataka,India,Asia,500.0,2026-03-06,,,,Retail,Unknown,,2026,12.9767936,77.590082
2494,InvestCloud,West Hollywood,other,California,USA,North America,150.0,2026-03-10,,,,Financial Services,Unknown,,2026,34.0923014,-118.3692894
2495,Optimism Foundation,New York,other,New York,USA,North America,,2026-03-12,20.0,,,Ethereum scalability,Unknown,,2026,40.7127281,-74.0060152
2496,Dream11,Mumbai,other,Maharashtra,India,Asia,100.0,2026-03-12,,,,Fantasy sports,Unknown,,2026,19.054999,72.8692035
2497,Atlassian,Sydney,other,New South Wales,Australia,Oceana,1600.0,2026-03-12,10.0,16000.0,14400.0,Software Development,Unknown,,2026,-33.8698439,151.2082848
2498,Loopio,Toronto,other,Ontario,Canada,North America,,2026-03-13,12.0,,,Software Development,Unknown,,2026,43.6534817,-79.3839347
2499,Digg,New York,other,New York,USA,North America,,2026-03-13,,,,Consumer,Unknown,,2026,40.7127281,-74.0060152
2500,Stone,Sao Paulo,other,non,Brazil,South America,400.0,2026-03-13,3.0,13333.0,12933.0,Finance,Unknown,,2026,-23.5506507,-46.6333824
2501,WB Games Montreal,Montreal,other,Quebec,Canada,North America,,2026-03-16,,,,Entertainment,Unknown,,2026,45.5031824,-73.5698065
2502,Messari,New York,other,New York,USA,North America,,2026-03-16,,,,Crypto Market Intelligence,Unknown,,2026,40.7127281,-74.0060152
2503,Dell,Round Rock,other,non,USA,North America,,2026-03-17,,,,Computer Hardware Manufacturing,Unknown,,2026,30.5085915,-97.6788056
2504,Algorand Foundation,New York,other,New York,USA,North America,,2026-03-19,25.0,,,Cryptocurrency,Unknown,,2026,40.7127281,-74.0060152
2505,Ubisoft,Paris,other,non,France,Europe,105.0,2026-03-19,,,,Computer Games,Unknown,,2026,48.8588897,2.320041
2506,Crypto.com,Singapore,other,non,Singapore,Asia,,2026-03-20,12.0,,,Financial Services,Unknown,,2026,1.2899175,103.8519072
2507,Snowflake,Bozeman,other,Montana,USA,North America,70.0,2026-03-20,,,,Cloud data warehouse,Unknown,,2026,45.6794293,-111.044047
2508,Gemini,New York,other,New York,USA,North America,,2026-03-20,25.0,,,Financial Services,Unknown,,2026,40.7127281,-74.0060152
2509,Spotify,Stockholm,other,non,Sweden,Europe,15.0,2026-03-23,,,,Music streaming service,Unknown,,2026,59.3251172,18.0710935
2510,Synopsys,Sunnyvale,San Francisco Bay Area,California,USA,North America,55.0,2026-03-24,,,,Software Development,Unknown,,2026,37.3688301,-122.036349
2511,Epic Games,Cary,other,North Carolina,USA,North America,1000.0,2026-03-24,,,,Computer Games,Unknown,,2026,35.7882893,-78.7812081
2512,OpenText,Waterloo,other,Ontario,Canada,North America,,2026-03-24,,,,Data,Unknown,,2026,43.4652699,-80.5222961
2513,Lean In,Palo Alto,San Francisco Bay Area,California,USA,North America,,2026-03-26,25.0,,,Non-profit Organizations,Unknown,,2026,37.4443293,-122.1598465
2514,Meta,Menlo Park,San Francisco Bay Area,California,USA,North America,700.0,2026-03-26,,,,Software Development,Unknown,,2026,37.4519671,-122.177992
2515,X,Bastrop,other,Texas,USA,North America,20.0,2026-03-27,,,,Software Development,Unknown,,2026,30.0541116,-97.3887764
2516,Fiserv,Milwaukee,other,Wisconsin,USA,North America,118.0,2026-03-27,,,,IT Services and IT Consulting,Unknown,,2026,43.0386475,-87.9090751
2517,T- Mobile,Bellevue,Cascadia,Washington,USA,North America,,2026-03-27,,,,Telecommunications,Unknown,,2026,47.6144219,-122.192337
2518,Kuda,London,other,England,UK,Europe,,2026-03-30,,,,Financial Services,Unknown,,2026,51.5074456,-0.1277653
2519,Rec Room,Seattle,Cascadia,Washington,USA,North America,,2026-03-30,100.0,,,Gaming,Unknown,,2026,47.6038321,-122.330062
2520,CoverMyMeds (part of McKesson Corporation),Columbus,other,Ohio,USA,North America,,2026-03-30,,,,Medication Access Company,Unknown,,2026,39.9622601,-83.0007065
2521,Nokia,Espoo,other,non,Finland,Europe,14000.0,2026-03-31,,,,Telecommunications,Unknown,,2026,60.2049651,24.6559808
2522,Eidos-Montréal,Montreal,other,Quebec,Canada,North America,124.0,2026-03-31,,,,Computer Games,Unknown,,2026,45.5031824,-73.5698065
2523,Yupp,San Francisco,San Francisco Bay Area,California,USA,North America,,2026-03-31,100.0,,,"Technology, Information and Internet",Unknown,,2026,37.7879363,-122.4075201
2524,Polyarc,Seattle,Cascadia,Washington,USA,North America,30.0,2026-04-01,,,,Video Games,Unknown,,2026,47.6038321,-122.330062
2525,Monzo,London,other,England,UK,Europe,50.0,2026-04-01,,,,Banking,Unknown,,2026,51.5074456,-0.1277653
2526,Oracle,Austin,other,Texas,USA,North America,30000.0,2026-04-01,,,,IT Services and IT Consulting,Unknown,,2026,30.2711286,-97.7436995
2527,Kintsugi,Berkeley,San Francisco Bay Area,non,USA,North America,,2026-04-02,100.0,,,Mental Health Care startup,Unknown,,2026,37.8708393,-122.272863
2528,GDIT,Falls Church,other,non,USA,North America,95.0,2026-04-02,,,,IT Services and IT Consulting,Unknown,,2026,38.882334,-77.1710914
2529,Meta,San Francisco,San Francisco Bay Area,California,USA,North America,200.0,2026-04-02,,,,Software Development,Unknown,,2026,37.7879363,-122.4075201
2530,Vimeo,New York,other,New York,USA,North America,130.0,2026-04-02,,,,Video Hosting Platform,Unknown,,2026,40.7127281,-74.0060152
2531,NeuroPixel.AI,Bengaluru,other,Karnataka,India,Asia,,2026-04-03,100.0,,,AI startup,Unknown,,2026,12.9767936,77.590082
2532,Bolt,San Francisco,San Francisco Bay Area,California,USA,North America,,2026-04-05,33.0,,,Finance,Unknown,,2026,37.7879363,-122.4075201
2533,Take-Two Interactive,New York,other,New York,USA,North America,,2026-04-05,,,,Gaming,Unknown,,2026,40.7127281,-74.0060152
2534,GoPro,San Mateo,San Francisco Bay Area,non,USA,North America,145.0,2026-04-07,23.0,630.0,485.0,Action cameras,Unknown,,2026,37.496904,-122.3330573
2535,Pendo,Raleigh,other,non,USA,North America,90.0,2026-04-07,10.0,900.0,810.0,Product Analytics Software,Unknown,,2026,35.7803977,-78.6390989
2536,HCLTech,Noida,other,Uttar Pradesh,India,Asia,120.0,2026-04-08,,,,IT Services and IT Consulting,Unknown,,2026,28.5706333,77.3272147
2537,Life360,San Mateo,San Francisco Bay Area,non,USA,North America,,2026-04-10,,,,Individual and Family Services,Unknown,,2026,37.496904,-122.3330573
2538,Qualcomm,San Diego,other,non,USA,North America,66.0,2026-04-10,,,,Semiconductor Manufacturing,Unknown,,2026,32.7174202,-117.162772
2539,StarkWare,Netanya,other,non,Israel,Asia,,2026-04-13,,,,Software Development,Unknown,,2026,32.3286181,34.8566246
2540,The Walt Disney Company,Burbank,other,non,USA,North America,1000.0,2026-04-14,,,,Entertainment Providers,Unknown,,2026,34.1812089,-118.307201
2541,Eventbrite,San Francisco,San Francisco Bay Area,California,USA,North America,,2026-04-14,,,,The ticket marketplace,Unknown,,2026,37.7879363,-122.4075201
2542,Nayax,Herzliya,other,non,Israel,Asia,32.0,2026-04-15,3.0,1067.0,1035.0,Financial Services,Unknown,,2026,32.1676842,34.8308279
2543,Snap,Santa Monica,other,California,USA,North America,1000.0,2026-04-15,,,,Software Development,Unknown,,2026,34.0194704,-118.491227
2544,PayRay bank,Vilnius,other,non,Lithuania,Europe,,2026-04-15,40.0,,,Banking,Unknown,,2026,54.6870458,25.2829111
2545,Taboola,New York,other,New York,USA,North America,100.0,2026-04-15,5.0,2000.0,1900.0,Advertising Technology,Unknown,,2026,40.7127281,-74.0060152
2546,Productboard,San Francisco,San Francisco Bay Area,California,USA,North America,,2026-04-15,30.0,,,Product,Unknown,,2026,37.7879363,-122.4075201
2547,Shutterfly,San Jose,San Francisco Bay Area,California,USA,North America,80.0,2026-04-16,,,,Photo Printing,Unknown,,2026,37.3361663,-121.890591
2548,Vianai Systems,Palo Alto,San Francisco Bay Area,California,USA,North America,,2026-04-16,90.0,,,Enterprise artificial intelligence,Unknown,,2026,37.4443293,-122.1598465
2549,Artsy,New York,other,New York,USA,North America,,2026-04-17,,,,Online art marketplace.,Unknown,,2026,40.7127281,-74.0060152
2550,GeoComply,Vancouver,Cascadia,British Columbia,Canada,North America,80.0,2026-04-17,15.0,533.0,453.0,Software Development,Unknown,,2026,49.2608724,-123.113952
2551,Sama,Kenya,other,non,Kenya,Africa,1100.0,2026-04-17,,,,Data annotation for artificial intelligence,Unknown,,2026,-0.4172695,36.1437369
2552,Iron Galaxy Studios,Chicago,other,Illinois,USA,North America,,2026-04-17,,,,Computer Games,Unknown,,2026,41.8755616,-87.6244212
2553,Acko,Bengaluru,other,Karnataka,India,Asia,60.0,2026-04-20,5.0,1200.0,1140.0,Insurance,Unknown,,2026,12.9767936,77.590082
2554,Amazon,Seattle,Cascadia,Washington,USA,North America,600.0,2026-04-20,,,,E-commerce,Unknown,,2026,47.6038321,-122.330062
2555,Meta,Menlo Park,San Francisco Bay Area,California,USA,North America,8000.0,2026-04-20,,,,Software Development,Unknown,,2026,37.4519671,-122.177992
2556,Sight,Tel Aviv-Yafo,other,non,Israel,Asia,20.0,2026-04-21,100.0,20.0,0.0,Biotechnology Research,Unknown,,2026,32.0852997,34.7818064
2557,Qualtrics,Seattle,Cascadia,Washington,USA,North America,5.0,2026-04-24,,,,Software Development,Unknown,,2026,47.6038321,-122.330062
2558,Pentera,Burlington,other,Massachusetts,USA,North America,40.0,2026-04-27,10.0,400.0,360.0,Security Validation,Unknown,,2026,44.4761601,-73.212906
2559,IAC,New York,other,New York,USA,North America,77.0,2026-04-28,,,,Software Development,Unknown,,2026,40.7127281,-74.0060152
2560,Shopify,Ottawa,other,non,Canada,North America,30.0,2026-05-04,,,,E-commerce,Unknown,,2026,45.4208777,-75.6901106
2561,Arctic Wolf,Eden Prairie,other,non,USA,North America,250.0,2026-05-06,10.0,2500.0,2250.0,Computer and Network Security,Unknown,,2026,44.8546856,-93.470786
2562,Freshworks,San Mateo,San Francisco Bay Area,non,USA,North America,500.0,2026-05-06,11.0,4545.0,4045.0,Software Development,Unknown,,2026,37.496904,-122.3330573
2563,Pocket FM,Bengaluru,other,Karnataka,India,Asia,120.0,2026-05-06,10.0,1200.0,1080.0,Entertainment Providers,Unknown,,2026,12.9767936,77.590082
2564,LSports,Tel Aviv-Yafo,other,non,Israel,Asia,40.0,2026-05-06,20.0,200.0,160.0,Real Time Sports Data,Unknown,,2026,32.0852997,34.7818064
2565,Upwork,San Francisco,San Francisco Bay Area,California,USA,North America,,2026-05-07,24.0,,,Software Development,Unknown,,2026,37.7879363,-122.4075201
2566,Ticketmaster,Beverly Hills,other,non,USA,North America,350.0,2026-05-07,8.0,4375.0,4025.0,Entertainment Providers,Unknown,,2026,34.0696501,-118.3963062
2567,DeepL,Cologne,other,non,Germany,Europe,250.0,2026-05-07,25.0,1000.0,750.0,Software Development,Unknown,,2026,50.938361,6.959974
2568,Cloudflare,San Francisco,San Francisco Bay Area,California,USA,North America,1100.0,2026-05-08,20.0,5500.0,4400.0,Computer and Network Security,Unknown,,2026,37.7879363,-122.4075201
2569,Bill,San Jose,San Francisco Bay Area,California,USA,North America,,2026-05-08,30.0,,,Financial Automation Software,Unknown,,2026,37.3361663,-121.890591
2570,Truecaller,Stockholm,other,non,Sweden,Europe,70.0,2026-05-08,,,,Software Development,Unknown,,2026,59.3251172,18.0710935
2571,xAI,Palo Alto,San Francisco Bay Area,California,USA,North America,10.0,2026-05-09,,,,"Technology, Information and Internet",Unknown,,2026,37.4443293,-122.1598465
2572,Parker,New York,other,New York,USA,North America,,2026-05-09,100.0,,,Fintech,Unknown,,2026,40.7127281,-74.0060152
2573,Adda247,Gurugram,other,Haryana,India,Asia,200.0,2026-05-10,20.0,1000.0,800.0,E-Learning Providers,Unknown,,2026,28.4646148,77.0299194
2574,ZoomInfo,Vancouver,Cascadia,British Columbia,USA,North America,300.0,2026-05-11,,,,Software Development,Unknown,,2026,45.6306954,-122.6744557
2575,Walmart,Bentonville,other,non,USA,North America,1000.0,2026-05-12,,,,Technology,Unknown,,2026,36.3728608,-94.208787
2576,Night Street Games,Las Vegas,other,non,USA,North America,,2026-05-13,,,,Computer Games,Unknown,,2026,36.1674263,-115.1484131
2577,Guesty,Israel,other,non,Israel,Asia,20.0,2026-05-13,,,,Property management software,Unknown,,2026,-16.1606791,-67.1497938
2578,Playtika,Berlin,other,non,Germany,Europe,,2026-05-14,,,,Computer Games,Unknown,,2026,52.5173885,13.3951309
2579,Cisco,San Jose,San Francisco Bay Area,California,USA,North America,4000.0,2026-05-14,,,,Software Development,Unknown,,2026,37.3361663,-121.890591
2580,LinkedIn,Sunnyvale,San Francisco Bay Area,California,USA,North America,875.0,2026-05-14,5.0,17500.0,16625.0,Software Development,Unknown,,2026,37.3688301,-122.036349
2581,Innovaccer,San Francisco,San Francisco Bay Area,California,USA,North America,340.0,2026-05-15,,,,Healthcare,Unknown,,2026,37.7879363,-122.4075201
2582,Gambling.com,Dublin,other,non,Ireland,Europe,,2026-05-15,25.0,,,Gambling Facilities and Casinos,Unknown,,2026,53.3493795,-6.2605593
2583,Gameteq,Limassol,other,non,Cyprus,Europe,40.0,2026-05-15,,,,Computer Games,Unknown,,2026,34.6852901,33.0332657
2584,Kraken,Cheyenne,other,non,USA,North America,150.0,2026-05-15,5.0,3000.0,2850.0,Financial Services,Unknown,,2026,41.139981,-104.820246
2585,Dune Analytics,Oslo,other,non,Norway,Europe,,2026-05-15,25.0,,,Crypto data analytics,Unknown,,2026,59.9133301,10.7389701
2586,SQream,New York,other,New York,USA,North America,,2026-05-18,100.0,,,Software Development,Unknown,,2026,40.7127281,-74.0060152
2587,AI21 Labs,Tel Aviv-Yafo,other,non,Israel,Asia,,2026-05-18,60.0,,,Software Development,Unknown,,2026,32.0852997,34.7818064
2588,Intuit,Mountain View,San Francisco Bay Area,non,USA,North America,3000.0,2026-05-20,17.0,17647.0,14647.0,Enterprise software,Unknown,,2026,37.3893889,-122.0832101
2589,Meta,Menlo Park,San Francisco Bay Area,California,USA,North America,8000.0,2026-05-20,10.0,80000.0,72000.0,Software Development,Unknown,,2026,37.4519671,-122.177992
2590,Bankless,,other,non,USA,Unknown,,2026-05-21,,,,Media Production,Unknown,,2026,38.8939168,-77.0426534
2591,ClickUp,San Diego,other,non,USA,North America,,2026-05-21,22.0,,,AI Workspace,Unknown,,2026,32.7174202,-117.162772
2592,Quantic Dream,Paris,other,non,France,Europe,95.0,2026-05-21,,,,Computer Games,Unknown,,2026,48.8588897,2.320041
